================================================================================
🚀 STARTING SGLANG BENCHMARK SWEEP ON GKE CLIENT POOL
🎯 Target Endpoint: http://sglang-dsv4-flash-serving:30000/v1/chat/completions
🤖 Model: deepseek-ai/DeepSeek-V4-Flash-0731
👥 Concurrency Levels: [1, 4, 16, 32, 64, 128, 256, 512]
================================================================================

======================================================================
📌 RUNNING WORKLOAD: Pattern A: 1K Input / 8K Output (Reasoning & Generation Heavy)
   Input Tokens: 1024 | Max Output Tokens: 8192
======================================================================

▶️  [Concurrency   1] Running 2 requests...
  🔥 Running warmup request...
  ✅ Warmup done.
    [Req 001] Success | TTFT: 233.9 ms | Tokens: 1466 | Speed: 13.27 t/s | Latency: 110.72s
    [Req 002] Success | TTFT: 227.8 ms | Tokens: 1108 | Speed: 13.29 t/s | Latency: 83.59s
  ✨ Done C=  1 | Tok/s:   13.25 | Req/s:  0.01 | TTFT:  230.8ms | Stream: 13.28 t/s | Latency: 97.15s

▶️  [Concurrency   4] Running 8 requests...
    [Req 003] Success | TTFT: 428.7 ms | Tokens: 942 | Speed: 12.6 t/s | Latency: 75.21s
    [Req 002] Success | TTFT: 227.7 ms | Tokens: 1005 | Speed: 12.55 t/s | Latency: 80.31s
    [Req 001] Success | TTFT: 429.1 ms | Tokens: 1209 | Speed: 12.56 t/s | Latency: 96.70s
    [Req 004] Success | TTFT: 427.8 ms | Tokens: 1240 | Speed: 12.56 t/s | Latency: 99.19s
    [Req 006] Success | TTFT: 286.6 ms | Tokens: 1043 | Speed: 12.57 t/s | Latency: 83.28s
    [Req 005] Success | TTFT: 298.8 ms | Tokens: 1249 | Speed: 12.62 t/s | Latency: 99.26s
    [Req 007] Success | TTFT: 183.4 ms | Tokens: 1071 | Speed: 12.7 t/s | Latency: 84.48s
    [Req 008] Success | TTFT: 181.2 ms | Tokens: 1195 | Speed: 12.79 t/s | Latency: 93.64s
  ✨ Done C=  4 | Tok/s:   46.43 | Req/s:  0.04 | TTFT:  307.9ms | Stream: 12.62 t/s | Latency: 89.01s

▶️  [Concurrency  16] Running 32 requests...
    [Req 012] Success | TTFT: 789.3 ms | Tokens: 846 | Speed: 12.32 t/s | Latency: 69.48s
    [Req 010] Success | TTFT: 789.6 ms | Tokens: 893 | Speed: 12.22 t/s | Latency: 73.89s
    [Req 014] Success | TTFT: 788.5 ms | Tokens: 1040 | Speed: 12.13 t/s | Latency: 86.54s
    [Req 007] Success | TTFT: 422.9 ms | Tokens: 1103 | Speed: 12.01 t/s | Latency: 92.24s
    [Req 008] Success | TTFT: 422.7 ms | Tokens: 1111 | Speed: 11.94 t/s | Latency: 93.44s
    [Req 003] Success | TTFT: 424.8 ms | Tokens: 1121 | Speed: 11.88 t/s | Latency: 94.81s
    [Req 013] Success | TTFT: 788.1 ms | Tokens: 1127 | Speed: 11.85 t/s | Latency: 95.89s
    [Req 009] Success | TTFT: 419.0 ms | Tokens: 1132 | Speed: 11.74 t/s | Latency: 96.81s
    [Req 004] Success | TTFT: 424.7 ms | Tokens: 1168 | Speed: 11.72 t/s | Latency: 100.10s
    [Req 006] Success | TTFT: 424.2 ms | Tokens: 1192 | Speed: 11.03 t/s | Latency: 108.50s
    [Req 016] Success | TTFT: 793.7 ms | Tokens: 1223 | Speed: 11.08 t/s | Latency: 111.13s
    [Req 011] Success | TTFT: 789.7 ms | Tokens: 1247 | Speed: 11.1 t/s | Latency: 113.13s
    [Req 005] Success | TTFT: 799.3 ms | Tokens: 1256 | Speed: 11.11 t/s | Latency: 113.90s
    [Req 001] Success | TTFT: 424.5 ms | Tokens: 1281 | Speed: 11.06 t/s | Latency: 116.22s
    [Req 002] Success | TTFT: 113.3 ms | Tokens: 1286 | Speed: 11.04 t/s | Latency: 116.61s
    [Req 015] Success | TTFT: 786.7 ms | Tokens: 1309 | Speed: 11.08 t/s | Latency: 118.89s
    [Req 018] Success | TTFT: 537.5 ms | Tokens: 1085 | Speed: 10.89 t/s | Latency: 100.17s
    [Req 017] Success | TTFT: 544.4 ms | Tokens: 1206 | Speed: 10.95 t/s | Latency: 110.65s
    [Req 019] Success | TTFT: 535.7 ms | Tokens: 1127 | Speed: 11.0 t/s | Latency: 103.01s
    [Req 022] Success | TTFT: 574.8 ms | Tokens: 1105 | Speed: 11.16 t/s | Latency: 99.57s
    [Req 023] Success | TTFT: 572.8 ms | Tokens: 1136 | Speed: 11.25 t/s | Latency: 101.55s
    [Req 020] Success | TTFT: 532.1 ms | Tokens: 1183 | Speed: 11.11 t/s | Latency: 107.00s
    [Req 027] Success | TTFT: 143.6 ms | Tokens: 1100 | Speed: 12.09 t/s | Latency: 91.16s
    [Req 024] Success | TTFT: 276.6 ms | Tokens: 1249 | Speed: 11.37 t/s | Latency: 110.17s
    [Req 021] Success | TTFT: 575.2 ms | Tokens: 1287 | Speed: 11.25 t/s | Latency: 114.95s
    [Req 026] Success | TTFT: 188.3 ms | Tokens: 1216 | Speed: 12.1 t/s | Latency: 100.69s
    [Req 029] Success | TTFT: 272.7 ms | Tokens: 1207 | Speed: 12.14 t/s | Latency: 99.68s
    [Req 028] Success | TTFT: 184.5 ms | Tokens: 1227 | Speed: 12.13 t/s | Latency: 101.36s
    [Req 030] Success | TTFT: 186.0 ms | Tokens: 1224 | Speed: 12.18 t/s | Latency: 100.70s
    [Req 031] Success | TTFT: 318.5 ms | Tokens: 1229 | Speed: 12.2 t/s | Latency: 101.02s
    [Req 032] Success | TTFT: 304.3 ms | Tokens: 1236 | Speed: 12.27 t/s | Latency: 101.07s
    [Req 025] Success | TTFT: 6544.4 ms | Tokens: 1464 | Speed: 12.22 t/s | Latency: 126.32s
  ✨ Done C= 16 | Tok/s:  166.13 | Req/s:  0.14 | TTFT:  677.9ms | Stream: 11.61 t/s | Latency: 102.21s

▶️  [Concurrency  32] Running 64 requests...
    [Req 014] Success | TTFT: 741.3 ms | Tokens: 967 | Speed: 12.03 t/s | Latency: 81.13s
    [Req 022] Success | TTFT: 741.5 ms | Tokens: 967 | Speed: 12.03 t/s | Latency: 81.13s
    [Req 026] Success | TTFT: 738.7 ms | Tokens: 972 | Speed: 11.99 t/s | Latency: 81.84s
    [Req 001] Success | TTFT: 471.4 ms | Tokens: 982 | Speed: 11.94 t/s | Latency: 82.74s
    [Req 031] Success | TTFT: 737.9 ms | Tokens: 1016 | Speed: 11.95 t/s | Latency: 85.74s
    [Req 012] Success | TTFT: 743.8 ms | Tokens: 1034 | Speed: 11.95 t/s | Latency: 87.30s
    [Req 018] Success | TTFT: 741.0 ms | Tokens: 1041 | Speed: 11.94 t/s | Latency: 87.91s
    [Req 021] Success | TTFT: 741.6 ms | Tokens: 1087 | Speed: 11.93 t/s | Latency: 91.85s
    [Req 008] Success | TTFT: 468.9 ms | Tokens: 1097 | Speed: 11.9 t/s | Latency: 92.68s
    [Req 025] Success | TTFT: 735.5 ms | Tokens: 1119 | Speed: 11.92 t/s | Latency: 94.60s
    [Req 013] Success | TTFT: 744.8 ms | Tokens: 1127 | Speed: 11.92 t/s | Latency: 95.30s
    [Req 006] Success | TTFT: 469.4 ms | Tokens: 1154 | Speed: 11.88 t/s | Latency: 97.58s
    [Req 029] Success | TTFT: 738.0 ms | Tokens: 1157 | Speed: 11.91 t/s | Latency: 97.89s
    [Req 007] Success | TTFT: 468.7 ms | Tokens: 1166 | Speed: 11.88 t/s | Latency: 98.64s
    [Req 028] Success | TTFT: 736.2 ms | Tokens: 1181 | Speed: 11.89 t/s | Latency: 100.03s
    [Req 004] Success | TTFT: 469.0 ms | Tokens: 1182 | Speed: 11.87 t/s | Latency: 100.08s
    [Req 002] Success | TTFT: 253.4 ms | Tokens: 1190 | Speed: 11.84 t/s | Latency: 100.76s
    [Req 019] Success | TTFT: 741.4 ms | Tokens: 1200 | Speed: 11.88 t/s | Latency: 101.71s
    [Req 032] Success | TTFT: 735.4 ms | Tokens: 1205 | Speed: 11.88 t/s | Latency: 102.15s
    [Req 010] Success | TTFT: 462.5 ms | Tokens: 1208 | Speed: 11.84 t/s | Latency: 102.45s
    [Req 003] Success | TTFT: 470.2 ms | Tokens: 1211 | Speed: 11.84 t/s | Latency: 102.73s
    [Req 005] Success | TTFT: 469.0 ms | Tokens: 1218 | Speed: 11.84 t/s | Latency: 103.35s
    [Req 024] Success | TTFT: 738.9 ms | Tokens: 1229 | Speed: 11.86 t/s | Latency: 104.34s
    [Req 030] Success | TTFT: 734.2 ms | Tokens: 1261 | Speed: 11.86 t/s | Latency: 107.08s
    [Req 017] Success | TTFT: 459.3 ms | Tokens: 1264 | Speed: 11.82 t/s | Latency: 107.38s
    [Req 027] Success | TTFT: 736.0 ms | Tokens: 1269 | Speed: 11.84 t/s | Latency: 107.92s
    [Req 020] Success | TTFT: 739.4 ms | Tokens: 1434 | Speed: 11.83 t/s | Latency: 121.99s
    [Req 023] Success | TTFT: 737.5 ms | Tokens: 1465 | Speed: 11.82 t/s | Latency: 124.64s
    [Req 034] Success | TTFT: 278.7 ms | Tokens: 1001 | Speed: 11.62 t/s | Latency: 86.44s
    [Req 036] Success | TTFT: 210.1 ms | Tokens: 1028 | Speed: 11.66 t/s | Latency: 88.39s
    [Req 035] Success | TTFT: 208.4 ms | Tokens: 1052 | Speed: 11.65 t/s | Latency: 90.53s
    [Req 041] Success | TTFT: 145.9 ms | Tokens: 1026 | Speed: 11.67 t/s | Latency: 88.08s
    [Req 042] Success | TTFT: 144.7 ms | Tokens: 1026 | Speed: 11.67 t/s | Latency: 88.08s
    [Req 037] Success | TTFT: 145.6 ms | Tokens: 1129 | Speed: 11.66 t/s | Latency: 96.94s
    [Req 039] Success | TTFT: 145.4 ms | Tokens: 1119 | Speed: 11.67 t/s | Latency: 96.04s
    [Req 033] Success | TTFT: 280.5 ms | Tokens: 1232 | Speed: 11.64 t/s | Latency: 106.12s
    [Req 040] Success | TTFT: 146.3 ms | Tokens: 1118 | Speed: 11.67 t/s | Latency: 95.92s
    [Req 052] Success | TTFT: 147.6 ms | Tokens: 1034 | Speed: 11.72 t/s | Latency: 88.40s
    [Req 045] Success | TTFT: 145.6 ms | Tokens: 1092 | Speed: 11.69 t/s | Latency: 93.59s
    [Req 044] Success | TTFT: 148.0 ms | Tokens: 1138 | Speed: 11.69 t/s | Latency: 97.50s
    [Req 058] Success | TTFT: 145.2 ms | Tokens: 1041 | Speed: 11.75 t/s | Latency: 88.71s
    [Req 048] Success | TTFT: 161.2 ms | Tokens: 1171 | Speed: 11.71 t/s | Latency: 100.15s
    [Req 051] Success | TTFT: 205.5 ms | Tokens: 1173 | Speed: 11.73 t/s | Latency: 100.22s
    [Req 056] Success | TTFT: 204.1 ms | Tokens: 1143 | Speed: 11.75 t/s | Latency: 97.48s
    [Req 055] Success | TTFT: 147.4 ms | Tokens: 1233 | Speed: 11.75 t/s | Latency: 105.12s
    [Req 053] Success | TTFT: 188.8 ms | Tokens: 1258 | Speed: 11.74 t/s | Latency: 107.32s
    [Req 047] Success | TTFT: 147.2 ms | Tokens: 1382 | Speed: 11.74 t/s | Latency: 117.84s
    [Req 046] Success | TTFT: 207.1 ms | Tokens: 1455 | Speed: 11.75 t/s | Latency: 124.02s
    [Req 050] Success | TTFT: 149.1 ms | Tokens: 1436 | Speed: 11.76 t/s | Latency: 122.22s
    [Req 063] Success | TTFT: 190.4 ms | Tokens: 1113 | Speed: 12.0 t/s | Latency: 92.91s
    [Req 061] Success | TTFT: 190.2 ms | Tokens: 1213 | Speed: 12.0 t/s | Latency: 101.31s
    [Req 064] Success | TTFT: 149.0 ms | Tokens: 1102 | Speed: 12.04 t/s | Latency: 91.64s
    [Req 043] Success | TTFT: 145.7 ms | Tokens: 2166 | Speed: 11.87 t/s | Latency: 182.57s
    [Req 062] Success | TTFT: 147.0 ms | Tokens: 1336 | Speed: 12.03 t/s | Latency: 111.16s
    [Req 009] Success | TTFT: 745.0 ms | Tokens: 8192 | Speed: 12.17 t/s | Latency: 673.65s
    [Req 015] Success | TTFT: 744.6 ms | Tokens: 8192 | Speed: 12.17 t/s | Latency: 673.65s
    [Req 016] Success | TTFT: 742.5 ms | Tokens: 8192 | Speed: 12.17 t/s | Latency: 673.66s
    [Req 011] Success | TTFT: 745.3 ms | Tokens: 8192 | Speed: 12.17 t/s | Latency: 673.66s
    [Req 038] Success | TTFT: 145.7 ms | Tokens: 8192 | Speed: 12.24 t/s | Latency: 669.19s
    [Req 049] Success | TTFT: 147.1 ms | Tokens: 8192 | Speed: 12.26 t/s | Latency: 668.09s
    [Req 054] Success | TTFT: 146.0 ms | Tokens: 8192 | Speed: 12.27 t/s | Latency: 667.77s
    [Req 057] Success | TTFT: 208.7 ms | Tokens: 8192 | Speed: 12.28 t/s | Latency: 667.39s
    [Req 059] Success | TTFT: 147.6 ms | Tokens: 8192 | Speed: 12.3 t/s | Latency: 666.30s
    [Req 060] Success | TTFT: 189.6 ms | Tokens: 8192 | Speed: 12.3 t/s | Latency: 666.01s
  ✨ Done C= 32 | Tok/s:  184.07 | Req/s:  0.08 | TTFT:  410.2ms | Stream: 11.89 t/s | Latency: 189.08s

▶️  [Concurrency  64] Running 128 requests...
    [Req 001] Success | TTFT: 539.8 ms | Tokens: 855 | Speed: 11.63 t/s | Latency: 74.06s
    [Req 009] Success | TTFT: 535.4 ms | Tokens: 865 | Speed: 10.67 t/s | Latency: 81.61s
    [Req 016] Success | TTFT: 917.6 ms | Tokens: 915 | Speed: 10.75 t/s | Latency: 86.06s
    [Req 021] Success | TTFT: 917.7 ms | Tokens: 946 | Speed: 10.79 t/s | Latency: 88.63s
    [Req 053] Success | TTFT: 907.5 ms | Tokens: 951 | Speed: 10.78 t/s | Latency: 89.13s
    [Req 015] Success | TTFT: 921.3 ms | Tokens: 982 | Speed: 10.81 t/s | Latency: 91.80s
    [Req 035] Success | TTFT: 915.4 ms | Tokens: 1017 | Speed: 10.83 t/s | Latency: 94.80s
    [Req 032] Success | TTFT: 914.6 ms | Tokens: 1030 | Speed: 10.84 t/s | Latency: 95.93s
    [Req 010] Success | TTFT: 538.4 ms | Tokens: 1036 | Speed: 10.8 t/s | Latency: 96.42s
    [Req 039] Success | TTFT: 911.8 ms | Tokens: 1037 | Speed: 10.17 t/s | Latency: 102.89s
    [Req 025] Success | TTFT: 911.7 ms | Tokens: 1041 | Speed: 10.17 t/s | Latency: 103.26s
    [Req 017] Success | TTFT: 921.3 ms | Tokens: 1053 | Speed: 10.18 t/s | Latency: 104.32s
    [Req 007] Success | TTFT: 538.3 ms | Tokens: 1078 | Speed: 10.17 t/s | Latency: 106.51s
    [Req 041] Success | TTFT: 903.5 ms | Tokens: 1094 | Speed: 10.22 t/s | Latency: 107.94s
    [Req 031] Success | TTFT: 911.4 ms | Tokens: 1101 | Speed: 10.23 t/s | Latency: 108.57s
    [Req 020] Success | TTFT: 922.2 ms | Tokens: 1105 | Speed: 10.23 t/s | Latency: 108.94s
    [Req 047] Success | TTFT: 908.1 ms | Tokens: 1117 | Speed: 10.24 t/s | Latency: 109.98s
    [Req 050] Success | TTFT: 902.1 ms | Tokens: 1118 | Speed: 10.24 t/s | Latency: 110.07s
    [Req 062] Success | TTFT: 906.8 ms | Tokens: 1121 | Speed: 10.24 t/s | Latency: 110.36s
    [Req 056] Success | TTFT: 901.0 ms | Tokens: 1123 | Speed: 10.24 t/s | Latency: 110.55s
    [Req 028] Success | TTFT: 918.9 ms | Tokens: 1141 | Speed: 10.25 t/s | Latency: 112.19s
    [Req 061] Success | TTFT: 901.7 ms | Tokens: 1144 | Speed: 10.26 t/s | Latency: 112.45s
    [Req 037] Success | TTFT: 910.1 ms | Tokens: 1155 | Speed: 10.26 t/s | Latency: 113.43s
    [Req 018] Success | TTFT: 530.4 ms | Tokens: 1172 | Speed: 10.25 t/s | Latency: 114.88s
    [Req 033] Success | TTFT: 906.9 ms | Tokens: 1172 | Speed: 10.28 t/s | Latency: 114.92s
    [Req 034] Success | TTFT: 908.1 ms | Tokens: 1177 | Speed: 10.28 t/s | Latency: 115.44s
    [Req 003] Success | TTFT: 928.0 ms | Tokens: 1177 | Speed: 10.28 t/s | Latency: 115.46s
    [Req 055] Success | TTFT: 904.8 ms | Tokens: 1178 | Speed: 10.28 t/s | Latency: 115.52s
    [Req 019] Success | TTFT: 914.8 ms | Tokens: 1179 | Speed: 10.28 t/s | Latency: 115.65s
    [Req 002] Success | TTFT: 248.0 ms | Tokens: 1184 | Speed: 10.23 t/s | Latency: 116.04s
    [Req 051] Success | TTFT: 909.5 ms | Tokens: 1185 | Speed: 10.28 t/s | Latency: 116.21s
    [Req 011] Success | TTFT: 927.7 ms | Tokens: 1188 | Speed: 10.27 t/s | Latency: 116.56s
    [Req 036] Success | TTFT: 913.4 ms | Tokens: 1197 | Speed: 10.28 t/s | Latency: 117.36s
    [Req 054] Success | TTFT: 910.2 ms | Tokens: 1198 | Speed: 10.28 t/s | Latency: 117.44s
    [Req 046] Success | TTFT: 913.1 ms | Tokens: 1212 | Speed: 10.29 t/s | Latency: 118.71s
    [Req 048] Success | TTFT: 904.8 ms | Tokens: 1215 | Speed: 10.29 t/s | Latency: 118.99s
    [Req 060] Success | TTFT: 904.7 ms | Tokens: 1221 | Speed: 10.29 t/s | Latency: 119.52s
    [Req 013] Success | TTFT: 921.8 ms | Tokens: 1226 | Speed: 10.3 t/s | Latency: 120.00s
    [Req 029] Success | TTFT: 914.0 ms | Tokens: 1239 | Speed: 10.3 t/s | Latency: 121.15s
    [Req 043] Success | TTFT: 912.1 ms | Tokens: 1246 | Speed: 10.31 t/s | Latency: 121.78s
    [Req 038] Success | TTFT: 915.3 ms | Tokens: 1249 | Speed: 10.31 t/s | Latency: 122.11s
    [Req 044] Success | TTFT: 911.3 ms | Tokens: 1249 | Speed: 10.31 t/s | Latency: 122.11s
    [Req 004] Success | TTFT: 540.0 ms | Tokens: 1250 | Speed: 10.28 t/s | Latency: 122.17s
    [Req 027] Success | TTFT: 918.2 ms | Tokens: 1250 | Speed: 10.31 t/s | Latency: 122.21s
    [Req 042] Success | TTFT: 904.6 ms | Tokens: 1254 | Speed: 10.31 t/s | Latency: 122.59s
    [Req 063] Success | TTFT: 899.4 ms | Tokens: 1260 | Speed: 10.31 t/s | Latency: 123.12s
    [Req 052] Success | TTFT: 904.5 ms | Tokens: 1272 | Speed: 10.32 t/s | Latency: 124.18s
    [Req 058] Success | TTFT: 899.3 ms | Tokens: 1273 | Speed: 10.32 t/s | Latency: 124.27s
    [Req 057] Success | TTFT: 898.0 ms | Tokens: 1294 | Speed: 10.33 t/s | Latency: 126.12s
    [Req 064] Success | TTFT: 901.2 ms | Tokens: 1298 | Speed: 10.33 t/s | Latency: 126.54s
    [Req 049] Success | TTFT: 900.8 ms | Tokens: 1300 | Speed: 10.33 t/s | Latency: 126.74s
    [Req 026] Success | TTFT: 527.2 ms | Tokens: 1338 | Speed: 10.33 t/s | Latency: 130.01s
    [Req 040] Success | TTFT: 907.8 ms | Tokens: 1357 | Speed: 10.37 t/s | Latency: 131.71s
    [Req 030] Success | TTFT: 918.9 ms | Tokens: 1367 | Speed: 10.38 t/s | Latency: 132.60s
    [Req 059] Success | TTFT: 907.0 ms | Tokens: 1388 | Speed: 10.4 t/s | Latency: 134.42s
    [Req 045] Success | TTFT: 907.7 ms | Tokens: 1388 | Speed: 10.4 t/s | Latency: 134.42s
    [Req 005] Success | TTFT: 538.1 ms | Tokens: 1502 | Speed: 10.45 t/s | Latency: 144.26s
    [Req 023] Success | TTFT: 917.9 ms | Tokens: 1756 | Speed: 10.63 t/s | Latency: 166.19s
    [Req 084] Success | TTFT: 248.2 ms | Tokens: 649 | Speed: 11.4 t/s | Latency: 57.20s
    [Req 065] Success | TTFT: 6827.6 ms | Tokens: 1149 | Speed: 10.76 t/s | Latency: 113.60s
    [Req 069] Success | TTFT: 140.4 ms | Tokens: 1063 | Speed: 10.71 t/s | Latency: 99.44s
    [Req 068] Success | TTFT: 253.8 ms | Tokens: 1111 | Speed: 10.74 t/s | Latency: 103.71s
    [Req 079] Success | TTFT: 142.2 ms | Tokens: 966 | Speed: 11.39 t/s | Latency: 84.97s
    [Req 074] Success | TTFT: 140.8 ms | Tokens: 1060 | Speed: 10.64 t/s | Latency: 99.76s
    [Req 087] Success | TTFT: 144.5 ms | Tokens: 964 | Speed: 10.59 t/s | Latency: 91.17s
    [Req 066] Success | TTFT: 206.7 ms | Tokens: 1258 | Speed: 10.22 t/s | Latency: 123.30s
    [Req 072] Success | TTFT: 140.8 ms | Tokens: 1095 | Speed: 10.04 t/s | Latency: 109.20s
    [Req 071] Success | TTFT: 142.4 ms | Tokens: 1109 | Speed: 10.06 t/s | Latency: 110.41s
    [Req 073] Success | TTFT: 6478.5 ms | Tokens: 1102 | Speed: 10.67 t/s | Latency: 109.80s
    [Req 089] Success | TTFT: 216.3 ms | Tokens: 982 | Speed: 10.61 t/s | Latency: 92.74s
    [Req 117] Success | TTFT: 151.6 ms | Tokens: 798 | Speed: 10.52 t/s | Latency: 76.03s
    [Req 091] Success | TTFT: 151.7 ms | Tokens: 986 | Speed: 10.62 t/s | Latency: 93.00s
    [Req 075] Success | TTFT: 142.4 ms | Tokens: 1127 | Speed: 10.68 t/s | Latency: 105.62s
    [Req 090] Success | TTFT: 151.0 ms | Tokens: 1027 | Speed: 10.65 t/s | Latency: 96.56s
    [Req 070] Success | TTFT: 144.2 ms | Tokens: 1224 | Speed: 10.18 t/s | Latency: 120.39s
    [Req 112] Success | TTFT: 165.4 ms | Tokens: 934 | Speed: 10.64 t/s | Latency: 87.99s
    [Req 092] Success | TTFT: 166.2 ms | Tokens: 1033 | Speed: 10.66 t/s | Latency: 97.08s
    [Req 093] Success | TTFT: 161.7 ms | Tokens: 1033 | Speed: 10.66 t/s | Latency: 97.06s
    [Req 080] Success | TTFT: 142.0 ms | Tokens: 1113 | Speed: 10.69 t/s | Latency: 104.28s
    [Req 096] Success | TTFT: 146.2 ms | Tokens: 1032 | Speed: 10.67 t/s | Latency: 96.83s
    [Req 098] Success | TTFT: 162.0 ms | Tokens: 1026 | Speed: 10.67 t/s | Latency: 96.28s
    [Req 104] Success | TTFT: 203.3 ms | Tokens: 991 | Speed: 10.67 t/s | Latency: 93.06s
    [Req 076] Success | TTFT: 247.6 ms | Tokens: 1192 | Speed: 10.74 t/s | Latency: 111.26s
    [Req 102] Success | TTFT: 148.5 ms | Tokens: 1020 | Speed: 10.68 t/s | Latency: 95.62s
    [Req 067] Success | TTFT: 140.5 ms | Tokens: 1331 | Speed: 10.28 t/s | Latency: 129.65s
    [Req 101] Success | TTFT: 149.8 ms | Tokens: 1037 | Speed: 10.69 t/s | Latency: 97.11s
    [Req 097] Success | TTFT: 150.6 ms | Tokens: 1079 | Speed: 10.72 t/s | Latency: 100.83s
    [Req 094] Success | TTFT: 146.4 ms | Tokens: 1100 | Speed: 10.72 t/s | Latency: 102.77s
    [Req 077] Success | TTFT: 151.4 ms | Tokens: 1214 | Speed: 10.76 t/s | Latency: 113.02s
    [Req 081] Success | TTFT: 143.8 ms | Tokens: 1189 | Speed: 10.75 t/s | Latency: 110.77s
    [Req 078] Success | TTFT: 144.1 ms | Tokens: 1213 | Speed: 10.76 t/s | Latency: 112.90s
    [Req 119] Success | TTFT: 156.9 ms | Tokens: 943 | Speed: 10.68 t/s | Latency: 88.47s
    [Req 095] Success | TTFT: 205.1 ms | Tokens: 1147 | Speed: 10.76 t/s | Latency: 106.77s
    [Req 085] Success | TTFT: 143.9 ms | Tokens: 1202 | Speed: 10.77 t/s | Latency: 111.74s
    [Req 107] Success | TTFT: 163.9 ms | Tokens: 1094 | Speed: 10.76 t/s | Latency: 101.81s
    [Req 114] Success | TTFT: 155.7 ms | Tokens: 1061 | Speed: 10.76 t/s | Latency: 98.74s
    [Req 082] Success | TTFT: 159.1 ms | Tokens: 1242 | Speed: 10.79 t/s | Latency: 115.31s
    [Req 086] Success | TTFT: 144.3 ms | Tokens: 1227 | Speed: 10.79 t/s | Latency: 113.85s
    [Req 103] Success | TTFT: 148.7 ms | Tokens: 1146 | Speed: 10.79 t/s | Latency: 106.37s
    [Req 106] Success | TTFT: 152.9 ms | Tokens: 1168 | Speed: 10.82 t/s | Latency: 108.13s
    [Req 113] Success | TTFT: 207.0 ms | Tokens: 1124 | Speed: 10.81 t/s | Latency: 104.20s
    [Req 083] Success | TTFT: 143.3 ms | Tokens: 1374 | Speed: 10.87 t/s | Latency: 126.52s
    [Req 116] Success | TTFT: 143.0 ms | Tokens: 1190 | Speed: 10.87 t/s | Latency: 109.60s
    [Req 100] Success | TTFT: 145.9 ms | Tokens: 1386 | Speed: 10.94 t/s | Latency: 126.80s
    [Req 120] Success | TTFT: 154.8 ms | Tokens: 1216 | Speed: 10.91 t/s | Latency: 111.61s
    [Req 108] Success | TTFT: 175.4 ms | Tokens: 1380 | Speed: 10.97 t/s | Latency: 126.02s
    [Req 123] Success | TTFT: 151.2 ms | Tokens: 1131 | Speed: 10.94 t/s | Latency: 103.51s
    [Req 125] Success | TTFT: 141.2 ms | Tokens: 973 | Speed: 10.87 t/s | Latency: 89.67s
    [Req 127] Success | TTFT: 6692.7 ms | Tokens: 999 | Speed: 11.8 t/s | Latency: 91.35s
    [Req 110] Success | TTFT: 150.5 ms | Tokens: 1873 | Speed: 11.21 t/s | Latency: 167.17s
    [Req 128] Success | TTFT: 146.4 ms | Tokens: 1380 | Speed: 11.86 t/s | Latency: 116.48s
    [Req 115] Success | TTFT: 151.8 ms | Tokens: 2889 | Speed: 11.51 t/s | Latency: 251.09s
    [Req 109] Success | TTFT: 148.1 ms | Tokens: 4051 | Speed: 11.67 t/s | Latency: 347.41s
    [Req 099] Success | TTFT: 149.5 ms | Tokens: 4475 | Speed: 11.69 t/s | Latency: 382.82s
    [Req 008] Success | TTFT: 536.8 ms | Tokens: 5990 | Speed: 11.39 t/s | Latency: 526.36s
    [Req 105] Success | TTFT: 154.5 ms | Tokens: 6306 | Speed: 11.83 t/s | Latency: 533.40s
    [Req 012] Success | TTFT: 536.4 ms | Tokens: 8192 | Speed: 11.58 t/s | Latency: 707.77s
    [Req 006] Success | TTFT: 538.9 ms | Tokens: 8192 | Speed: 11.58 t/s | Latency: 707.78s
    [Req 024] Success | TTFT: 913.9 ms | Tokens: 8192 | Speed: 11.59 t/s | Latency: 707.81s
    [Req 014] Success | TTFT: 925.1 ms | Tokens: 8192 | Speed: 11.59 t/s | Latency: 707.82s
    [Req 022] Success | TTFT: 922.3 ms | Tokens: 8192 | Speed: 11.59 t/s | Latency: 707.82s
    [Req 088] Success | TTFT: 207.6 ms | Tokens: 8192 | Speed: 11.92 t/s | Latency: 687.41s
    [Req 111] Success | TTFT: 149.6 ms | Tokens: 8192 | Speed: 11.94 t/s | Latency: 686.18s
    [Req 118] Success | TTFT: 151.6 ms | Tokens: 8192 | Speed: 11.95 t/s | Latency: 685.41s
    [Req 121] Success | TTFT: 143.8 ms | Tokens: 8192 | Speed: 11.97 t/s | Latency: 684.45s
    [Req 122] Success | TTFT: 152.4 ms | Tokens: 8192 | Speed: 12.02 t/s | Latency: 681.79s
    [Req 124] Success | TTFT: 151.7 ms | Tokens: 8192 | Speed: 12.06 t/s | Latency: 679.15s
    [Req 126] Success | TTFT: 378.3 ms | Tokens: 8192 | Speed: 12.08 t/s | Latency: 678.54s
  ✨ Done C= 64 | Tok/s:  286.96 | Req/s:  0.15 | TTFT:  652.8ms | Stream: 10.72 t/s | Latency: 176.34s

▶️  [Concurrency 128] Running 128 requests...
    [Req 064] Success | TTFT: 1556.6 ms | Tokens: 506 | Speed: 11.31 t/s | Latency: 46.28s
    [Req 107] Success | TTFT: 1655.1 ms | Tokens: 735 | Speed: 11.31 t/s | Latency: 66.64s
    [Req 112] Success | TTFT: 1649.5 ms | Tokens: 872 | Speed: 11.3 t/s | Latency: 78.81s
    [Req 116] Success | TTFT: 1651.0 ms | Tokens: 908 | Speed: 11.3 t/s | Latency: 82.02s
    [Req 082] Success | TTFT: 1551.7 ms | Tokens: 917 | Speed: 11.29 t/s | Latency: 82.79s
    [Req 065] Success | TTFT: 1558.3 ms | Tokens: 929 | Speed: 11.29 t/s | Latency: 83.86s
    [Req 057] Success | TTFT: 1560.2 ms | Tokens: 949 | Speed: 11.29 t/s | Latency: 85.65s
    [Req 109] Success | TTFT: 1653.7 ms | Tokens: 965 | Speed: 11.29 t/s | Latency: 87.10s
    [Req 054] Success | TTFT: 1561.3 ms | Tokens: 973 | Speed: 11.28 t/s | Latency: 87.79s
    [Req 124] Success | TTFT: 1646.6 ms | Tokens: 984 | Speed: 11.29 t/s | Latency: 88.79s
    [Req 100] Success | TTFT: 1546.3 ms | Tokens: 987 | Speed: 11.28 t/s | Latency: 89.02s
    [Req 014] Success | TTFT: 764.5 ms | Tokens: 998 | Speed: 11.22 t/s | Latency: 89.72s
    [Req 088] Success | TTFT: 1544.5 ms | Tokens: 996 | Speed: 11.28 t/s | Latency: 89.83s
    [Req 090] Success | TTFT: 1548.3 ms | Tokens: 996 | Speed: 11.28 t/s | Latency: 89.83s
    [Req 011] Success | TTFT: 775.0 ms | Tokens: 1011 | Speed: 11.22 t/s | Latency: 90.89s
    [Req 040] Success | TTFT: 1152.4 ms | Tokens: 1011 | Speed: 11.23 t/s | Latency: 91.15s
    [Req 111] Success | TTFT: 1648.7 ms | Tokens: 1032 | Speed: 11.29 t/s | Latency: 93.08s
    [Req 102] Success | TTFT: 1549.5 ms | Tokens: 1035 | Speed: 11.28 t/s | Latency: 93.31s
    [Req 006] Success | TTFT: 726.4 ms | Tokens: 1042 | Speed: 11.22 t/s | Latency: 93.61s
    [Req 091] Success | TTFT: 1552.2 ms | Tokens: 1054 | Speed: 11.28 t/s | Latency: 95.01s
    [Req 126] Success | TTFT: 1643.2 ms | Tokens: 1054 | Speed: 11.29 t/s | Latency: 95.04s
    [Req 049] Success | TTFT: 1148.3 ms | Tokens: 1055 | Speed: 11.23 t/s | Latency: 95.07s
    [Req 026] Success | TTFT: 743.2 ms | Tokens: 1059 | Speed: 11.22 t/s | Latency: 95.17s
    [Req 093] Success | TTFT: 1548.5 ms | Tokens: 1062 | Speed: 11.28 t/s | Latency: 95.72s
    [Req 117] Success | TTFT: 1650.3 ms | Tokens: 1067 | Speed: 11.29 t/s | Latency: 96.19s
    [Req 085] Success | TTFT: 1552.9 ms | Tokens: 1072 | Speed: 11.28 t/s | Latency: 96.60s
    [Req 113] Success | TTFT: 1649.5 ms | Tokens: 1079 | Speed: 11.29 t/s | Latency: 97.24s
    [Req 092] Success | TTFT: 1550.6 ms | Tokens: 1091 | Speed: 11.28 t/s | Latency: 98.26s
    [Req 125] Success | TTFT: 1645.9 ms | Tokens: 1092 | Speed: 11.29 t/s | Latency: 98.38s
    [Req 012] Success | TTFT: 769.9 ms | Tokens: 1100 | Speed: 11.22 t/s | Latency: 98.78s
    [Req 096] Success | TTFT: 1542.8 ms | Tokens: 1099 | Speed: 11.28 t/s | Latency: 98.96s
    [Req 045] Success | TTFT: 1153.0 ms | Tokens: 1103 | Speed: 11.24 t/s | Latency: 99.29s
    [Req 128] Success | TTFT: 1644.4 ms | Tokens: 1104 | Speed: 11.29 t/s | Latency: 99.43s
    [Req 095] Success | TTFT: 1542.4 ms | Tokens: 1106 | Speed: 11.28 t/s | Latency: 99.58s
    [Req 120] Success | TTFT: 1646.0 ms | Tokens: 1106 | Speed: 11.29 t/s | Latency: 99.61s
    [Req 025] Success | TTFT: 774.1 ms | Tokens: 1112 | Speed: 11.23 t/s | Latency: 99.83s
    [Req 004] Success | TTFT: 714.6 ms | Tokens: 1114 | Speed: 11.23 t/s | Latency: 99.92s
    [Req 050] Success | TTFT: 1149.9 ms | Tokens: 1110 | Speed: 11.24 t/s | Latency: 99.90s
    [Req 020] Success | TTFT: 762.3 ms | Tokens: 1114 | Speed: 11.23 t/s | Latency: 100.00s
    [Req 042] Success | TTFT: 1156.3 ms | Tokens: 1112 | Speed: 11.24 t/s | Latency: 100.08s
    [Req 002] Success | TTFT: 782.8 ms | Tokens: 1118 | Speed: 11.23 t/s | Latency: 100.36s
    [Req 047] Success | TTFT: 1150.1 ms | Tokens: 1117 | Speed: 11.24 t/s | Latency: 100.52s
    [Req 046] Success | TTFT: 1153.9 ms | Tokens: 1131 | Speed: 11.24 t/s | Latency: 101.74s
    [Req 009] Success | TTFT: 737.6 ms | Tokens: 1138 | Speed: 11.23 t/s | Latency: 102.07s
    [Req 127] Success | TTFT: 1647.0 ms | Tokens: 1134 | Speed: 11.29 t/s | Latency: 102.06s
    [Req 115] Success | TTFT: 1652.5 ms | Tokens: 1134 | Speed: 11.29 t/s | Latency: 102.07s
    [Req 051] Success | TTFT: 1153.1 ms | Tokens: 1136 | Speed: 11.24 t/s | Latency: 102.18s
    [Req 005] Success | TTFT: 730.8 ms | Tokens: 1140 | Speed: 11.23 t/s | Latency: 102.25s
    [Req 034] Success | TTFT: 1158.4 ms | Tokens: 1145 | Speed: 11.25 t/s | Latency: 102.98s
    [Req 007] Success | TTFT: 718.4 ms | Tokens: 1150 | Speed: 11.23 t/s | Latency: 103.12s
    [Req 106] Success | TTFT: 1541.7 ms | Tokens: 1148 | Speed: 11.29 t/s | Latency: 103.26s
    [Req 083] Success | TTFT: 1555.4 ms | Tokens: 1149 | Speed: 11.29 t/s | Latency: 103.35s
    [Req 001] Success | TTFT: 743.9 ms | Tokens: 1155 | Speed: 11.23 t/s | Latency: 103.56s
    [Req 032] Success | TTFT: 1155.6 ms | Tokens: 1152 | Speed: 11.25 t/s | Latency: 103.59s
    [Req 027] Success | TTFT: 896.3 ms | Tokens: 1171 | Speed: 11.23 t/s | Latency: 105.22s
    [Req 015] Success | TTFT: 755.8 ms | Tokens: 1175 | Speed: 11.23 t/s | Latency: 105.35s
    [Req 021] Success | TTFT: 766.2 ms | Tokens: 1183 | Speed: 11.24 t/s | Latency: 106.05s
    [Req 018] Success | TTFT: 713.4 ms | Tokens: 1184 | Speed: 11.24 t/s | Latency: 106.09s
    [Req 097] Success | TTFT: 1544.4 ms | Tokens: 1182 | Speed: 11.29 t/s | Latency: 106.24s
    [Req 003] Success | TTFT: 735.4 ms | Tokens: 1197 | Speed: 11.24 t/s | Latency: 107.24s
    [Req 103] Success | TTFT: 1540.9 ms | Tokens: 1194 | Speed: 11.29 t/s | Latency: 107.29s
    [Req 073] Success | TTFT: 1554.3 ms | Tokens: 1194 | Speed: 11.29 t/s | Latency: 107.30s
    [Req 023] Success | TTFT: 753.1 ms | Tokens: 1198 | Speed: 11.24 t/s | Latency: 107.36s
    [Req 089] Success | TTFT: 1547.5 ms | Tokens: 1196 | Speed: 11.29 t/s | Latency: 107.47s
    [Req 043] Success | TTFT: 1154.7 ms | Tokens: 1201 | Speed: 11.25 t/s | Latency: 107.88s
    [Req 028] Success | TTFT: 896.3 ms | Tokens: 1204 | Speed: 11.23 t/s | Latency: 108.11s
    [Req 123] Success | TTFT: 1649.0 ms | Tokens: 1205 | Speed: 11.3 t/s | Latency: 108.29s
    [Req 008] Success | TTFT: 721.9 ms | Tokens: 1212 | Speed: 11.24 t/s | Latency: 108.55s
    [Req 099] Success | TTFT: 1549.7 ms | Tokens: 1214 | Speed: 11.29 t/s | Latency: 109.04s
    [Req 086] Success | TTFT: 1556.2 ms | Tokens: 1218 | Speed: 11.29 t/s | Latency: 109.39s
    [Req 031] Success | TTFT: 1156.2 ms | Tokens: 1219 | Speed: 11.26 t/s | Latency: 109.46s
    [Req 041] Success | TTFT: 1153.5 ms | Tokens: 1220 | Speed: 11.26 t/s | Latency: 109.54s
    [Req 013] Success | TTFT: 760.8 ms | Tokens: 1232 | Speed: 11.24 t/s | Latency: 110.34s
    [Req 104] Success | TTFT: 1539.1 ms | Tokens: 1231 | Speed: 11.3 t/s | Latency: 110.52s
    [Req 038] Success | TTFT: 1157.5 ms | Tokens: 1237 | Speed: 11.26 t/s | Latency: 111.02s
    [Req 016] Success | TTFT: 777.6 ms | Tokens: 1240 | Speed: 11.25 t/s | Latency: 111.03s
    [Req 033] Success | TTFT: 1160.0 ms | Tokens: 1240 | Speed: 11.26 t/s | Latency: 111.28s
    [Req 094] Success | TTFT: 1552.3 ms | Tokens: 1240 | Speed: 11.3 t/s | Latency: 111.30s
    [Req 098] Success | TTFT: 1545.6 ms | Tokens: 1241 | Speed: 11.3 t/s | Latency: 111.39s
    [Req 044] Success | TTFT: 1153.2 ms | Tokens: 1242 | Speed: 11.26 t/s | Latency: 111.45s
    [Req 105] Success | TTFT: 1541.2 ms | Tokens: 1243 | Speed: 11.3 t/s | Latency: 111.56s
    [Req 010] Success | TTFT: 746.0 ms | Tokens: 1250 | Speed: 11.25 t/s | Latency: 111.86s
    [Req 037] Success | TTFT: 1156.5 ms | Tokens: 1261 | Speed: 11.27 t/s | Latency: 113.09s
    [Req 030] Success | TTFT: 1160.1 ms | Tokens: 1265 | Speed: 11.27 t/s | Latency: 113.44s
    [Req 084] Success | TTFT: 1552.3 ms | Tokens: 1276 | Speed: 11.31 t/s | Latency: 114.40s
    [Req 108] Success | TTFT: 1653.4 ms | Tokens: 1277 | Speed: 11.31 t/s | Latency: 114.52s
    [Req 019] Success | TTFT: 771.5 ms | Tokens: 1283 | Speed: 11.26 t/s | Latency: 114.73s
    [Req 017] Success | TTFT: 751.0 ms | Tokens: 1296 | Speed: 11.26 t/s | Latency: 115.84s
    [Req 024] Success | TTFT: 748.2 ms | Tokens: 1308 | Speed: 11.26 t/s | Latency: 116.87s
    [Req 029] Success | TTFT: 1159.8 ms | Tokens: 1312 | Speed: 11.28 t/s | Latency: 117.47s
    [Req 036] Success | TTFT: 1156.2 ms | Tokens: 1316 | Speed: 11.28 t/s | Latency: 117.81s
    [Req 035] Success | TTFT: 1156.4 ms | Tokens: 1337 | Speed: 11.29 t/s | Latency: 119.60s
    [Req 022] Success | TTFT: 757.4 ms | Tokens: 1345 | Speed: 11.28 t/s | Latency: 120.04s
    [Req 039] Success | TTFT: 1153.8 ms | Tokens: 1344 | Speed: 11.29 t/s | Latency: 120.20s
    [Req 101] Success | TTFT: 1547.2 ms | Tokens: 1380 | Speed: 11.34 t/s | Latency: 123.26s
    [Req 068] Success | TTFT: 1559.7 ms | Tokens: 1391 | Speed: 11.34 t/s | Latency: 124.19s
    [Req 087] Success | TTFT: 1546.3 ms | Tokens: 1427 | Speed: 11.36 t/s | Latency: 127.18s
    [Req 071] Success | TTFT: 1554.1 ms | Tokens: 2315 | Speed: 11.6 t/s | Latency: 201.09s
    [Req 079] Success | TTFT: 1550.0 ms | Tokens: 6463 | Speed: 11.87 t/s | Latency: 546.26s
    [Req 055] Success | TTFT: 1568.6 ms | Tokens: 7606 | Speed: 11.89 t/s | Latency: 641.29s
    [Req 081] Success | TTFT: 1550.4 ms | Tokens: 8192 | Speed: 11.9 t/s | Latency: 689.94s
    [Req 074] Success | TTFT: 1555.2 ms | Tokens: 8192 | Speed: 11.9 t/s | Latency: 689.95s
    [Req 076] Success | TTFT: 1555.0 ms | Tokens: 8192 | Speed: 11.9 t/s | Latency: 689.95s    [Req 053] Success | TTFT: 1566.8 ms | Tokens: 8192 | Speed: 11.9 t/s | Latency: 689.97s    [Req 048] Success | TTFT: 1570.5 ms | Tokens: 8192 | Speed: 11.9 t/s | Latency: 689.98s
    [Req 061] Success | TTFT: 1563.3 ms | Tokens: 8192 | Speed: 11.9 t/s | Latency: 689.98s
    [Req 060] Success | TTFT: 1563.2 ms | Tokens: 8192 | Speed: 11.9 t/s | Latency: 689.98s

    [Req 070] Success | TTFT: 1559.6 ms | Tokens: 8192 | Speed: 11.9 t/s | Latency: 689.98s
    [Req 058] Success | TTFT: 1562.5 ms | Tokens: 8192 | Speed: 11.9 t/s | Latency: 689.99s
    [Req 075] Success | TTFT: 1558.8 ms | Tokens: 8192 | Speed: 11.9 t/s | Latency: 689.99s
    [Req 072] Success | TTFT: 1551.4 ms | Tokens: 8192 | Speed: 11.9 t/s | Latency: 690.00s    [Req 078] Success | TTFT: 1558.4 ms | Tokens: 8192 | Speed: 11.9 t/s | Latency: 690.00s    [Req 052] Success | TTFT: 1565.8 ms | Tokens: 8192 | Speed: 11.9 t/s | Latency: 690.01s
    [Req 056] Success | TTFT: 1558.6 ms | Tokens: 8192 | Speed: 11.9 t/s | Latency: 690.02s


    [Req 122] Success | TTFT: 1643.6 ms | Tokens: 8192 | Speed: 11.9 t/s | Latency: 690.00s
    [Req 063] Success | TTFT: 1555.6 ms | Tokens: 8192 | Speed: 11.9 t/s | Latency: 690.02s
    [Req 077] Success | TTFT: 1557.2 ms | Tokens: 8192 | Speed: 11.9 t/s | Latency: 690.02s
    [Req 067] Success | TTFT: 1557.5 ms | Tokens: 8192 | Speed: 11.9 t/s | Latency: 690.03s    [Req 114] Success | TTFT: 1646.6 ms | Tokens: 8192 | Speed: 11.9 t/s | Latency: 690.02s
    [Req 062] Success | TTFT: 1565.3 ms | Tokens: 8192 | Speed: 11.9 t/s | Latency: 690.05s
    [Req 059] Success | TTFT: 1565.3 ms | Tokens: 8192 | Speed: 11.9 t/s | Latency: 690.05s
    [Req 119] Success | TTFT: 1645.8 ms | Tokens: 8192 | Speed: 11.9 t/s | Latency: 690.03s
    [Req 066] Success | TTFT: 1562.4 ms | Tokens: 8192 | Speed: 11.9 t/s | Latency: 690.06s
    [Req 069] Success | TTFT: 1563.4 ms | Tokens: 8192 | Speed: 11.9 t/s | Latency: 690.06s

    [Req 080] Success | TTFT: 1547.8 ms | Tokens: 8192 | Speed: 11.9 t/s | Latency: 690.06s

    [Req 118] Success | TTFT: 1648.6 ms | Tokens: 8192 | Speed: 11.9 t/s | Latency: 690.05s
    [Req 110] Success | TTFT: 1651.7 ms | Tokens: 8192 | Speed: 11.9 t/s | Latency: 690.06s
    [Req 121] Success | TTFT: 1646.5 ms | Tokens: 8192 | Speed: 11.9 t/s | Latency: 690.06s
  ✨ Done C=128 | Tok/s:  516.14 | Req/s:  0.19 | TTFT: 1328.1ms | Stream: 11.42 t/s | Latency: 239.30s

▶️  [Concurrency 256] Running 256 requests...
    [Req 167] Success | TTFT: 1221.1 ms | Tokens: 655 | Speed: 9.54 t/s | Latency: 69.89s
    [Req 147] Success | TTFT: 1222.8 ms | Tokens: 833 | Speed: 9.73 t/s | Latency: 86.82s
    [Req 187] Success | TTFT: 1211.6 ms | Tokens: 854 | Speed: 9.75 t/s | Latency: 88.80s
    [Req 173] Success | TTFT: 1211.6 ms | Tokens: 867 | Speed: 9.76 t/s | Latency: 90.04s
    [Req 160] Success | TTFT: 1224.1 ms | Tokens: 884 | Speed: 9.77 t/s | Latency: 91.67s
    [Req 231] Success | TTFT: 4644.4 ms | Tokens: 892 | Speed: 10.16 t/s | Latency: 92.45s
    [Req 058] Success | TTFT: 609.1 ms | Tokens: 931 | Speed: 9.75 t/s | Latency: 96.08s
    [Req 020] Success | TTFT: 422.6 ms | Tokens: 948 | Speed: 9.75 t/s | Latency: 97.66s
    [Req 077] Success | TTFT: 602.5 ms | Tokens: 956 | Speed: 9.77 t/s | Latency: 98.45s
    [Req 035] Success | TTFT: 395.5 ms | Tokens: 960 | Speed: 9.76 t/s | Latency: 98.80s
    [Req 117] Success | TTFT: 902.3 ms | Tokens: 979 | Speed: 9.81 t/s | Latency: 100.68s
    [Req 174] Success | TTFT: 1202.4 ms | Tokens: 985 | Speed: 9.84 t/s | Latency: 101.27s
    [Req 128] Success | TTFT: 897.4 ms | Tokens: 993 | Speed: 9.82 t/s | Latency: 102.01s
    [Req 103] Success | TTFT: 913.9 ms | Tokens: 993 | Speed: 9.82 t/s | Latency: 102.02s
    [Req 189] Success | TTFT: 1194.6 ms | Tokens: 1000 | Speed: 9.85 t/s | Latency: 102.70s
    [Req 057] Success | TTFT: 605.2 ms | Tokens: 1006 | Speed: 9.8 t/s | Latency: 103.23s
    [Req 109] Success | TTFT: 906.0 ms | Tokens: 1007 | Speed: 9.83 t/s | Latency: 103.36s
    [Req 086] Success | TTFT: 598.2 ms | Tokens: 1008 | Speed: 9.8 t/s | Latency: 103.41s
    [Req 046] Success | TTFT: 614.9 ms | Tokens: 1010 | Speed: 9.81 t/s | Latency: 103.61s
    [Req 202] Success | TTFT: 1205.7 ms | Tokens: 1017 | Speed: 9.86 t/s | Latency: 104.32s
    [Req 120] Success | TTFT: 899.1 ms | Tokens: 1020 | Speed: 9.84 t/s | Latency: 104.59s
    [Req 102] Success | TTFT: 911.4 ms | Tokens: 1036 | Speed: 9.85 t/s | Latency: 106.12s
    [Req 004] Success | TTFT: 218.7 ms | Tokens: 1043 | Speed: 9.8 t/s | Latency: 106.68s
    [Req 067] Success | TTFT: 599.3 ms | Tokens: 1045 | Speed: 9.83 t/s | Latency: 106.94s
    [Req 129] Success | TTFT: 892.7 ms | Tokens: 1052 | Speed: 9.86 t/s | Latency: 107.64s
    [Req 010] Success | TTFT: 414.5 ms | Tokens: 1069 | Speed: 9.83 t/s | Latency: 109.21s
    [Req 014] Success | TTFT: 408.2 ms | Tokens: 1071 | Speed: 9.83 t/s | Latency: 109.40s
    [Req 001] Success | TTFT: 199.6 ms | Tokens: 1075 | Speed: 9.81 t/s | Latency: 109.74s
    [Req 097] Success | TTFT: 912.8 ms | Tokens: 1075 | Speed: 9.87 t/s | Latency: 109.84s
    [Req 005] Success | TTFT: 206.8 ms | Tokens: 1077 | Speed: 9.82 t/s | Latency: 109.93s
    [Req 049] Success | TTFT: 612.2 ms | Tokens: 1079 | Speed: 9.85 t/s | Latency: 110.19s
    [Req 023] Success | TTFT: 394.6 ms | Tokens: 1080 | Speed: 9.83 t/s | Latency: 110.25s
    [Req 073] Success | TTFT: 599.3 ms | Tokens: 1085 | Speed: 9.85 t/s | Latency: 110.76s
    [Req 118] Success | TTFT: 907.4 ms | Tokens: 1085 | Speed: 9.87 t/s | Latency: 110.79s
    [Req 084] Success | TTFT: 593.1 ms | Tokens: 1090 | Speed: 9.85 t/s | Latency: 111.23s
    [Req 034] Success | TTFT: 404.8 ms | Tokens: 1092 | Speed: 9.84 t/s | Latency: 111.40s
    [Req 006] Success | TTFT: 127.9 ms | Tokens: 1094 | Speed: 9.82 t/s | Latency: 111.50s
    [Req 099] Success | TTFT: 905.0 ms | Tokens: 1092 | Speed: 9.88 t/s | Latency: 111.47s
    [Req 027] Success | TTFT: 397.5 ms | Tokens: 1094 | Speed: 9.84 t/s | Latency: 111.59s
    [Req 194] Success | TTFT: 1211.0 ms | Tokens: 1093 | Speed: 9.9 t/s | Latency: 111.57s
    [Req 061] Success | TTFT: 608.6 ms | Tokens: 1098 | Speed: 9.86 t/s | Latency: 112.01s
    [Req 028] Success | TTFT: 418.8 ms | Tokens: 1100 | Speed: 9.84 t/s | Latency: 112.17s
    [Req 008] Success | TTFT: 213.7 ms | Tokens: 1103 | Speed: 9.83 t/s | Latency: 112.41s
    [Req 100] Success | TTFT: 910.0 ms | Tokens: 1106 | Speed: 9.88 t/s | Latency: 112.81s
    [Req 083] Success | TTFT: 597.1 ms | Tokens: 1108 | Speed: 9.86 t/s | Latency: 112.95s
    [Req 002] Success | TTFT: 211.6 ms | Tokens: 1109 | Speed: 9.83 t/s | Latency: 112.98s
    [Req 016] Success | TTFT: 392.7 ms | Tokens: 1111 | Speed: 9.85 t/s | Latency: 113.21s
    [Req 113] Success | TTFT: 898.6 ms | Tokens: 1115 | Speed: 9.89 t/s | Latency: 113.64s
    [Req 064] Success | TTFT: 594.2 ms | Tokens: 1116 | Speed: 9.87 t/s | Latency: 113.71s
    [Req 079] Success | TTFT: 599.5 ms | Tokens: 1117 | Speed: 9.87 t/s | Latency: 113.80s
    [Req 047] Success | TTFT: 603.1 ms | Tokens: 1120 | Speed: 9.87 t/s | Latency: 114.09s
    [Req 007] Success | TTFT: 201.9 ms | Tokens: 1122 | Speed: 9.84 t/s | Latency: 114.20s
    [Req 015] Success | TTFT: 397.6 ms | Tokens: 1129 | Speed: 9.86 t/s | Latency: 114.90s
    [Req 111] Success | TTFT: 910.6 ms | Tokens: 1134 | Speed: 9.9 t/s | Latency: 115.42s
    [Req 029] Success | TTFT: 411.9 ms | Tokens: 1137 | Speed: 9.87 t/s | Latency: 115.64s
    [Req 121] Success | TTFT: 896.6 ms | Tokens: 1139 | Speed: 9.91 t/s | Latency: 115.88s
    [Req 198] Success | TTFT: 1192.7 ms | Tokens: 1140 | Speed: 9.93 t/s | Latency: 115.99s
    [Req 112] Success | TTFT: 907.2 ms | Tokens: 1146 | Speed: 9.91 t/s | Latency: 116.54s
    [Req 183] Success | TTFT: 1215.0 ms | Tokens: 1147 | Speed: 9.94 t/s | Latency: 116.65s
    [Req 140] Success | TTFT: 894.6 ms | Tokens: 1148 | Speed: 9.91 t/s | Latency: 116.72s
    [Req 055] Success | TTFT: 599.4 ms | Tokens: 1149 | Speed: 9.89 t/s | Latency: 116.79s
    [Req 082] Success | TTFT: 599.4 ms | Tokens: 1152 | Speed: 9.89 t/s | Latency: 117.07s
    [Req 124] Success | TTFT: 901.6 ms | Tokens: 1155 | Speed: 9.92 t/s | Latency: 117.38s
    [Req 021] Success | TTFT: 415.1 ms | Tokens: 1157 | Speed: 9.88 t/s | Latency: 117.51s
    [Req 131] Success | TTFT: 893.6 ms | Tokens: 1157 | Speed: 9.92 t/s | Latency: 117.56s
    [Req 191] Success | TTFT: 1210.9 ms | Tokens: 1157 | Speed: 9.94 t/s | Latency: 117.58s
    [Req 195] Success | TTFT: 1203.5 ms | Tokens: 1158 | Speed: 9.94 t/s | Latency: 117.68s
    [Req 179] Success | TTFT: 1210.7 ms | Tokens: 1158 | Speed: 9.94 t/s | Latency: 117.68s
    [Req 072] Success | TTFT: 592.8 ms | Tokens: 1160 | Speed: 9.9 t/s | Latency: 117.82s
    [Req 196] Success | TTFT: 1200.8 ms | Tokens: 1160 | Speed: 9.94 t/s | Latency: 117.86s
    [Req 184] Success | TTFT: 1209.2 ms | Tokens: 1161 | Speed: 9.94 t/s | Latency: 117.96s
    [Req 040] Success | TTFT: 378.5 ms | Tokens: 1163 | Speed: 9.88 t/s | Latency: 118.07s
    [Req 045] Success | TTFT: 612.2 ms | Tokens: 1164 | Speed: 9.9 t/s | Latency: 118.20s
    [Req 032] Success | TTFT: 381.9 ms | Tokens: 1169 | Speed: 9.89 t/s | Latency: 118.63s
    [Req 138] Success | TTFT: 899.4 ms | Tokens: 1169 | Speed: 9.92 t/s | Latency: 118.69s
    [Req 026] Success | TTFT: 408.5 ms | Tokens: 1172 | Speed: 9.89 t/s | Latency: 118.92s
    [Req 033] Success | TTFT: 607.3 ms | Tokens: 1172 | Speed: 9.9 t/s | Latency: 118.96s
    [Req 080] Success | TTFT: 589.6 ms | Tokens: 1174 | Speed: 9.9 t/s | Latency: 119.12s
    [Req 043] Success | TTFT: 391.4 ms | Tokens: 1178 | Speed: 9.89 t/s | Latency: 119.46s
    [Req 096] Success | TTFT: 909.1 ms | Tokens: 1179 | Speed: 9.93 t/s | Latency: 119.63s
    [Req 115] Success | TTFT: 905.5 ms | Tokens: 1182 | Speed: 9.93 t/s | Latency: 119.90s
    [Req 114] Success | TTFT: 908.1 ms | Tokens: 1189 | Speed: 9.94 t/s | Latency: 120.55s
    [Req 042] Success | TTFT: 401.3 ms | Tokens: 1197 | Speed: 9.91 t/s | Latency: 121.22s
    [Req 133] Success | TTFT: 895.9 ms | Tokens: 1196 | Speed: 9.94 t/s | Latency: 121.19s
    [Req 013] Success | TTFT: 418.6 ms | Tokens: 1198 | Speed: 9.91 t/s | Latency: 121.32s
    [Req 052] Success | TTFT: 608.4 ms | Tokens: 1200 | Speed: 9.92 t/s | Latency: 121.54s
    [Req 051] Success | TTFT: 606.3 ms | Tokens: 1202 | Speed: 9.92 t/s | Latency: 121.72s
    [Req 127] Success | TTFT: 901.7 ms | Tokens: 1207 | Speed: 9.95 t/s | Latency: 122.21s
    [Req 123] Success | TTFT: 897.5 ms | Tokens: 1207 | Speed: 9.95 t/s | Latency: 122.21s
    [Req 048] Success | TTFT: 601.5 ms | Tokens: 1214 | Speed: 9.93 t/s | Latency: 122.83s
    [Req 018] Success | TTFT: 411.5 ms | Tokens: 1215 | Speed: 9.92 t/s | Latency: 122.90s
    [Req 012] Success | TTFT: 425.5 ms | Tokens: 1220 | Speed: 9.92 t/s | Latency: 123.36s
    [Req 044] Success | TTFT: 412.9 ms | Tokens: 1221 | Speed: 9.92 t/s | Latency: 123.44s
    [Req 063] Success | TTFT: 597.0 ms | Tokens: 1221 | Speed: 9.94 t/s | Latency: 123.48s
    [Req 197] Success | TTFT: 1194.5 ms | Tokens: 1220 | Speed: 9.98 t/s | Latency: 123.43s
    [Req 009] Success | TTFT: 396.0 ms | Tokens: 1222 | Speed: 9.92 t/s | Latency: 123.55s
    [Req 060] Success | TTFT: 605.4 ms | Tokens: 1223 | Speed: 9.94 t/s | Latency: 123.67s
    [Req 132] Success | TTFT: 897.3 ms | Tokens: 1224 | Speed: 9.96 t/s | Latency: 123.78s
    [Req 022] Success | TTFT: 404.8 ms | Tokens: 1227 | Speed: 9.93 t/s | Latency: 124.01s
    [Req 176] Success | TTFT: 1212.7 ms | Tokens: 1226 | Speed: 9.99 t/s | Latency: 123.99s
    [Req 116] Success | TTFT: 899.2 ms | Tokens: 1227 | Speed: 9.96 t/s | Latency: 124.07s
    [Req 074] Success | TTFT: 599.8 ms | Tokens: 1228 | Speed: 9.94 t/s | Latency: 124.12s
    [Req 134] Success | TTFT: 901.5 ms | Tokens: 1229 | Speed: 9.96 t/s | Latency: 124.24s
    [Req 036] Success | TTFT: 416.1 ms | Tokens: 1232 | Speed: 9.93 t/s | Latency: 124.46s
    [Req 190] Success | TTFT: 1197.3 ms | Tokens: 1231 | Speed: 9.99 t/s | Latency: 124.44s
    [Req 068] Success | TTFT: 601.7 ms | Tokens: 1234 | Speed: 9.95 t/s | Latency: 124.68s
    [Req 193] Success | TTFT: 1205.6 ms | Tokens: 1235 | Speed: 9.99 t/s | Latency: 124.81s
    [Req 090] Success | TTFT: 592.4 ms | Tokens: 1237 | Speed: 9.95 t/s | Latency: 124.94s
    [Req 054] Success | TTFT: 611.7 ms | Tokens: 1237 | Speed: 9.95 t/s | Latency: 124.96s
    [Req 037] Success | TTFT: 398.9 ms | Tokens: 1238 | Speed: 9.93 t/s | Latency: 125.01s
    [Req 186] Success | TTFT: 1205.5 ms | Tokens: 1237 | Speed: 9.99 t/s | Latency: 124.99s
    [Req 119] Success | TTFT: 905.4 ms | Tokens: 1240 | Speed: 9.97 t/s | Latency: 125.25s
    [Req 003] Success | TTFT: 402.8 ms | Tokens: 1241 | Speed: 9.94 t/s | Latency: 125.30s
    [Req 085] Success | TTFT: 597.5 ms | Tokens: 1241 | Speed: 9.95 t/s | Latency: 125.31s
    [Req 065] Success | TTFT: 602.6 ms | Tokens: 1242 | Speed: 9.95 t/s | Latency: 125.41s
    [Req 130] Success | TTFT: 901.5 ms | Tokens: 1248 | Speed: 9.98 t/s | Latency: 125.97s
    [Req 062] Success | TTFT: 606.0 ms | Tokens: 1249 | Speed: 9.96 t/s | Latency: 126.04s
    [Req 141] Success | TTFT: 892.1 ms | Tokens: 1249 | Speed: 9.98 t/s | Latency: 126.06s
    [Req 192] Success | TTFT: 1207.6 ms | Tokens: 1252 | Speed: 10.0 t/s | Latency: 126.36s
    [Req 101] Success | TTFT: 907.6 ms | Tokens: 1255 | Speed: 9.98 t/s | Latency: 126.62s
    [Req 025] Success | TTFT: 384.5 ms | Tokens: 1257 | Speed: 9.95 t/s | Latency: 126.74s
    [Req 069] Success | TTFT: 603.4 ms | Tokens: 1259 | Speed: 9.96 t/s | Latency: 126.95s
    [Req 076] Success | TTFT: 602.3 ms | Tokens: 1259 | Speed: 9.96 t/s | Latency: 126.95s
    [Req 030] Success | TTFT: 401.3 ms | Tokens: 1260 | Speed: 9.95 t/s | Latency: 127.01s
    [Req 110] Success | TTFT: 902.5 ms | Tokens: 1265 | Speed: 9.99 t/s | Latency: 127.53s
    [Req 019] Success | TTFT: 401.4 ms | Tokens: 1274 | Speed: 9.96 t/s | Latency: 128.29s
    [Req 039] Success | TTFT: 605.9 ms | Tokens: 1274 | Speed: 9.98 t/s | Latency: 128.32s
    [Req 050] Success | TTFT: 608.4 ms | Tokens: 1275 | Speed: 9.98 t/s | Latency: 128.41s
    [Req 200] Success | TTFT: 1205.1 ms | Tokens: 1279 | Speed: 10.02 t/s | Latency: 128.80s
    [Req 053] Success | TTFT: 609.5 ms | Tokens: 1282 | Speed: 9.98 t/s | Latency: 129.04s
    [Req 136] Success | TTFT: 897.3 ms | Tokens: 1282 | Speed: 10.0 t/s | Latency: 129.05s
    [Req 104] Success | TTFT: 905.1 ms | Tokens: 1283 | Speed: 10.0 t/s | Latency: 129.15s
    [Req 011] Success | TTFT: 404.1 ms | Tokens: 1290 | Speed: 9.98 t/s | Latency: 129.73s
    [Req 126] Success | TTFT: 905.6 ms | Tokens: 1290 | Speed: 10.01 t/s | Latency: 129.77s
    [Req 078] Success | TTFT: 590.9 ms | Tokens: 1296 | Speed: 9.99 t/s | Latency: 130.28s
    [Req 059] Success | TTFT: 603.2 ms | Tokens: 1296 | Speed: 9.99 t/s | Latency: 130.29s
    [Req 135] Success | TTFT: 894.1 ms | Tokens: 1298 | Speed: 10.02 t/s | Latency: 130.48s
    [Req 024] Success | TTFT: 389.4 ms | Tokens: 1300 | Speed: 9.98 t/s | Latency: 130.62s
    [Req 031] Success | TTFT: 609.4 ms | Tokens: 1301 | Speed: 10.0 t/s | Latency: 130.74s
    [Req 145] Success | TTFT: 884.8 ms | Tokens: 1307 | Speed: 10.02 t/s | Latency: 131.28s
    [Req 122] Success | TTFT: 905.3 ms | Tokens: 1309 | Speed: 10.03 t/s | Latency: 131.47s
    [Req 066] Success | TTFT: 605.3 ms | Tokens: 1312 | Speed: 10.01 t/s | Latency: 131.71s
    [Req 075] Success | TTFT: 596.7 ms | Tokens: 1313 | Speed: 10.01 t/s | Latency: 131.80s
    [Req 108] Success | TTFT: 903.9 ms | Tokens: 1313 | Speed: 10.03 t/s | Latency: 131.83s
    [Req 146] Success | TTFT: 895.5 ms | Tokens: 1313 | Speed: 10.03 t/s | Latency: 131.82s
    [Req 070] Success | TTFT: 604.9 ms | Tokens: 1317 | Speed: 10.01 t/s | Latency: 132.16s
    [Req 038] Success | TTFT: 409.1 ms | Tokens: 1322 | Speed: 10.0 t/s | Latency: 132.57s
    [Req 125] Success | TTFT: 901.5 ms | Tokens: 1325 | Speed: 10.04 t/s | Latency: 132.90s
    [Req 056] Success | TTFT: 597.9 ms | Tokens: 1329 | Speed: 10.02 t/s | Latency: 133.23s
    [Req 081] Success | TTFT: 596.2 ms | Tokens: 1334 | Speed: 10.03 t/s | Latency: 133.66s
    [Req 041] Success | TTFT: 603.5 ms | Tokens: 1340 | Speed: 10.03 t/s | Latency: 134.21s
    [Req 071] Success | TTFT: 592.3 ms | Tokens: 1344 | Speed: 10.03 t/s | Latency: 134.56s
    [Req 089] Success | TTFT: 596.7 ms | Tokens: 1362 | Speed: 10.05 t/s | Latency: 136.15s
    [Req 137] Success | TTFT: 888.6 ms | Tokens: 1375 | Speed: 10.08 t/s | Latency: 137.33s
    [Req 172] Success | TTFT: 1202.0 ms | Tokens: 1385 | Speed: 10.11 t/s | Latency: 138.24s
    [Req 017] Success | TTFT: 201.1 ms | Tokens: 1388 | Speed: 10.04 t/s | Latency: 138.39s
    [Req 139] Success | TTFT: 889.9 ms | Tokens: 1389 | Speed: 10.09 t/s | Latency: 138.57s
    [Req 143] Success | TTFT: 897.9 ms | Tokens: 1410 | Speed: 10.11 t/s | Latency: 140.43s
    [Req 175] Success | TTFT: 1218.2 ms | Tokens: 1444 | Speed: 10.15 t/s | Latency: 143.47s
    [Req 107] Success | TTFT: 907.1 ms | Tokens: 1566 | Speed: 10.21 t/s | Latency: 154.26s
    [Req 166] Success | TTFT: 1206.2 ms | Tokens: 1831 | Speed: 10.4 t/s | Latency: 177.34s
    [Req 233] Success | TTFT: 4632.1 ms | Tokens: 2442 | Speed: 10.81 t/s | Latency: 230.52s
    [Req 155] Success | TTFT: 1219.5 ms | Tokens: 6951 | Speed: 11.19 t/s | Latency: 622.40s
    [Req 087] Success | TTFT: 917.3 ms | Tokens: 8192 | Speed: 11.23 t/s | Latency: 730.29s    [Req 088] Success | TTFT: 911.5 ms | Tokens: 8192 | Speed: 11.23 t/s | Latency: 730.29s    [Req 091] Success | TTFT: 913.4 ms | Tokens: 8192 | Speed: 11.23 t/s | Latency: 730.30s

    [Req 094] Success | TTFT: 916.8 ms | Tokens: 8192 | Speed: 11.23 t/s | Latency: 730.30s

    [Req 092] Success | TTFT: 909.3 ms | Tokens: 8192 | Speed: 11.23 t/s | Latency: 730.31s
    [Req 106] Success | TTFT: 910.5 ms | Tokens: 8192 | Speed: 11.23 t/s | Latency: 730.31s
    [Req 093] Success | TTFT: 911.6 ms | Tokens: 8192 | Speed: 11.23 t/s | Latency: 730.32s
    [Req 095] Success | TTFT: 907.7 ms | Tokens: 8192 | Speed: 11.23 t/s | Latency: 730.32s
    [Req 105] Success | TTFT: 901.5 ms | Tokens: 8192 | Speed: 11.23 t/s | Latency: 730.33s    [Req 154] Success | TTFT: 1224.9 ms | Tokens: 8192 | Speed: 11.24 t/s | Latency: 730.32s
    [Req 098] Success | TTFT: 913.2 ms | Tokens: 8192 | Speed: 11.23 t/s | Latency: 730.35s    [Req 182] Success | TTFT: 1199.4 ms | Tokens: 8192 | Speed: 11.24 t/s | Latency: 730.32s
    [Req 180] Success | TTFT: 1207.5 ms | Tokens: 8192 | Speed: 11.24 t/s | Latency: 730.32s    [Req 168] Success | TTFT: 1216.4 ms | Tokens: 8192 | Speed: 11.24 t/s | Latency: 730.34s
    [Req 159] Success | TTFT: 1219.9 ms | Tokens: 8192 | Speed: 11.24 t/s | Latency: 730.31s
    [Req 169] Success | TTFT: 1218.2 ms | Tokens: 8192 | Speed: 11.24 t/s | Latency: 730.34s
    [Req 153] Success | TTFT: 1224.5 ms | Tokens: 8192 | Speed: 11.24 t/s | Latency: 730.35s
    [Req 239] Success | TTFT: 4642.8 ms | Tokens: 8192 | Speed: 11.29 t/s | Latency: 730.32s    [Req 170] Success | TTFT: 1220.7 ms | Tokens: 8192 | Speed: 11.24 t/s | Latency: 730.36s
    [Req 232] Success | TTFT: 4637.1 ms | Tokens: 8192 | Speed: 11.29 t/s | Latency: 730.34s



    [Req 225] Success | TTFT: 4634.8 ms | Tokens: 8192 | Speed: 11.29 t/s | Latency: 730.35s
    [Req 227] Success | TTFT: 4645.5 ms | Tokens: 8192 | Speed: 11.29 t/s | Latency: 730.35s    [Req 251] Success | TTFT: 4632.4 ms | Tokens: 8192 | Speed: 11.29 t/s | Latency: 730.35s    [Req 210] Success | TTFT: 4651.0 ms | Tokens: 8192 | Speed: 11.29 t/s | Latency: 730.37s
    [Req 247] Success | TTFT: 4638.8 ms | Tokens: 8192 | Speed: 11.29 t/s | Latency: 730.36s    [Req 171] Success | TTFT: 1213.8 ms | Tokens: 8192 | Speed: 11.23 t/s | Latency: 730.40s
    [Req 177] Success | TTFT: 1215.1 ms | Tokens: 8192 | Speed: 11.23 t/s | Latency: 730.40s
    [Req 208] Success | TTFT: 4646.9 ms | Tokens: 8192 | Speed: 11.29 t/s | Latency: 730.39s    [Req 181] Success | TTFT: 1198.6 ms | Tokens: 8192 | Speed: 11.23 t/s | Latency: 730.41s    [Req 157] Success | TTFT: 1209.1 ms | Tokens: 8192 | Speed: 11.23 t/s | Latency: 730.42s    [Req 150] Success | TTFT: 1213.0 ms | Tokens: 8192 | Speed: 11.23 t/s | Latency: 730.43s
    [Req 158] Success | TTFT: 1210.0 ms | Tokens: 8192 | Speed: 11.23 t/s | Latency: 730.43s
    [Req 142] Success | TTFT: 1232.3 ms | Tokens: 8192 | Speed: 11.23 t/s | Latency: 730.45s    [Req 144] Success | TTFT: 1227.7 ms | Tokens: 8192 | Speed: 11.23 t/s | Latency: 730.45s
    [Req 250] Success | TTFT: 4625.5 ms | Tokens: 8192 | Speed: 11.29 t/s | Latency: 730.41s
    [Req 236] Success | TTFT: 4636.5 ms | Tokens: 8192 | Speed: 11.29 t/s | Latency: 730.42s
    [Req 211] Success | TTFT: 4643.0 ms | Tokens: 8192 | Speed: 11.29 t/s | Latency: 730.44s
    [Req 226] Success | TTFT: 4637.1 ms | Tokens: 8192 | Speed: 11.29 t/s | Latency: 730.44s    [Req 243] Success | TTFT: 4629.6 ms | Tokens: 8192 | Speed: 11.29 t/s | Latency: 730.44s

    [Req 206] Success | TTFT: 4664.1 ms | Tokens: 8192 | Speed: 11.29 t/s | Latency: 730.46s    [Req 222] Success | TTFT: 4657.5 ms | Tokens: 8192 | Speed: 11.29 t/s | Latency: 730.46s
    [Req 185] Success | TTFT: 1210.2 ms | Tokens: 8192 | Speed: 11.23 t/s | Latency: 730.48s
    [Req 207] Success | TTFT: 4654.6 ms | Tokens: 8192 | Speed: 11.29 t/s | Latency: 730.47s    [Req 163] Success | TTFT: 1223.0 ms | Tokens: 8192 | Speed: 11.23 t/s | Latency: 730.50s
    [Req 216] Success | TTFT: 4643.4 ms | Tokens: 8192 | Speed: 11.29 t/s | Latency: 730.48s
    [Req 205] Success | TTFT: 4653.7 ms | Tokens: 8192 | Speed: 11.29 t/s | Latency: 730.49s    [Req 253] Success | TTFT: 4634.7 ms | Tokens: 8192 | Speed: 11.29 t/s | Latency: 730.47s    [Req 213] Success | TTFT: 4650.6 ms | Tokens: 8192 | Speed: 11.29 t/s | Latency: 730.50s    [Req 164] Success | TTFT: 1204.9 ms | Tokens: 8192 | Speed: 11.23 t/s | Latency: 730.52s
    [Req 220] Success | TTFT: 4649.5 ms | Tokens: 8192 | Speed: 11.29 t/s | Latency: 730.50s


    [Req 148] Success | TTFT: 1221.5 ms | Tokens: 8192 | Speed: 11.23 t/s | Latency: 730.54s    [Req 152] Success | TTFT: 1223.3 ms | Tokens: 8192 | Speed: 11.23 t/s | Latency: 730.54s    [Req 212] Success | TTFT: 4647.5 ms | Tokens: 8192 | Speed: 11.29 t/s | Latency: 730.52s
    [Req 228] Success | TTFT: 4639.3 ms | Tokens: 8192 | Speed: 11.29 t/s | Latency: 730.52s
    [Req 203] Success | TTFT: 4650.7 ms | Tokens: 8192 | Speed: 11.29 t/s | Latency: 730.54s

    [Req 235] Success | TTFT: 4639.8 ms | Tokens: 8192 | Speed: 11.29 t/s | Latency: 730.53s    [Req 246] Success | TTFT: 4648.2 ms | Tokens: 8192 | Speed: 11.29 t/s | Latency: 730.53s
    [Req 178] Success | TTFT: 1213.4 ms | Tokens: 8192 | Speed: 11.23 t/s | Latency: 730.56s
    [Req 256] Success | TTFT: 8065.6 ms | Tokens: 8192 | Speed: 11.34 t/s | Latency: 730.54s


    [Req 240] Success | TTFT: 4633.2 ms | Tokens: 8192 | Speed: 11.29 t/s | Latency: 730.55s    [Req 224] Success | TTFT: 4640.0 ms | Tokens: 8192 | Speed: 11.28 t/s | Latency: 730.56s
    [Req 248] Success | TTFT: 4629.0 ms | Tokens: 8192 | Speed: 11.28 t/s | Latency: 730.56s

    [Req 237] Success | TTFT: 4642.8 ms | Tokens: 8192 | Speed: 11.28 t/s | Latency: 730.57s
    [Req 201] Success | TTFT: 4649.6 ms | Tokens: 8192 | Speed: 11.28 t/s | Latency: 730.59s

    [Req 156] Success | TTFT: 1217.8 ms | Tokens: 8192 | Speed: 11.23 t/s | Latency: 730.61s
    [Req 151] Success | TTFT: 1227.3 ms | Tokens: 8192 | Speed: 11.23 t/s | Latency: 730.62s
    [Req 165] Success | TTFT: 1213.8 ms | Tokens: 8192 | Speed: 11.23 t/s | Latency: 730.62s
    [Req 217] Success | TTFT: 4638.5 ms | Tokens: 8192 | Speed: 11.28 t/s | Latency: 730.60s


    [Req 241] Success | TTFT: 4628.5 ms | Tokens: 8192 | Speed: 11.28 t/s | Latency: 730.59s
    [Req 229] Success | TTFT: 4643.4 ms | Tokens: 8192 | Speed: 11.28 t/s | Latency: 730.60s    [Req 209] Success | TTFT: 4643.5 ms | Tokens: 8192 | Speed: 11.28 t/s | Latency: 730.62s
    [Req 252] Success | TTFT: 4631.3 ms | Tokens: 8192 | Speed: 11.28 t/s | Latency: 730.61s
    [Req 221] Success | TTFT: 4646.3 ms | Tokens: 8192 | Speed: 11.28 t/s | Latency: 730.62s    [Req 254] Success | TTFT: 8067.5 ms | Tokens: 8192 | Speed: 11.34 t/s | Latency: 730.62s


    [Req 255] Success | TTFT: 4644.2 ms | Tokens: 8192 | Speed: 11.28 t/s | Latency: 730.62s
    [Req 161] Success | TTFT: 1221.7 ms | Tokens: 8192 | Speed: 11.23 t/s | Latency: 730.66s
    [Req 215] Success | TTFT: 4652.1 ms | Tokens: 8192 | Speed: 11.28 t/s | Latency: 730.65s
    [Req 199] Success | TTFT: 4659.4 ms | Tokens: 8192 | Speed: 11.28 t/s | Latency: 730.66s
    [Req 214] Success | TTFT: 4661.6 ms | Tokens: 8192 | Speed: 11.28 t/s | Latency: 730.66s
    [Req 223] Success | TTFT: 4648.1 ms | Tokens: 8192 | Speed: 11.28 t/s | Latency: 730.66s
    [Req 162] Success | TTFT: 1216.4 ms | Tokens: 8192 | Speed: 11.23 t/s | Latency: 730.69s


    [Req 149] Success | TTFT: 1211.5 ms | Tokens: 8192 | Speed: 11.23 t/s | Latency: 730.70s
    [Req 244] Success | TTFT: 4633.7 ms | Tokens: 8192 | Speed: 11.28 t/s | Latency: 730.67s    [Req 204] Success | TTFT: 4652.0 ms | Tokens: 8192 | Speed: 11.28 t/s | Latency: 730.69s
    [Req 219] Success | TTFT: 4640.6 ms | Tokens: 8192 | Speed: 11.28 t/s | Latency: 730.69s

    [Req 238] Success | TTFT: 4650.7 ms | Tokens: 8192 | Speed: 11.28 t/s | Latency: 730.68s

    [Req 234] Success | TTFT: 4633.5 ms | Tokens: 8192 | Speed: 11.28 t/s | Latency: 730.69s

    [Req 242] Success | TTFT: 4636.0 ms | Tokens: 8192 | Speed: 11.28 t/s | Latency: 730.69s

    [Req 245] Success | TTFT: 4637.5 ms | Tokens: 8192 | Speed: 11.28 t/s | Latency: 730.70s
    [Req 188] Success | TTFT: 1207.4 ms | Tokens: 8192 | Speed: 11.23 t/s | Latency: 730.73s
    [Req 218] Success | TTFT: 4646.4 ms | Tokens: 8192 | Speed: 11.28 t/s | Latency: 730.72s


    [Req 230] Success | TTFT: 4653.5 ms | Tokens: 8192 | Speed: 11.28 t/s | Latency: 730.72s
    [Req 249] Success | TTFT: 4627.6 ms | Tokens: 8192 | Speed: 11.28 t/s | Latency: 730.72s

  ✨ Done C=256 | Tok/s: 1314.69 | Req/s:  0.35 | TTFT: 1674.6ms | Stream: 10.42 t/s | Latency: 343.73s

▶️  [Concurrency 512] Running 512 requests...
    [Req 283] Success | TTFT: 1502.5 ms | Tokens: 596 | Speed: 8.41 t/s | Latency: 72.40s
    [Req 408] Success | TTFT: 2294.2 ms | Tokens: 782 | Speed: 8.69 t/s | Latency: 92.24s
    [Req 384] Success | TTFT: 1664.3 ms | Tokens: 895 | Speed: 8.72 t/s | Latency: 104.28s
    [Req 276] Success | TTFT: 1373.0 ms | Tokens: 909 | Speed: 8.71 t/s | Latency: 105.71s
    [Req 180] Success | TTFT: 1400.5 ms | Tokens: 923 | Speed: 8.72 t/s | Latency: 107.19s
    [Req 452] Success | TTFT: 2931.2 ms | Tokens: 929 | Speed: 8.84 t/s | Latency: 107.99s
    [Req 093] Success | TTFT: 714.6 ms | Tokens: 958 | Speed: 8.7 t/s | Latency: 110.85s
    [Req 198] Success | TTFT: 1385.6 ms | Tokens: 959 | Speed: 8.75 t/s | Latency: 111.02s
    [Req 227] Success | TTFT: 1404.4 ms | Tokens: 961 | Speed: 8.75 t/s | Latency: 111.28s
    [Req 377] Success | TTFT: 1665.9 ms | Tokens: 966 | Speed: 8.77 t/s | Latency: 111.86s
    [Req 363] Success | TTFT: 1693.2 ms | Tokens: 977 | Speed: 8.77 t/s | Latency: 113.03s
    [Req 369] Success | TTFT: 1670.8 ms | Tokens: 984 | Speed: 8.78 t/s | Latency: 113.78s
    [Req 256] Success | TTFT: 1374.4 ms | Tokens: 989 | Speed: 8.76 t/s | Latency: 114.25s
    [Req 249] Success | TTFT: 1378.8 ms | Tokens: 990 | Speed: 8.76 t/s | Latency: 114.36s
    [Req 460] Success | TTFT: 2905.1 ms | Tokens: 988 | Speed: 8.87 t/s | Latency: 114.27s
    [Req 080] Success | TTFT: 655.6 ms | Tokens: 993 | Speed: 8.72 t/s | Latency: 114.59s
    [Req 241] Success | TTFT: 1391.7 ms | Tokens: 996 | Speed: 8.77 t/s | Latency: 115.01s
    [Req 163] Success | TTFT: 864.6 ms | Tokens: 997 | Speed: 8.73 t/s | Latency: 115.04s
    [Req 037] Success | TTFT: 479.1 ms | Tokens: 999 | Speed: 8.71 t/s | Latency: 115.20s
    [Req 267] Success | TTFT: 1376.1 ms | Tokens: 999 | Speed: 8.77 t/s | Latency: 115.32s
    [Req 129] Success | TTFT: 844.6 ms | Tokens: 1001 | Speed: 8.73 t/s | Latency: 115.49s
    [Req 224] Success | TTFT: 1390.0 ms | Tokens: 1007 | Speed: 8.77 t/s | Latency: 116.18s
    [Req 200] Success | TTFT: 1390.9 ms | Tokens: 1010 | Speed: 8.78 t/s | Latency: 116.46s
    [Req 504] Success | TTFT: 2906.3 ms | Tokens: 1008 | Speed: 8.88 t/s | Latency: 116.38s
    [Req 055] Success | TTFT: 670.6 ms | Tokens: 1013 | Speed: 8.73 t/s | Latency: 116.73s
    [Req 019] Success | TTFT: 476.9 ms | Tokens: 1016 | Speed: 8.72 t/s | Latency: 117.01s
    [Req 383] Success | TTFT: 1664.9 ms | Tokens: 1019 | Speed: 8.8 t/s | Latency: 117.50s
    [Req 064] Success | TTFT: 662.3 ms | Tokens: 1022 | Speed: 8.73 t/s | Latency: 117.68s
    [Req 375] Success | TTFT: 1684.3 ms | Tokens: 1020 | Speed: 8.8 t/s | Latency: 117.61s
    [Req 350] Success | TTFT: 1695.1 ms | Tokens: 1023 | Speed: 8.8 t/s | Latency: 117.93s
    [Req 120] Success | TTFT: 853.9 ms | Tokens: 1031 | Speed: 8.75 t/s | Latency: 118.67s
    [Req 083] Success | TTFT: 696.8 ms | Tokens: 1032 | Speed: 8.74 t/s | Latency: 118.74s
    [Req 386] Success | TTFT: 1675.7 ms | Tokens: 1031 | Speed: 8.8 t/s | Latency: 118.77s
    [Req 471] Success | TTFT: 2922.6 ms | Tokens: 1031 | Speed: 8.89 t/s | Latency: 118.84s
    [Req 418] Success | TTFT: 2275.9 ms | Tokens: 1032 | Speed: 8.85 t/s | Latency: 118.91s
    [Req 178] Success | TTFT: 1404.6 ms | Tokens: 1035 | Speed: 8.79 t/s | Latency: 119.12s
    [Req 257] Success | TTFT: 1387.5 ms | Tokens: 1036 | Speed: 8.79 t/s | Latency: 119.25s
    [Req 301] Success | TTFT: 1495.1 ms | Tokens: 1042 | Speed: 8.8 t/s | Latency: 119.92s
    [Req 060] Success | TTFT: 710.6 ms | Tokens: 1044 | Speed: 8.75 t/s | Latency: 120.02s
    [Req 389] Success | TTFT: 1669.0 ms | Tokens: 1042 | Speed: 8.81 t/s | Latency: 119.94s
    [Req 143] Success | TTFT: 844.1 ms | Tokens: 1049 | Speed: 8.76 t/s | Latency: 120.55s
    [Req 164] Success | TTFT: 847.7 ms | Tokens: 1050 | Speed: 8.76 t/s | Latency: 120.65s
    [Req 208] Success | TTFT: 1393.1 ms | Tokens: 1050 | Speed: 8.8 t/s | Latency: 120.68s
    [Req 341] Success | TTFT: 1700.1 ms | Tokens: 1050 | Speed: 8.82 t/s | Latency: 120.77s
    [Req 205] Success | TTFT: 1387.2 ms | Tokens: 1054 | Speed: 8.81 t/s | Latency: 121.09s
    [Req 065] Success | TTFT: 672.6 ms | Tokens: 1055 | Speed: 8.76 t/s | Latency: 121.15s
    [Req 371] Success | TTFT: 1678.7 ms | Tokens: 1055 | Speed: 8.82 t/s | Latency: 121.27s
    [Req 074] Success | TTFT: 710.2 ms | Tokens: 1058 | Speed: 8.76 t/s | Latency: 121.45s
    [Req 254] Success | TTFT: 1390.8 ms | Tokens: 1057 | Speed: 8.81 t/s | Latency: 121.42s
    [Req 477] Success | TTFT: 2919.4 ms | Tokens: 1057 | Speed: 8.91 t/s | Latency: 121.53s
    [Req 171] Success | TTFT: 1399.1 ms | Tokens: 1064 | Speed: 8.81 t/s | Latency: 122.12s
    [Req 503] Success | TTFT: 2890.5 ms | Tokens: 1062 | Speed: 8.91 t/s | Latency: 122.03s
    [Req 461] Success | TTFT: 2908.1 ms | Tokens: 1063 | Speed: 8.91 t/s | Latency: 122.15s
    [Req 232] Success | TTFT: 1386.7 ms | Tokens: 1065 | Speed: 8.81 t/s | Latency: 122.25s
    [Req 390] Success | TTFT: 1678.9 ms | Tokens: 1065 | Speed: 8.83 t/s | Latency: 122.28s
    [Req 134] Success | TTFT: 865.1 ms | Tokens: 1068 | Speed: 8.78 t/s | Latency: 122.49s
    [Req 314] Success | TTFT: 1502.1 ms | Tokens: 1067 | Speed: 8.82 t/s | Latency: 122.47s
    [Req 354] Success | TTFT: 1689.3 ms | Tokens: 1067 | Speed: 8.83 t/s | Latency: 122.50s
    [Req 084] Success | TTFT: 700.7 ms | Tokens: 1071 | Speed: 8.77 t/s | Latency: 122.77s
    [Req 430] Success | TTFT: 2283.4 ms | Tokens: 1068 | Speed: 8.87 t/s | Latency: 122.62s
    [Req 034] Success | TTFT: 463.2 ms | Tokens: 1072 | Speed: 8.76 t/s | Latency: 122.84s
    [Req 253] Success | TTFT: 1382.5 ms | Tokens: 1071 | Speed: 8.82 t/s | Latency: 122.85s
    [Req 213] Success | TTFT: 1383.2 ms | Tokens: 1072 | Speed: 8.82 t/s | Latency: 122.92s
    [Req 373] Success | TTFT: 1679.7 ms | Tokens: 1071 | Speed: 8.83 t/s | Latency: 122.90s
    [Req 294] Success | TTFT: 1504.8 ms | Tokens: 1076 | Speed: 8.83 t/s | Latency: 123.39s
    [Req 052] Success | TTFT: 473.4 ms | Tokens: 1079 | Speed: 8.77 t/s | Latency: 123.55s
    [Req 333] Success | TTFT: 1493.7 ms | Tokens: 1077 | Speed: 8.83 t/s | Latency: 123.48s
    [Req 337] Success | TTFT: 1696.7 ms | Tokens: 1077 | Speed: 8.84 t/s | Latency: 123.53s
    [Req 303] Success | TTFT: 1501.4 ms | Tokens: 1080 | Speed: 8.83 t/s | Latency: 123.80s
    [Req 378] Success | TTFT: 1682.3 ms | Tokens: 1080 | Speed: 8.84 t/s | Latency: 123.81s
    [Req 274] Success | TTFT: 1379.5 ms | Tokens: 1081 | Speed: 8.83 t/s | Latency: 123.86s
    [Req 066] Success | TTFT: 714.4 ms | Tokens: 1085 | Speed: 8.79 t/s | Latency: 124.20s
    [Req 459] Success | TTFT: 2916.7 ms | Tokens: 1083 | Speed: 8.93 t/s | Latency: 124.19s
    [Req 042] Success | TTFT: 460.0 ms | Tokens: 1087 | Speed: 8.77 t/s | Latency: 124.37s
    [Req 173] Success | TTFT: 1400.6 ms | Tokens: 1086 | Speed: 8.83 t/s | Latency: 124.36s
    [Req 355] Success | TTFT: 1689.1 ms | Tokens: 1085 | Speed: 8.85 t/s | Latency: 124.33s
    [Req 272] Success | TTFT: 1385.0 ms | Tokens: 1088 | Speed: 8.83 t/s | Latency: 124.57s
    [Req 365] Success | TTFT: 1693.3 ms | Tokens: 1090 | Speed: 8.85 t/s | Latency: 124.84s
    [Req 050] Success | TTFT: 457.0 ms | Tokens: 1095 | Speed: 8.78 t/s | Latency: 125.18s
    [Req 028] Success | TTFT: 483.6 ms | Tokens: 1096 | Speed: 8.78 t/s | Latency: 125.29s
    [Req 202] Success | TTFT: 1392.8 ms | Tokens: 1096 | Speed: 8.84 t/s | Latency: 125.36s
    [Req 115] Success | TTFT: 867.5 ms | Tokens: 1098 | Speed: 8.81 t/s | Latency: 125.56s
    [Req 189] Success | TTFT: 1397.4 ms | Tokens: 1099 | Speed: 8.84 t/s | Latency: 125.68s
    [Req 482] Success | TTFT: 2912.0 ms | Tokens: 1098 | Speed: 8.94 t/s | Latency: 125.71s
    [Req 316] Success | TTFT: 1502.6 ms | Tokens: 1100 | Speed: 8.85 t/s | Latency: 125.83s
    [Req 500] Success | TTFT: 2902.4 ms | Tokens: 1099 | Speed: 8.94 t/s | Latency: 125.80s    [Req 498] Success | TTFT: 2896.2 ms | Tokens: 1099 | Speed: 8.94 t/s | Latency: 125.80s

    [Req 159] Success | TTFT: 837.8 ms | Tokens: 1103 | Speed: 8.81 t/s | Latency: 126.05s
    [Req 141] Success | TTFT: 874.1 ms | Tokens: 1103 | Speed: 8.81 t/s | Latency: 126.06s
    [Req 118] Success | TTFT: 860.4 ms | Tokens: 1105 | Speed: 8.81 t/s | Latency: 126.27s
    [Req 204] Success | TTFT: 1392.8 ms | Tokens: 1105 | Speed: 8.85 t/s | Latency: 126.29s
    [Req 239] Success | TTFT: 1381.9 ms | Tokens: 1105 | Speed: 8.84 t/s | Latency: 126.32s
    [Req 079] Success | TTFT: 661.8 ms | Tokens: 1107 | Speed: 8.8 t/s | Latency: 126.44s
    [Req 152] Success | TTFT: 874.4 ms | Tokens: 1107 | Speed: 8.81 t/s | Latency: 126.46s
    [Req 017] Success | TTFT: 245.6 ms | Tokens: 1109 | Speed: 8.78 t/s | Latency: 126.57s
    [Req 379] Success | TTFT: 1677.5 ms | Tokens: 1106 | Speed: 8.86 t/s | Latency: 126.46s
    [Req 319] Success | TTFT: 1504.9 ms | Tokens: 1107 | Speed: 8.85 t/s | Latency: 126.54s
    [Req 067] Success | TTFT: 703.5 ms | Tokens: 1109 | Speed: 8.81 t/s | Latency: 126.65s
    [Req 342] Success | TTFT: 1689.5 ms | Tokens: 1107 | Speed: 8.86 t/s | Latency: 126.58s
    [Req 123] Success | TTFT: 863.5 ms | Tokens: 1109 | Speed: 8.81 t/s | Latency: 126.68s
    [Req 112] Success | TTFT: 857.8 ms | Tokens: 1109 | Speed: 8.81 t/s | Latency: 126.68s
    [Req 332] Success | TTFT: 1480.4 ms | Tokens: 1109 | Speed: 8.85 t/s | Latency: 126.74s
    [Req 061] Success | TTFT: 721.8 ms | Tokens: 1111 | Speed: 8.81 t/s | Latency: 126.86s
    [Req 051] Success | TTFT: 463.6 ms | Tokens: 1113 | Speed: 8.8 t/s | Latency: 127.01s
    [Req 228] Success | TTFT: 1402.2 ms | Tokens: 1111 | Speed: 8.85 t/s | Latency: 126.94s
    [Req 338] Success | TTFT: 1488.3 ms | Tokens: 1111 | Speed: 8.86 t/s | Latency: 126.94s
    [Req 194] Success | TTFT: 1396.7 ms | Tokens: 1112 | Speed: 8.85 t/s | Latency: 127.01s
    [Req 447] Success | TTFT: 2925.0 ms | Tokens: 1113 | Speed: 8.95 t/s | Latency: 127.25s
    [Req 244] Success | TTFT: 1393.4 ms | Tokens: 1115 | Speed: 8.85 t/s | Latency: 127.34s
    [Req 310] Success | TTFT: 1499.2 ms | Tokens: 1115 | Speed: 8.86 t/s | Latency: 127.36s
    [Req 280] Success | TTFT: 1372.7 ms | Tokens: 1118 | Speed: 8.86 t/s | Latency: 127.63s
    [Req 315] Success | TTFT: 1490.8 ms | Tokens: 1119 | Speed: 8.86 t/s | Latency: 127.77s
    [Req 266] Success | TTFT: 1381.6 ms | Tokens: 1120 | Speed: 8.86 t/s | Latency: 127.83s
    [Req 177] Success | TTFT: 1404.9 ms | Tokens: 1121 | Speed: 8.86 t/s | Latency: 127.93s
    [Req 245] Success | TTFT: 1395.6 ms | Tokens: 1122 | Speed: 8.86 t/s | Latency: 128.05s
    [Req 075] Success | TTFT: 699.7 ms | Tokens: 1124 | Speed: 8.82 t/s | Latency: 128.17s
    [Req 077] Success | TTFT: 714.4 ms | Tokens: 1124 | Speed: 8.82 t/s | Latency: 128.17s
    [Req 357] Success | TTFT: 1682.6 ms | Tokens: 1122 | Speed: 8.88 t/s | Latency: 128.10s
    [Req 499] Success | TTFT: 2898.6 ms | Tokens: 1121 | Speed: 8.96 t/s | Latency: 128.04s
    [Req 137] Success | TTFT: 881.6 ms | Tokens: 1124 | Speed: 8.83 t/s | Latency: 128.20s
    [Req 340] Success | TTFT: 1691.8 ms | Tokens: 1124 | Speed: 8.88 t/s | Latency: 128.31s
    [Req 454] Success | TTFT: 2925.2 ms | Tokens: 1124 | Speed: 8.96 t/s | Latency: 128.37s
    [Req 059] Success | TTFT: 716.7 ms | Tokens: 1128 | Speed: 8.82 t/s | Latency: 128.59s
    [Req 004] Success | TTFT: 239.1 ms | Tokens: 1131 | Speed: 8.8 t/s | Latency: 128.81s
    [Req 455] Success | TTFT: 2904.8 ms | Tokens: 1127 | Speed: 8.96 t/s | Latency: 128.67s
    [Req 361] Success | TTFT: 1678.9 ms | Tokens: 1129 | Speed: 8.88 t/s | Latency: 128.81s
    [Req 215] Success | TTFT: 1384.6 ms | Tokens: 1131 | Speed: 8.87 t/s | Latency: 128.92s
    [Req 236] Success | TTFT: 1396.6 ms | Tokens: 1132 | Speed: 8.87 t/s | Latency: 129.07s
    [Req 132] Success | TTFT: 877.7 ms | Tokens: 1133 | Speed: 8.84 t/s | Latency: 129.12s
    [Req 372] Success | TTFT: 1683.9 ms | Tokens: 1132 | Speed: 8.88 t/s | Latency: 129.11s
    [Req 331] Success | TTFT: 1484.2 ms | Tokens: 1133 | Speed: 8.87 t/s | Latency: 129.18s
    [Req 218] Success | TTFT: 1386.5 ms | Tokens: 1134 | Speed: 8.87 t/s | Latency: 129.23s
    [Req 230] Success | TTFT: 1403.9 ms | Tokens: 1134 | Speed: 8.87 t/s | Latency: 129.28s
    [Req 085] Success | TTFT: 717.4 ms | Tokens: 1136 | Speed: 8.83 t/s | Latency: 129.39s
    [Req 364] Success | TTFT: 1685.0 ms | Tokens: 1134 | Speed: 8.88 t/s | Latency: 129.32s
    [Req 359] Success | TTFT: 1694.6 ms | Tokens: 1134 | Speed: 8.88 t/s | Latency: 129.33s
    [Req 347] Success | TTFT: 1700.0 ms | Tokens: 1134 | Speed: 8.88 t/s | Latency: 129.33s
    [Req 250] Success | TTFT: 1388.8 ms | Tokens: 1136 | Speed: 8.87 t/s | Latency: 129.47s
    [Req 184] Success | TTFT: 1399.5 ms | Tokens: 1137 | Speed: 8.87 t/s | Latency: 129.55s
    [Req 140] Success | TTFT: 851.9 ms | Tokens: 1138 | Speed: 8.84 t/s | Latency: 129.62s
    [Req 193] Success | TTFT: 1400.3 ms | Tokens: 1139 | Speed: 8.87 t/s | Latency: 129.75s
    [Req 157] Success | TTFT: 843.9 ms | Tokens: 1140 | Speed: 8.84 t/s | Latency: 129.82s
    [Req 014] Success | TTFT: 494.5 ms | Tokens: 1141 | Speed: 8.82 t/s | Latency: 129.88s
    [Req 006] Success | TTFT: 251.3 ms | Tokens: 1143 | Speed: 8.81 t/s | Latency: 130.04s
    [Req 325] Success | TTFT: 1500.1 ms | Tokens: 1140 | Speed: 8.88 t/s | Latency: 129.90s
    [Req 114] Success | TTFT: 879.2 ms | Tokens: 1142 | Speed: 8.84 t/s | Latency: 130.04s
    [Req 176] Success | TTFT: 1395.8 ms | Tokens: 1143 | Speed: 8.88 t/s | Latency: 130.17s
    [Req 124] Success | TTFT: 882.1 ms | Tokens: 1144 | Speed: 8.84 t/s | Latency: 130.24s
    [Req 407] Success | TTFT: 2293.3 ms | Tokens: 1142 | Speed: 8.93 t/s | Latency: 130.17s
    [Req 496] Success | TTFT: 2886.9 ms | Tokens: 1142 | Speed: 8.97 t/s | Latency: 130.18s
    [Req 268] Success | TTFT: 1382.4 ms | Tokens: 1145 | Speed: 8.88 t/s | Latency: 130.38s
    [Req 144] Success | TTFT: 839.3 ms | Tokens: 1147 | Speed: 8.84 t/s | Latency: 130.54s
    [Req 161] Success | TTFT: 859.1 ms | Tokens: 1149 | Speed: 8.85 t/s | Latency: 130.73s
    [Req 360] Success | TTFT: 1684.3 ms | Tokens: 1148 | Speed: 8.89 t/s | Latency: 130.75s
    [Req 465] Success | TTFT: 2922.6 ms | Tokens: 1148 | Speed: 8.98 t/s | Latency: 130.81s
    [Req 206] Success | TTFT: 1396.3 ms | Tokens: 1151 | Speed: 8.88 t/s | Latency: 130.97s
    [Req 370] Success | TTFT: 1688.8 ms | Tokens: 1150 | Speed: 8.9 t/s | Latency: 130.95s
    [Req 090] Success | TTFT: 704.8 ms | Tokens: 1153 | Speed: 8.84 t/s | Latency: 131.12s
    [Req 380] Success | TTFT: 1683.5 ms | Tokens: 1151 | Speed: 8.9 t/s | Latency: 131.04s
    [Req 317] Success | TTFT: 1497.4 ms | Tokens: 1152 | Speed: 8.89 t/s | Latency: 131.13s
    [Req 345] Success | TTFT: 1694.3 ms | Tokens: 1152 | Speed: 8.9 t/s | Latency: 131.16s
    [Req 255] Success | TTFT: 1380.6 ms | Tokens: 1153 | Speed: 8.88 t/s | Latency: 131.20s
    [Req 385] Success | TTFT: 1667.7 ms | Tokens: 1152 | Speed: 8.9 t/s | Latency: 131.15s
    [Req 182] Success | TTFT: 1405.3 ms | Tokens: 1154 | Speed: 8.89 t/s | Latency: 131.28s
    [Req 197] Success | TTFT: 1390.4 ms | Tokens: 1154 | Speed: 8.88 t/s | Latency: 131.28s
    [Req 247] Success | TTFT: 1383.9 ms | Tokens: 1155 | Speed: 8.88 t/s | Latency: 131.40s
    [Req 476] Success | TTFT: 2917.1 ms | Tokens: 1154 | Speed: 8.98 t/s | Latency: 131.41s
    [Req 488] Success | TTFT: 2902.7 ms | Tokens: 1154 | Speed: 8.98 t/s | Latency: 131.41s
    [Req 388] Success | TTFT: 1677.4 ms | Tokens: 1155 | Speed: 8.9 t/s | Latency: 131.45s
    [Req 225] Success | TTFT: 1384.8 ms | Tokens: 1157 | Speed: 8.89 t/s | Latency: 131.57s
    [Req 201] Success | TTFT: 1399.6 ms | Tokens: 1158 | Speed: 8.89 t/s | Latency: 131.68s
    [Req 162] Success | TTFT: 831.1 ms | Tokens: 1159 | Speed: 8.85 t/s | Latency: 131.75s
    [Req 233] Success | TTFT: 1396.0 ms | Tokens: 1159 | Speed: 8.89 t/s | Latency: 131.82s
    [Req 462] Success | TTFT: 2922.4 ms | Tokens: 1157 | Speed: 8.98 t/s | Latency: 131.72s
    [Req 456] Success | TTFT: 2918.5 ms | Tokens: 1158 | Speed: 8.98 t/s | Latency: 131.83s
    [Req 058] Success | TTFT: 706.3 ms | Tokens: 1162 | Speed: 8.85 t/s | Latency: 132.04s
    [Req 109] Success | TTFT: 708.2 ms | Tokens: 1162 | Speed: 8.85 t/s | Latency: 132.03s
    [Req 149] Success | TTFT: 847.7 ms | Tokens: 1164 | Speed: 8.86 t/s | Latency: 132.26s
    [Req 271] Success | TTFT: 1372.7 ms | Tokens: 1164 | Speed: 8.89 t/s | Latency: 132.30s
    [Req 469] Success | TTFT: 2907.3 ms | Tokens: 1162 | Speed: 8.99 t/s | Latency: 132.22s
    [Req 352] Success | TTFT: 1679.0 ms | Tokens: 1163 | Speed: 8.91 t/s | Latency: 132.27s
    [Req 448] Success | TTFT: 2908.1 ms | Tokens: 1163 | Speed: 8.99 t/s | Latency: 132.33s
    [Req 260] Success | TTFT: 1385.5 ms | Tokens: 1165 | Speed: 8.89 t/s | Latency: 132.41s
    [Req 188] Success | TTFT: 1392.5 ms | Tokens: 1166 | Speed: 8.89 t/s | Latency: 132.49s
    [Req 091] Success | TTFT: 693.9 ms | Tokens: 1167 | Speed: 8.85 t/s | Latency: 132.53s
    [Req 485] Success | TTFT: 2901.1 ms | Tokens: 1165 | Speed: 8.99 t/s | Latency: 132.51s
    [Req 016] Success | TTFT: 461.1 ms | Tokens: 1169 | Speed: 8.84 t/s | Latency: 132.71s
    [Req 343] Success | TTFT: 1688.6 ms | Tokens: 1166 | Speed: 8.91 t/s | Latency: 132.58s
    [Req 234] Success | TTFT: 1396.0 ms | Tokens: 1168 | Speed: 8.89 t/s | Latency: 132.72s    [Req 128] Success | TTFT: 884.6 ms | Tokens: 1169 | Speed: 8.86 t/s | Latency: 132.77s

    [Req 273] Success | TTFT: 1375.8 ms | Tokens: 1169 | Speed: 8.89 t/s | Latency: 132.80s
    [Req 026] Success | TTFT: 466.2 ms | Tokens: 1172 | Speed: 8.84 t/s | Latency: 133.00s
    [Req 156] Success | TTFT: 868.0 ms | Tokens: 1171 | Speed: 8.87 t/s | Latency: 132.95s
    [Req 320] Success | TTFT: 1489.9 ms | Tokens: 1170 | Speed: 8.9 t/s | Latency: 132.94s
    [Req 321] Success | TTFT: 1497.8 ms | Tokens: 1171 | Speed: 8.9 t/s | Latency: 133.03s
    [Req 199] Success | TTFT: 1399.1 ms | Tokens: 1172 | Speed: 8.9 t/s | Latency: 133.09s
    [Req 011] Success | TTFT: 480.4 ms | Tokens: 1175 | Speed: 8.85 t/s | Latency: 133.31s
    [Req 358] Success | TTFT: 1677.3 ms | Tokens: 1172 | Speed: 8.91 t/s | Latency: 133.17s
    [Req 362] Success | TTFT: 1685.9 ms | Tokens: 1173 | Speed: 8.92 t/s | Latency: 133.26s
    [Req 024] Success | TTFT: 457.3 ms | Tokens: 1176 | Speed: 8.85 t/s | Latency: 133.41s
    [Req 348] Success | TTFT: 1694.6 ms | Tokens: 1173 | Speed: 8.91 t/s | Latency: 133.27s
    [Req 179] Success | TTFT: 1396.9 ms | Tokens: 1175 | Speed: 8.9 t/s | Latency: 133.39s
    [Req 046] Success | TTFT: 470.1 ms | Tokens: 1179 | Speed: 8.85 t/s | Latency: 133.69s
    [Req 490] Success | TTFT: 2904.3 ms | Tokens: 1176 | Speed: 9.0 t/s | Latency: 133.60s
    [Req 110] Success | TTFT: 700.5 ms | Tokens: 1180 | Speed: 8.86 t/s | Latency: 133.82s
    [Req 020] Success | TTFT: 486.6 ms | Tokens: 1181 | Speed: 8.85 t/s | Latency: 133.90s
    [Req 212] Success | TTFT: 1387.1 ms | Tokens: 1181 | Speed: 8.91 t/s | Latency: 133.98s
    [Req 336] Success | TTFT: 1683.1 ms | Tokens: 1180 | Speed: 8.92 t/s | Latency: 133.97s
    [Req 326] Success | TTFT: 1501.7 ms | Tokens: 1181 | Speed: 8.91 t/s | Latency: 134.03s
    [Req 057] Success | TTFT: 438.7 ms | Tokens: 1185 | Speed: 8.85 t/s | Latency: 134.29s
    [Req 220] Success | TTFT: 1383.2 ms | Tokens: 1184 | Speed: 8.91 t/s | Latency: 134.27s
    [Req 478] Success | TTFT: 2915.2 ms | Tokens: 1183 | Speed: 9.0 t/s | Latency: 134.30s
    [Req 382] Success | TTFT: 1685.3 ms | Tokens: 1184 | Speed: 8.92 t/s | Latency: 134.35s
    [Req 102] Success | TTFT: 657.0 ms | Tokens: 1187 | Speed: 8.87 t/s | Latency: 134.52s
    [Req 222] Success | TTFT: 1389.7 ms | Tokens: 1186 | Speed: 8.91 t/s | Latency: 134.47s
    [Req 153] Success | TTFT: 835.3 ms | Tokens: 1187 | Speed: 8.88 t/s | Latency: 134.54s
    [Req 096] Success | TTFT: 658.6 ms | Tokens: 1188 | Speed: 8.87 t/s | Latency: 134.62s
    [Req 012] Success | TTFT: 489.6 ms | Tokens: 1189 | Speed: 8.86 t/s | Latency: 134.70s
    [Req 259] Success | TTFT: 1377.8 ms | Tokens: 1190 | Speed: 8.91 t/s | Latency: 134.89s
    [Req 165] Success | TTFT: 841.1 ms | Tokens: 1191 | Speed: 8.88 t/s | Latency: 134.94s
    [Req 278] Success | TTFT: 1381.9 ms | Tokens: 1190 | Speed: 8.91 t/s | Latency: 134.89s
    [Req 196] Success | TTFT: 1395.0 ms | Tokens: 1191 | Speed: 8.92 t/s | Latency: 134.98s
    [Req 302] Success | TTFT: 1509.9 ms | Tokens: 1190 | Speed: 8.92 t/s | Latency: 134.94s
    [Req 309] Success | TTFT: 1509.3 ms | Tokens: 1191 | Speed: 8.92 t/s | Latency: 135.03s
    [Req 007] Success | TTFT: 246.5 ms | Tokens: 1194 | Speed: 8.85 t/s | Latency: 135.16s
    [Req 111] Success | TTFT: 891.2 ms | Tokens: 1193 | Speed: 8.89 t/s | Latency: 135.16s
    [Req 264] Success | TTFT: 1375.0 ms | Tokens: 1192 | Speed: 8.91 t/s | Latency: 135.10s
    [Req 147] Success | TTFT: 864.8 ms | Tokens: 1193 | Speed: 8.88 t/s | Latency: 135.15s
    [Req 210] Success | TTFT: 1391.5 ms | Tokens: 1193 | Speed: 8.92 t/s | Latency: 135.17s
    [Req 186] Success | TTFT: 1403.1 ms | Tokens: 1193 | Speed: 8.92 t/s | Latency: 135.18s
    [Req 130] Success | TTFT: 871.8 ms | Tokens: 1194 | Speed: 8.89 t/s | Latency: 135.25s
    [Req 069] Success | TTFT: 723.4 ms | Tokens: 1195 | Speed: 8.88 t/s | Latency: 135.33s
    [Req 008] Success | TTFT: 229.8 ms | Tokens: 1196 | Speed: 8.85 t/s | Latency: 135.36s
    [Req 483] Success | TTFT: 2895.8 ms | Tokens: 1192 | Speed: 9.01 t/s | Latency: 135.20s
    [Req 174] Success | TTFT: 1410.7 ms | Tokens: 1195 | Speed: 8.92 t/s | Latency: 135.39s
    [Req 306] Success | TTFT: 1505.1 ms | Tokens: 1194 | Speed: 8.92 t/s | Latency: 135.33s
    [Req 263] Success | TTFT: 1378.0 ms | Tokens: 1196 | Speed: 8.92 t/s | Latency: 135.50s
    [Req 099] Success | TTFT: 689.0 ms | Tokens: 1198 | Speed: 8.88 t/s | Latency: 135.62s
    [Req 022] Success | TTFT: 490.4 ms | Tokens: 1199 | Speed: 8.87 t/s | Latency: 135.70s
    [Req 494] Success | TTFT: 2895.7 ms | Tokens: 1196 | Speed: 9.01 t/s | Latency: 135.60s
    [Req 223] Success | TTFT: 1394.9 ms | Tokens: 1198 | Speed: 8.92 t/s | Latency: 135.72s
    [Req 148] Success | TTFT: 872.2 ms | Tokens: 1200 | Speed: 8.89 t/s | Latency: 135.84s
    [Req 142] Success | TTFT: 862.3 ms | Tokens: 1200 | Speed: 8.89 t/s | Latency: 135.85s
    [Req 029] Success | TTFT: 477.7 ms | Tokens: 1202 | Speed: 8.87 t/s | Latency: 135.99s
    [Req 070] Success | TTFT: 717.5 ms | Tokens: 1203 | Speed: 8.88 t/s | Latency: 136.13s
    [Req 269] Success | TTFT: 1374.3 ms | Tokens: 1203 | Speed: 8.92 t/s | Latency: 136.19s
    [Req 229] Success | TTFT: 1396.1 ms | Tokens: 1204 | Speed: 8.92 t/s | Latency: 136.31s
    [Req 334] Success | TTFT: 1497.4 ms | Tokens: 1204 | Speed: 8.93 t/s | Latency: 136.32s
    [Req 457] Success | TTFT: 2919.4 ms | Tokens: 1203 | Speed: 9.02 t/s | Latency: 136.31s
    [Req 018] Success | TTFT: 469.3 ms | Tokens: 1208 | Speed: 8.87 t/s | Latency: 136.60s
    [Req 219] Success | TTFT: 1378.2 ms | Tokens: 1207 | Speed: 8.93 t/s | Latency: 136.56s
    [Req 168] Success | TTFT: 1397.9 ms | Tokens: 1207 | Speed: 8.93 t/s | Latency: 136.59s
    [Req 242] Success | TTFT: 1383.4 ms | Tokens: 1207 | Speed: 8.93 t/s | Latency: 136.60s
    [Req 155] Success | TTFT: 850.7 ms | Tokens: 1209 | Speed: 8.9 t/s | Latency: 136.74s
    [Req 105] Success | TTFT: 645.2 ms | Tokens: 1210 | Speed: 8.89 t/s | Latency: 136.81s
    [Req 311] Success | TTFT: 1507.8 ms | Tokens: 1208 | Speed: 8.93 t/s | Latency: 136.73s
    [Req 308] Success | TTFT: 1491.2 ms | Tokens: 1209 | Speed: 8.93 t/s | Latency: 136.82s
    [Req 113] Success | TTFT: 652.9 ms | Tokens: 1212 | Speed: 8.89 t/s | Latency: 137.00s
    [Req 497] Success | TTFT: 2901.0 ms | Tokens: 1209 | Speed: 9.02 t/s | Latency: 136.88s
    [Req 048] Success | TTFT: 447.4 ms | Tokens: 1214 | Speed: 8.88 t/s | Latency: 137.17s
    [Req 226] Success | TTFT: 1390.6 ms | Tokens: 1212 | Speed: 8.93 t/s | Latency: 137.10s
    [Req 139] Success | TTFT: 857.8 ms | Tokens: 1214 | Speed: 8.9 t/s | Latency: 137.24s
    [Req 367] Success | TTFT: 1674.3 ms | Tokens: 1212 | Speed: 8.95 t/s | Latency: 137.14s
    [Req 145] Success | TTFT: 877.9 ms | Tokens: 1217 | Speed: 8.91 t/s | Latency: 137.52s
    [Req 032] Success | TTFT: 454.3 ms | Tokens: 1218 | Speed: 8.88 t/s | Latency: 137.57s
    [Req 211] Success | TTFT: 1383.2 ms | Tokens: 1217 | Speed: 8.94 t/s | Latency: 137.55s
    [Req 040] Success | TTFT: 445.4 ms | Tokens: 1220 | Speed: 8.88 t/s | Latency: 137.76s
    [Req 054] Success | TTFT: 478.0 ms | Tokens: 1220 | Speed: 8.89 t/s | Latency: 137.76s
    [Req 056] Success | TTFT: 664.4 ms | Tokens: 1222 | Speed: 8.9 t/s | Latency: 138.00s
    [Req 265] Success | TTFT: 1384.6 ms | Tokens: 1221 | Speed: 8.94 t/s | Latency: 137.96s
    [Req 063] Success | TTFT: 667.6 ms | Tokens: 1223 | Speed: 8.9 t/s | Latency: 138.10s
    [Req 185] Success | TTFT: 1401.7 ms | Tokens: 1222 | Speed: 8.94 t/s | Latency: 138.05s
    [Req 087] Success | TTFT: 711.1 ms | Tokens: 1225 | Speed: 8.9 t/s | Latency: 138.29s
    [Req 062] Success | TTFT: 727.4 ms | Tokens: 1227 | Speed: 8.91 t/s | Latency: 138.49s
    [Req 053] Success | TTFT: 467.6 ms | Tokens: 1228 | Speed: 8.89 t/s | Latency: 138.53s
    [Req 207] Success | TTFT: 1388.3 ms | Tokens: 1227 | Speed: 8.95 t/s | Latency: 138.52s
    [Req 095] Success | TTFT: 655.6 ms | Tokens: 1228 | Speed: 8.9 t/s | Latency: 138.58s
    [Req 025] Success | TTFT: 242.3 ms | Tokens: 1230 | Speed: 8.88 t/s | Latency: 138.70s
    [Req 068] Success | TTFT: 707.9 ms | Tokens: 1231 | Speed: 8.91 t/s | Latency: 138.88s
    [Req 013] Success | TTFT: 484.7 ms | Tokens: 1232 | Speed: 8.9 t/s | Latency: 138.94s
    [Req 106] Success | TTFT: 698.1 ms | Tokens: 1232 | Speed: 8.91 t/s | Latency: 138.96s
    [Req 195] Success | TTFT: 1389.0 ms | Tokens: 1232 | Speed: 8.95 t/s | Latency: 139.02s
    [Req 005] Success | TTFT: 234.7 ms | Tokens: 1235 | Speed: 8.89 t/s | Latency: 139.19s
    [Req 181] Success | TTFT: 1397.8 ms | Tokens: 1233 | Speed: 8.95 t/s | Latency: 139.12s
    [Req 175] Success | TTFT: 1401.4 ms | Tokens: 1233 | Speed: 8.95 t/s | Latency: 139.13s
    [Req 078] Success | TTFT: 720.1 ms | Tokens: 1234 | Speed: 8.91 t/s | Latency: 139.17s
    [Req 312] Success | TTFT: 1493.5 ms | Tokens: 1232 | Speed: 8.95 t/s | Latency: 139.07s
    [Req 101] Success | TTFT: 710.8 ms | Tokens: 1234 | Speed: 8.91 t/s | Latency: 139.16s
    [Req 071] Success | TTFT: 664.2 ms | Tokens: 1235 | Speed: 8.91 t/s | Latency: 139.27s
    [Req 366] Success | TTFT: 1688.9 ms | Tokens: 1234 | Speed: 8.97 t/s | Latency: 139.29s
    [Req 261] Success | TTFT: 1381.9 ms | Tokens: 1235 | Speed: 8.95 t/s | Latency: 139.33s
    [Req 270] Success | TTFT: 1369.3 ms | Tokens: 1236 | Speed: 8.95 t/s | Latency: 139.42s
    [Req 116] Success | TTFT: 884.6 ms | Tokens: 1237 | Speed: 8.92 t/s | Latency: 139.49s
    [Req 191] Success | TTFT: 1392.3 ms | Tokens: 1237 | Speed: 8.96 t/s | Latency: 139.51s
    [Req 393] Success | TTFT: 1670.5 ms | Tokens: 1236 | Speed: 8.97 t/s | Latency: 139.47s
    [Req 287] Success | TTFT: 1507.8 ms | Tokens: 1239 | Speed: 8.96 t/s | Latency: 139.76s
    [Req 146] Success | TTFT: 854.3 ms | Tokens: 1242 | Speed: 8.93 t/s | Latency: 139.97s
    [Req 100] Success | TTFT: 694.6 ms | Tokens: 1246 | Speed: 8.92 t/s | Latency: 140.33s
    [Req 307] Success | TTFT: 1495.1 ms | Tokens: 1246 | Speed: 8.97 t/s | Latency: 140.43s
    [Req 167] Success | TTFT: 1404.2 ms | Tokens: 1248 | Speed: 8.97 t/s | Latency: 140.59s
    [Req 002] Success | TTFT: 223.1 ms | Tokens: 1253 | Speed: 8.9 t/s | Latency: 140.95s
    [Req 170] Success | TTFT: 1410.2 ms | Tokens: 1253 | Speed: 8.97 t/s | Latency: 141.07s
    [Req 353] Success | TTFT: 1681.5 ms | Tokens: 1252 | Speed: 8.98 t/s | Latency: 141.04s
    [Req 221] Success | TTFT: 1379.4 ms | Tokens: 1256 | Speed: 8.97 t/s | Latency: 141.35s
    [Req 043] Success | TTFT: 466.8 ms | Tokens: 1258 | Speed: 8.92 t/s | Latency: 141.47s
    [Req 021] Success | TTFT: 480.7 ms | Tokens: 1259 | Speed: 8.92 t/s | Latency: 141.57s
    [Req 158] Success | TTFT: 873.1 ms | Tokens: 1259 | Speed: 8.95 t/s | Latency: 141.61s
    [Req 001] Success | TTFT: 136.7 ms | Tokens: 1261 | Speed: 8.91 t/s | Latency: 141.68s
    [Req 098] Success | TTFT: 700.2 ms | Tokens: 1260 | Speed: 8.94 t/s | Latency: 141.69s
    [Req 240] Success | TTFT: 1390.0 ms | Tokens: 1259 | Speed: 8.97 t/s | Latency: 141.68s
    [Req 172] Success | TTFT: 1405.5 ms | Tokens: 1260 | Speed: 8.98 t/s | Latency: 141.76s
    [Req 243] Success | TTFT: 1389.5 ms | Tokens: 1262 | Speed: 8.98 t/s | Latency: 141.96s
    [Req 258] Success | TTFT: 1386.1 ms | Tokens: 1264 | Speed: 8.98 t/s | Latency: 142.15s
    [Req 339] Success | TTFT: 1697.6 ms | Tokens: 1266 | Speed: 9.0 t/s | Latency: 142.40s
    [Req 072] Success | TTFT: 658.1 ms | Tokens: 1269 | Speed: 8.94 t/s | Latency: 142.56s
    [Req 049] Success | TTFT: 441.8 ms | Tokens: 1271 | Speed: 8.93 t/s | Latency: 142.71s
    [Req 045] Success | TTFT: 481.3 ms | Tokens: 1271 | Speed: 8.94 t/s | Latency: 142.72s
    [Req 136] Success | TTFT: 842.2 ms | Tokens: 1271 | Speed: 8.96 t/s | Latency: 142.77s
    [Req 491] Success | TTFT: 2892.0 ms | Tokens: 1269 | Speed: 9.08 t/s | Latency: 142.72s
    [Req 121] Success | TTFT: 847.5 ms | Tokens: 1273 | Speed: 8.96 t/s | Latency: 142.97s
    [Req 329] Success | TTFT: 1493.6 ms | Tokens: 1273 | Speed: 8.99 t/s | Latency: 143.03s
    [Req 092] Success | TTFT: 698.0 ms | Tokens: 1275 | Speed: 8.95 t/s | Latency: 143.13s
    [Req 492] Success | TTFT: 2905.9 ms | Tokens: 1272 | Speed: 9.08 t/s | Latency: 143.00s
    [Req 324] Success | TTFT: 1483.3 ms | Tokens: 1274 | Speed: 8.99 t/s | Latency: 143.13s
    [Req 103] Success | TTFT: 704.3 ms | Tokens: 1276 | Speed: 8.95 t/s | Latency: 143.22s
    [Req 277] Success | TTFT: 1379.3 ms | Tokens: 1277 | Speed: 8.99 t/s | Latency: 143.38s
    [Req 328] Success | TTFT: 1486.9 ms | Tokens: 1277 | Speed: 9.0 t/s | Latency: 143.41s
    [Req 374] Success | TTFT: 1671.2 ms | Tokens: 1278 | Speed: 9.01 t/s | Latency: 143.53s
    [Req 216] Success | TTFT: 1378.8 ms | Tokens: 1280 | Speed: 9.0 t/s | Latency: 143.65s
    [Req 318] Success | TTFT: 1486.6 ms | Tokens: 1279 | Speed: 9.0 t/s | Latency: 143.61s
    [Req 027] Success | TTFT: 472.5 ms | Tokens: 1282 | Speed: 8.95 t/s | Latency: 143.77s
    [Req 127] Success | TTFT: 850.5 ms | Tokens: 1282 | Speed: 8.97 t/s | Latency: 143.83s
    [Req 183] Success | TTFT: 1392.1 ms | Tokens: 1282 | Speed: 9.0 t/s | Latency: 143.85s
    [Req 464] Success | TTFT: 2900.2 ms | Tokens: 1280 | Speed: 9.09 t/s | Latency: 143.78s
    [Req 015] Success | TTFT: 465.8 ms | Tokens: 1285 | Speed: 8.95 t/s | Latency: 144.06s
    [Req 107] Success | TTFT: 686.3 ms | Tokens: 1285 | Speed: 8.96 t/s | Latency: 144.07s
    [Req 187] Success | TTFT: 1395.8 ms | Tokens: 1285 | Speed: 9.0 t/s | Latency: 144.13s
    [Req 246] Success | TTFT: 1386.0 ms | Tokens: 1285 | Speed: 9.0 t/s | Latency: 144.15s
    [Req 327] Success | TTFT: 1490.7 ms | Tokens: 1289 | Speed: 9.01 t/s | Latency: 144.54s
    [Req 376] Success | TTFT: 1678.1 ms | Tokens: 1289 | Speed: 9.02 t/s | Latency: 144.56s
    [Req 237] Success | TTFT: 1393.0 ms | Tokens: 1290 | Speed: 9.01 t/s | Latency: 144.62s
    [Req 003] Success | TTFT: 243.5 ms | Tokens: 1294 | Speed: 8.95 t/s | Latency: 144.86s
    [Req 133] Success | TTFT: 854.2 ms | Tokens: 1294 | Speed: 8.98 t/s | Latency: 144.94s
    [Req 031] Success | TTFT: 459.2 ms | Tokens: 1295 | Speed: 8.96 t/s | Latency: 144.99s
    [Req 231] Success | TTFT: 1400.9 ms | Tokens: 1294 | Speed: 9.01 t/s | Latency: 145.00s
    [Req 160] Success | TTFT: 853.9 ms | Tokens: 1295 | Speed: 8.98 t/s | Latency: 145.03s
    [Req 251] Success | TTFT: 1379.2 ms | Tokens: 1296 | Speed: 9.01 t/s | Latency: 145.17s
    [Req 217] Success | TTFT: 1389.1 ms | Tokens: 1297 | Speed: 9.02 t/s | Latency: 145.24s
    [Req 214] Success | TTFT: 1392.2 ms | Tokens: 1303 | Speed: 9.02 t/s | Latency: 145.79s
    [Req 381] Success | TTFT: 1671.7 ms | Tokens: 1302 | Speed: 9.04 t/s | Latency: 145.76s
    [Req 304] Success | TTFT: 1497.1 ms | Tokens: 1303 | Speed: 9.03 t/s | Latency: 145.84s
    [Req 150] Success | TTFT: 842.2 ms | Tokens: 1309 | Speed: 9.0 t/s | Latency: 146.32s
    [Req 154] Success | TTFT: 861.9 ms | Tokens: 1309 | Speed: 9.0 t/s | Latency: 146.32s
    [Req 082] Success | TTFT: 706.8 ms | Tokens: 1311 | Speed: 8.99 t/s | Latency: 146.49s
    [Req 023] Success | TTFT: 462.1 ms | Tokens: 1313 | Speed: 8.98 t/s | Latency: 146.65s
    [Req 122] Success | TTFT: 887.5 ms | Tokens: 1313 | Speed: 9.0 t/s | Latency: 146.70s
    [Req 033] Success | TTFT: 448.1 ms | Tokens: 1317 | Speed: 8.99 t/s | Latency: 147.01s
    [Req 131] Success | TTFT: 860.4 ms | Tokens: 1320 | Speed: 9.01 t/s | Latency: 147.34s
    [Req 368] Success | TTFT: 1677.3 ms | Tokens: 1318 | Speed: 9.05 t/s | Latency: 147.24s
    [Req 119] Success | TTFT: 876.9 ms | Tokens: 1321 | Speed: 9.01 t/s | Latency: 147.44s
    [Req 089] Success | TTFT: 662.2 ms | Tokens: 1322 | Speed: 9.0 t/s | Latency: 147.50s
    [Req 248] Success | TTFT: 1387.8 ms | Tokens: 1321 | Speed: 9.04 t/s | Latency: 147.47s
    [Req 296] Success | TTFT: 1501.2 ms | Tokens: 1323 | Speed: 9.05 t/s | Latency: 147.69s
    [Req 009] Success | TTFT: 225.3 ms | Tokens: 1328 | Speed: 8.99 t/s | Latency: 147.99s
    [Req 135] Success | TTFT: 847.9 ms | Tokens: 1328 | Speed: 9.02 t/s | Latency: 148.07s
    [Req 047] Success | TTFT: 453.0 ms | Tokens: 1329 | Speed: 9.0 t/s | Latency: 148.11s
    [Req 010] Success | TTFT: 244.8 ms | Tokens: 1330 | Speed: 8.99 t/s | Latency: 148.17s
    [Req 108] Success | TTFT: 691.3 ms | Tokens: 1332 | Speed: 9.02 t/s | Latency: 148.41s
    [Req 117] Success | TTFT: 871.6 ms | Tokens: 1333 | Speed: 9.03 t/s | Latency: 148.54s
    [Req 138] Success | TTFT: 869.1 ms | Tokens: 1337 | Speed: 9.03 t/s | Latency: 148.90s
    [Req 169] Success | TTFT: 828.0 ms | Tokens: 1338 | Speed: 9.03 t/s | Latency: 148.98s
    [Req 044] Success | TTFT: 477.2 ms | Tokens: 1340 | Speed: 9.01 t/s | Latency: 149.12s
    [Req 038] Success | TTFT: 451.3 ms | Tokens: 1342 | Speed: 9.02 t/s | Latency: 149.31s
    [Req 192] Success | TTFT: 1388.5 ms | Tokens: 1341 | Speed: 9.07 t/s | Latency: 149.29s
    [Req 472] Success | TTFT: 2897.0 ms | Tokens: 1339 | Speed: 9.15 t/s | Latency: 149.21s
    [Req 298] Success | TTFT: 1507.7 ms | Tokens: 1343 | Speed: 9.07 t/s | Latency: 149.52s
    [Req 073] Success | TTFT: 668.6 ms | Tokens: 1347 | Speed: 9.03 t/s | Latency: 149.80s
    [Req 203] Success | TTFT: 1385.8 ms | Tokens: 1346 | Speed: 9.07 t/s | Latency: 149.75s
    [Req 209] Success | TTFT: 1382.2 ms | Tokens: 1347 | Speed: 9.07 t/s | Latency: 149.84s
    [Req 086] Success | TTFT: 657.5 ms | Tokens: 1351 | Speed: 9.04 t/s | Latency: 150.16s
    [Req 330] Success | TTFT: 1495.6 ms | Tokens: 1350 | Speed: 9.08 t/s | Latency: 150.15s
    [Req 344] Success | TTFT: 1680.6 ms | Tokens: 1352 | Speed: 9.09 t/s | Latency: 150.37s
    [Req 094] Success | TTFT: 707.6 ms | Tokens: 1356 | Speed: 9.05 t/s | Latency: 150.61s
    [Req 126] Success | TTFT: 868.3 ms | Tokens: 1358 | Speed: 9.06 t/s | Latency: 150.82s
    [Req 104] Success | TTFT: 650.5 ms | Tokens: 1359 | Speed: 9.05 t/s | Latency: 150.88s
    [Req 125] Success | TTFT: 858.1 ms | Tokens: 1364 | Speed: 9.06 t/s | Latency: 151.36s
    [Req 030] Success | TTFT: 486.8 ms | Tokens: 1370 | Speed: 9.05 t/s | Latency: 151.84s
    [Req 387] Success | TTFT: 1676.8 ms | Tokens: 1368 | Speed: 9.11 t/s | Latency: 151.78s
    [Req 035] Success | TTFT: 469.9 ms | Tokens: 1381 | Speed: 9.06 t/s | Latency: 152.82s
    [Req 076] Success | TTFT: 704.9 ms | Tokens: 1391 | Speed: 9.09 t/s | Latency: 153.73s
    [Req 041] Success | TTFT: 456.1 ms | Tokens: 1396 | Speed: 9.08 t/s | Latency: 154.15s
    [Req 190] Success | TTFT: 1403.3 ms | Tokens: 1401 | Speed: 9.14 t/s | Latency: 154.67s
    [Req 036] Success | TTFT: 475.0 ms | Tokens: 1406 | Speed: 9.1 t/s | Latency: 155.04s
    [Req 081] Success | TTFT: 666.3 ms | Tokens: 1407 | Speed: 9.11 t/s | Latency: 155.15s
    [Req 235] Success | TTFT: 1387.4 ms | Tokens: 1406 | Speed: 9.15 t/s | Latency: 155.13s
    [Req 151] Success | TTFT: 858.4 ms | Tokens: 1407 | Speed: 9.12 t/s | Latency: 155.17s
    [Req 313] Success | TTFT: 1499.8 ms | Tokens: 1407 | Speed: 9.15 t/s | Latency: 155.24s
    [Req 275] Success | TTFT: 1368.9 ms | Tokens: 1410 | Speed: 9.15 t/s | Latency: 155.47s
    [Req 088] Success | TTFT: 652.9 ms | Tokens: 1413 | Speed: 9.11 t/s | Latency: 155.69s
    [Req 238] Success | TTFT: 1397.6 ms | Tokens: 1420 | Speed: 9.16 t/s | Latency: 156.37s
    [Req 323] Success | TTFT: 1487.0 ms | Tokens: 1421 | Speed: 9.17 t/s | Latency: 156.47s
    [Req 466] Success | TTFT: 2903.4 ms | Tokens: 1427 | Speed: 9.26 t/s | Latency: 157.07s
    [Req 039] Success | TTFT: 484.1 ms | Tokens: 1464 | Speed: 9.17 t/s | Latency: 160.17s
    [Req 097] Success | TTFT: 648.4 ms | Tokens: 1468 | Speed: 9.18 t/s | Latency: 160.55s
    [Req 473] Success | TTFT: 2919.9 ms | Tokens: 1465 | Speed: 9.3 t/s | Latency: 160.43s
    [Req 451] Success | TTFT: 2912.4 ms | Tokens: 1509 | Speed: 9.35 t/s | Latency: 164.33s
    [Req 458] Success | TTFT: 2925.5 ms | Tokens: 1524 | Speed: 9.37 t/s | Latency: 165.65s
    [Req 166] Success | TTFT: 851.4 ms | Tokens: 1535 | Speed: 9.27 t/s | Latency: 166.49s
    [Req 322] Success | TTFT: 1499.6 ms | Tokens: 1537 | Speed: 9.3 t/s | Latency: 166.73s
    [Req 443] Success | TTFT: 2267.1 ms | Tokens: 1595 | Speed: 9.4 t/s | Latency: 171.89s
    [Req 335] Success | TTFT: 1703.0 ms | Tokens: 1617 | Speed: 9.39 t/s | Latency: 173.84s
    [Req 475] Success | TTFT: 2898.3 ms | Tokens: 1728 | Speed: 9.56 t/s | Latency: 183.68s
    [Req 484] Success | TTFT: 2909.7 ms | Tokens: 1738 | Speed: 9.57 t/s | Latency: 184.56s
    [Req 286] Success | TTFT: 1499.3 ms | Tokens: 1801 | Speed: 9.55 t/s | Latency: 190.08s
    [Req 394] Success | TTFT: 2291.5 ms | Tokens: 2043 | Speed: 9.77 t/s | Latency: 211.46s
    [Req 289] Success | TTFT: 1510.1 ms | Tokens: 2095 | Speed: 9.77 t/s | Latency: 216.00s
    [Req 262] Success | TTFT: 1386.9 ms | Tokens: 2712 | Speed: 10.08 t/s | Latency: 270.44s
    [Req 508] Success | TTFT: 6341.4 ms | Tokens: 2855 | Speed: 10.31 t/s | Latency: 283.18s
    [Req 419] Success | TTFT: 2279.4 ms | Tokens: 2967 | Speed: 10.2 t/s | Latency: 293.04s
    [Req 510] Success | TTFT: 6342.5 ms | Tokens: 3051 | Speed: 10.37 t/s | Latency: 300.50s
    [Req 489] Success | TTFT: 2889.5 ms | Tokens: 3086 | Speed: 10.26 t/s | Latency: 303.55s
    [Req 429] Success | TTFT: 2272.2 ms | Tokens: 3211 | Speed: 10.28 t/s | Latency: 314.57s
    [Req 405] Success | TTFT: 2275.0 ms | Tokens: 3330 | Speed: 10.32 t/s | Latency: 325.08s
    [Req 438] Success | TTFT: 2268.5 ms | Tokens: 3368 | Speed: 10.33 t/s | Latency: 328.42s
    [Req 400] Success | TTFT: 2280.9 ms | Tokens: 3712 | Speed: 10.41 t/s | Latency: 358.74s
    [Req 506] Success | TTFT: 6362.3 ms | Tokens: 3979 | Speed: 10.58 t/s | Latency: 382.29s
    [Req 409] Success | TTFT: 2285.4 ms | Tokens: 4145 | Speed: 10.5 t/s | Latency: 396.88s
    [Req 402] Success | TTFT: 2290.7 ms | Tokens: 4320 | Speed: 10.54 t/s | Latency: 412.29s
    [Req 507] Success | TTFT: 6357.8 ms | Tokens: 4587 | Speed: 10.68 t/s | Latency: 435.87s
    [Req 421] Success | TTFT: 2270.2 ms | Tokens: 4789 | Speed: 10.61 t/s | Latency: 453.63s
    [Req 440] Success | TTFT: 2273.6 ms | Tokens: 4905 | Speed: 10.63 t/s | Latency: 463.85s
    [Req 417] Success | TTFT: 2286.9 ms | Tokens: 5253 | Speed: 10.67 t/s | Latency: 494.51s
    [Req 509] Success | TTFT: 6362.7 ms | Tokens: 5333 | Speed: 10.77 t/s | Latency: 501.60s
    [Req 512] Success | TTFT: 6345.7 ms | Tokens: 5338 | Speed: 10.77 t/s | Latency: 502.04s
    [Req 502] Success | TTFT: 6348.0 ms | Tokens: 6497 | Speed: 10.9 t/s | Latency: 602.62s
    [Req 252] Success | TTFT: 1393.5 ms | Tokens: 8192 | Speed: 10.95 t/s | Latency: 749.60s
    [Req 279] Success | TTFT: 1511.5 ms | Tokens: 8192 | Speed: 10.95 t/s | Latency: 749.64s    [Req 305] Success | TTFT: 1503.9 ms | Tokens: 8192 | Speed: 10.95 t/s | Latency: 749.63s    [Req 292] Success | TTFT: 1512.8 ms | Tokens: 8192 | Speed: 10.95 t/s | Latency: 749.64s    [Req 288] Success | TTFT: 1504.5 ms | Tokens: 8192 | Speed: 10.95 t/s | Latency: 749.65s

    [Req 284] Success | TTFT: 1518.5 ms | Tokens: 8192 | Speed: 10.95 t/s | Latency: 749.66s
    [Req 300] Success | TTFT: 1510.5 ms | Tokens: 8192 | Speed: 10.95 t/s | Latency: 749.66s

    [Req 285] Success | TTFT: 1518.8 ms | Tokens: 8192 | Speed: 10.95 t/s | Latency: 749.67s
    [Req 295] Success | TTFT: 1513.5 ms | Tokens: 8192 | Speed: 10.95 t/s | Latency: 749.67s    [Req 297] Success | TTFT: 1505.1 ms | Tokens: 8192 | Speed: 10.95 t/s | Latency: 749.67s

    [Req 356] Success | TTFT: 1696.3 ms | Tokens: 8192 | Speed: 10.95 t/s | Latency: 749.66s

    [Req 349] Success | TTFT: 1690.5 ms | Tokens: 8192 | Speed: 10.95 t/s | Latency: 749.67s
    [Req 291] Success | TTFT: 1500.2 ms | Tokens: 8192 | Speed: 10.95 t/s | Latency: 749.70s
    [Req 299] Success | TTFT: 1496.4 ms | Tokens: 8192 | Speed: 10.95 t/s | Latency: 749.70s
    [Req 346] Success | TTFT: 1691.0 ms | Tokens: 8192 | Speed: 10.95 t/s | Latency: 749.68s
    [Req 290] Success | TTFT: 1512.7 ms | Tokens: 8192 | Speed: 10.95 t/s | Latency: 749.71s    [Req 282] Success | TTFT: 1514.3 ms | Tokens: 8192 | Speed: 10.95 t/s | Latency: 749.72s
    [Req 281] Success | TTFT: 1506.4 ms | Tokens: 8192 | Speed: 10.95 t/s | Latency: 749.73s
    [Req 436] Success | TTFT: 2267.2 ms | Tokens: 8192 | Speed: 10.96 t/s | Latency: 749.66s
    [Req 404] Success | TTFT: 2283.0 ms | Tokens: 8192 | Speed: 10.96 t/s | Latency: 749.68s    [Req 444] Success | TTFT: 2264.2 ms | Tokens: 8192 | Speed: 10.96 t/s | Latency: 749.67s    [Req 415] Success | TTFT: 2278.8 ms | Tokens: 8192 | Speed: 10.96 t/s | Latency: 749.69s
    [Req 427] Success | TTFT: 2268.0 ms | Tokens: 8192 | Speed: 10.96 t/s | Latency: 749.69s    [Req 351] Success | TTFT: 1679.6 ms | Tokens: 8192 | Speed: 10.95 t/s | Latency: 749.73s    [Req 434] Success | TTFT: 2275.9 ms | Tokens: 8192 | Speed: 10.96 t/s | Latency: 749.70s
    [Req 450] Success | TTFT: 2268.3 ms | Tokens: 8192 | Speed: 10.96 t/s | Latency: 749.70s    [Req 453] Success | TTFT: 2912.1 ms | Tokens: 8192 | Speed: 10.97 t/s | Latency: 749.70s    [Req 449] Success | TTFT: 2925.3 ms | Tokens: 8192 | Speed: 10.97 t/s | Latency: 749.71s
    [Req 397] Success | TTFT: 2284.9 ms | Tokens: 8192 | Speed: 10.96 t/s | Latency: 749.74s
    [Req 391] Success | TTFT: 2302.4 ms | Tokens: 8192 | Speed: 10.96 t/s | Latency: 749.74s    [Req 414] Success | TTFT: 2292.1 ms | Tokens: 8192 | Speed: 10.96 t/s | Latency: 749.74s    [Req 439] Success | TTFT: 2279.6 ms | Tokens: 8192 | Speed: 10.96 t/s | Latency: 749.73s    [Req 423] Success | TTFT: 2284.9 ms | Tokens: 8192 | Speed: 10.96 t/s | Latency: 749.75s
    [Req 435] Success | TTFT: 2264.1 ms | Tokens: 8192 | Speed: 10.96 t/s | Latency: 749.74s


    [Req 293] Success | TTFT: 1496.6 ms | Tokens: 8192 | Speed: 10.95 t/s | Latency: 749.81s
    [Req 406] Success | TTFT: 2284.2 ms | Tokens: 8192 | Speed: 10.96 t/s | Latency: 749.77s

    [Req 416] Success | TTFT: 2289.8 ms | Tokens: 8192 | Speed: 10.96 t/s | Latency: 749.77s

    [Req 413] Success | TTFT: 2277.3 ms | Tokens: 8192 | Speed: 10.96 t/s | Latency: 749.78s
    [Req 432] Success | TTFT: 2274.0 ms | Tokens: 8192 | Speed: 10.96 t/s | Latency: 749.77s
    [Req 493] Success | TTFT: 2907.7 ms | Tokens: 8192 | Speed: 10.97 t/s | Latency: 749.75s
    [Req 486] Success | TTFT: 2911.8 ms | Tokens: 8192 | Speed: 10.97 t/s | Latency: 749.76s
    [Req 487] Success | TTFT: 2901.9 ms | Tokens: 8192 | Speed: 10.97 t/s | Latency: 749.76s
    [Req 398] Success | TTFT: 2279.2 ms | Tokens: 8192 | Speed: 10.96 t/s | Latency: 749.81s
    [Req 437] Success | TTFT: 2262.3 ms | Tokens: 8192 | Speed: 10.96 t/s | Latency: 749.80s
    [Req 401] Success | TTFT: 2299.0 ms | Tokens: 8192 | Speed: 10.96 t/s | Latency: 749.82s


    [Req 501] Success | TTFT: 6348.0 ms | Tokens: 8192 | Speed: 11.02 t/s | Latency: 749.78s
    [Req 474] Success | TTFT: 2911.2 ms | Tokens: 8192 | Speed: 10.97 t/s | Latency: 749.80s

    [Req 420] Success | TTFT: 2273.5 ms | Tokens: 8192 | Speed: 10.96 t/s | Latency: 749.82s    [Req 445] Success | TTFT: 2265.9 ms | Tokens: 8192 | Speed: 10.96 t/s | Latency: 749.82s    [Req 431] Success | TTFT: 2275.4 ms | Tokens: 8192 | Speed: 10.96 t/s | Latency: 749.83s    [Req 505] Success | TTFT: 2893.7 ms | Tokens: 8192 | Speed: 10.97 t/s | Latency: 749.80s
    [Req 481] Success | TTFT: 2916.2 ms | Tokens: 8192 | Speed: 10.97 t/s | Latency: 749.82s
    [Req 442] Success | TTFT: 2269.7 ms | Tokens: 8192 | Speed: 10.96 t/s | Latency: 749.84s
    [Req 428] Success | TTFT: 2266.6 ms | Tokens: 8192 | Speed: 10.96 t/s | Latency: 749.85s
    [Req 470] Success | TTFT: 2911.2 ms | Tokens: 8192 | Speed: 10.97 t/s | Latency: 749.84s
    [Req 396] Success | TTFT: 2295.2 ms | Tokens: 8192 | Speed: 10.96 t/s | Latency: 749.88s

    [Req 468] Success | TTFT: 2920.9 ms | Tokens: 8192 | Speed: 10.97 t/s | Latency: 749.85s
    [Req 479] Success | TTFT: 2900.8 ms | Tokens: 8192 | Speed: 10.97 t/s | Latency: 749.85s
    [Req 403] Success | TTFT: 2291.2 ms | Tokens: 8192 | Speed: 10.96 t/s | Latency: 749.89s
    [Req 426] Success | TTFT: 2287.1 ms | Tokens: 8192 | Speed: 10.96 t/s | Latency: 749.88s    [Req 463] Success | TTFT: 2913.9 ms | Tokens: 8192 | Speed: 10.97 t/s | Latency: 749.87s    [Req 392] Success | TTFT: 2297.6 ms | Tokens: 8192 | Speed: 10.96 t/s | Latency: 749.91s
    [Req 424] Success | TTFT: 2284.5 ms | Tokens: 8192 | Speed: 10.96 t/s | Latency: 749.90s
    [Req 441] Success | TTFT: 2277.2 ms | Tokens: 8192 | Speed: 10.96 t/s | Latency: 749.90s
    [Req 433] Success | TTFT: 2282.4 ms | Tokens: 8192 | Speed: 10.96 t/s | Latency: 749.91s    [Req 511] Success | TTFT: 6344.2 ms | Tokens: 8192 | Speed: 11.02 t/s | Latency: 749.88s
    [Req 467] Success | TTFT: 2922.2 ms | Tokens: 8192 | Speed: 10.97 t/s | Latency: 749.90s



    [Req 422] Success | TTFT: 2276.9 ms | Tokens: 8192 | Speed: 10.96 t/s | Latency: 749.93s    [Req 399] Success | TTFT: 2294.3 ms | Tokens: 8192 | Speed: 10.96 t/s | Latency: 749.94s
    [Req 410] Success | TTFT: 2293.2 ms | Tokens: 8192 | Speed: 10.96 t/s | Latency: 749.94s
    [Req 446] Success | TTFT: 2257.1 ms | Tokens: 8192 | Speed: 10.96 t/s | Latency: 749.93s
    [Req 425] Success | TTFT: 2280.1 ms | Tokens: 8192 | Speed: 10.96 t/s | Latency: 749.95s


    [Req 395] Success | TTFT: 2282.5 ms | Tokens: 8192 | Speed: 10.96 t/s | Latency: 749.96s
    [Req 412] Success | TTFT: 2272.4 ms | Tokens: 8192 | Speed: 10.96 t/s | Latency: 749.96s


    [Req 495] Success | TTFT: 2898.6 ms | Tokens: 8192 | Speed: 10.97 t/s | Latency: 749.93s

    [Req 411] Success | TTFT: 2277.9 ms | Tokens: 8192 | Speed: 10.96 t/s | Latency: 749.97s    [Req 480] Success | TTFT: 2897.8 ms | Tokens: 8192 | Speed: 10.97 t/s | Latency: 749.95s


  ✨ Done C=512 | Tok/s: 1606.27 | Req/s:  0.68 | TTFT: 1545.5ms | Stream:  9.29 t/s | Latency: 236.90s

======================================================================
📌 RUNNING WORKLOAD: Pattern B: 8K Input / 1K Output (Prompt & Prefill Heavy)
   Input Tokens: 8192 | Max Output Tokens: 1024
======================================================================

▶️  [Concurrency   1] Running 2 requests...
  🔥 Running warmup request...
  ✅ Warmup done.
    [Req 001] Success | TTFT: 956.1 ms | Tokens: 1024 | Speed: 13.27 t/s | Latency: 78.10s
    [Req 002] Success | TTFT: 949.8 ms | Tokens: 1024 | Speed: 13.28 t/s | Latency: 78.07s
  ✨ Done C=  1 | Tok/s:   13.11 | Req/s:  0.01 | TTFT:  953.0ms | Stream: 13.27 t/s | Latency: 78.08s

▶️  [Concurrency   4] Running 8 requests...
    [Req 002] Success | TTFT: 1434.8 ms | Tokens: 1024 | Speed: 12.49 t/s | Latency: 83.41s
    [Req 003] Success | TTFT: 1694.3 ms | Tokens: 1024 | Speed: 12.53 t/s | Latency: 83.45s
    [Req 004] Success | TTFT: 1911.6 ms | Tokens: 1024 | Speed: 12.55 t/s | Latency: 83.49s
    [Req 001] Success | TTFT: 1913.3 ms | Tokens: 1024 | Speed: 12.55 t/s | Latency: 83.49s
    [Req 007] Success | TTFT: 918.8 ms | Tokens: 1024 | Speed: 12.55 t/s | Latency: 82.51s
    [Req 008] Success | TTFT: 917.3 ms | Tokens: 1024 | Speed: 12.55 t/s | Latency: 82.51s
    [Req 005] Success | TTFT: 1217.5 ms | Tokens: 1024 | Speed: 12.58 t/s | Latency: 82.63s
    [Req 006] Success | TTFT: 1353.5 ms | Tokens: 1024 | Speed: 12.6 t/s | Latency: 82.63s
  ✨ Done C=  4 | Tok/s:   49.33 | Req/s:  0.05 | TTFT: 1420.1ms | Stream: 12.55 t/s | Latency: 83.01s

▶️  [Concurrency  16] Running 32 requests...
    [Req 007] Success | TTFT: 294.6 ms | Tokens: 831 | Speed: 12.28 t/s | Latency: 67.96s
    [Req 008] Success | TTFT: 375.2 ms | Tokens: 960 | Speed: 12.27 t/s | Latency: 78.63s
    [Req 002] Success | TTFT: 179.7 ms | Tokens: 1024 | Speed: 12.26 t/s | Latency: 83.72s
    [Req 005] Success | TTFT: 190.6 ms | Tokens: 1024 | Speed: 12.25 t/s | Latency: 83.76s
    [Req 009] Success | TTFT: 294.6 ms | Tokens: 1024 | Speed: 12.26 t/s | Latency: 83.80s
    [Req 010] Success | TTFT: 293.0 ms | Tokens: 1024 | Speed: 12.26 t/s | Latency: 83.80s
    [Req 001] Success | TTFT: 298.7 ms | Tokens: 1024 | Speed: 12.26 t/s | Latency: 83.83s
    [Req 006] Success | TTFT: 295.6 ms | Tokens: 1024 | Speed: 12.26 t/s | Latency: 83.83s
    [Req 003] Success | TTFT: 298.4 ms | Tokens: 1024 | Speed: 12.26 t/s | Latency: 83.83s
    [Req 004] Success | TTFT: 297.2 ms | Tokens: 1024 | Speed: 12.26 t/s | Latency: 83.83s
    [Req 012] Success | TTFT: 372.7 ms | Tokens: 1024 | Speed: 12.26 t/s | Latency: 83.87s
    [Req 013] Success | TTFT: 372.9 ms | Tokens: 1024 | Speed: 12.26 t/s | Latency: 83.87s
    [Req 015] Success | TTFT: 370.4 ms | Tokens: 1024 | Speed: 12.26 t/s | Latency: 83.87s
    [Req 011] Success | TTFT: 373.9 ms | Tokens: 1024 | Speed: 12.26 t/s | Latency: 83.88s
    [Req 014] Success | TTFT: 371.8 ms | Tokens: 1024 | Speed: 12.26 t/s | Latency: 83.88s
    [Req 016] Success | TTFT: 432.6 ms | Tokens: 1024 | Speed: 12.26 t/s | Latency: 83.93s
    [Req 017] Success | TTFT: 197.2 ms | Tokens: 1024 | Speed: 12.15 t/s | Latency: 84.49s
    [Req 018] Success | TTFT: 156.3 ms | Tokens: 1024 | Speed: 12.15 t/s | Latency: 84.42s
    [Req 019] Success | TTFT: 160.9 ms | Tokens: 1024 | Speed: 12.16 t/s | Latency: 84.38s
    [Req 020] Success | TTFT: 179.4 ms | Tokens: 1024 | Speed: 12.16 t/s | Latency: 84.38s
    [Req 021] Success | TTFT: 210.6 ms | Tokens: 1024 | Speed: 12.17 t/s | Latency: 84.38s
    [Req 024] Success | TTFT: 184.3 ms | Tokens: 1024 | Speed: 12.17 t/s | Latency: 84.36s
    [Req 022] Success | TTFT: 209.3 ms | Tokens: 1024 | Speed: 12.17 t/s | Latency: 84.38s
    [Req 025] Success | TTFT: 183.1 ms | Tokens: 1024 | Speed: 12.17 t/s | Latency: 84.36s
    [Req 029] Success | TTFT: 209.6 ms | Tokens: 1024 | Speed: 12.17 t/s | Latency: 84.35s
    [Req 027] Success | TTFT: 212.2 ms | Tokens: 1024 | Speed: 12.17 t/s | Latency: 84.35s    [Req 028] Success | TTFT: 211.8 ms | Tokens: 1024 | Speed: 12.17 t/s | Latency: 84.35s

    [Req 023] Success | TTFT: 263.0 ms | Tokens: 1024 | Speed: 12.17 t/s | Latency: 84.40s
    [Req 026] Success | TTFT: 260.2 ms | Tokens: 1024 | Speed: 12.17 t/s | Latency: 84.40s
    [Req 030] Success | TTFT: 276.5 ms | Tokens: 1024 | Speed: 12.17 t/s | Latency: 84.39s
    [Req 031] Success | TTFT: 276.1 ms | Tokens: 1024 | Speed: 12.17 t/s | Latency: 84.39s
    [Req 032] Success | TTFT: 220.0 ms | Tokens: 1024 | Speed: 12.17 t/s | Latency: 84.33s
  ✨ Done C= 16 | Tok/s:  193.20 | Req/s:  0.19 | TTFT:  266.3ms | Stream: 12.21 t/s | Latency: 83.45s

▶️  [Concurrency  32] Running 64 requests...
    [Req 018] Success | TTFT: 461.1 ms | Tokens: 892 | Speed: 11.86 t/s | Latency: 75.66s
    [Req 008] Success | TTFT: 386.1 ms | Tokens: 925 | Speed: 11.86 t/s | Latency: 78.39s
    [Req 006] Success | TTFT: 386.2 ms | Tokens: 936 | Speed: 11.85 t/s | Latency: 79.35s
    [Req 017] Success | TTFT: 464.1 ms | Tokens: 1003 | Speed: 11.85 t/s | Latency: 85.08s
    [Req 002] Success | TTFT: 317.2 ms | Tokens: 1024 | Speed: 11.86 t/s | Latency: 86.63s
    [Req 005] Success | TTFT: 385.7 ms | Tokens: 1024 | Speed: 11.87 t/s | Latency: 86.67s
    [Req 004] Success | TTFT: 386.9 ms | Tokens: 1024 | Speed: 11.86 t/s | Latency: 86.71s
    [Req 003] Success | TTFT: 387.0 ms | Tokens: 1024 | Speed: 11.86 t/s | Latency: 86.73s
    [Req 001] Success | TTFT: 389.1 ms | Tokens: 1024 | Speed: 11.86 t/s | Latency: 86.73s
    [Req 007] Success | TTFT: 386.9 ms | Tokens: 1024 | Speed: 11.86 t/s | Latency: 86.73s
    [Req 012] Success | TTFT: 384.4 ms | Tokens: 1024 | Speed: 11.85 t/s | Latency: 86.78s
    [Req 015] Success | TTFT: 383.6 ms | Tokens: 1024 | Speed: 11.85 t/s | Latency: 86.78s
    [Req 011] Success | TTFT: 386.1 ms | Tokens: 1024 | Speed: 11.85 t/s | Latency: 86.78s
    [Req 010] Success | TTFT: 386.1 ms | Tokens: 1024 | Speed: 11.85 t/s | Latency: 86.78s
    [Req 009] Success | TTFT: 387.1 ms | Tokens: 1024 | Speed: 11.85 t/s | Latency: 86.79s
    [Req 013] Success | TTFT: 383.3 ms | Tokens: 1024 | Speed: 11.85 t/s | Latency: 86.79s
    [Req 014] Success | TTFT: 382.8 ms | Tokens: 1024 | Speed: 11.85 t/s | Latency: 86.79s
    [Req 021] Success | TTFT: 459.7 ms | Tokens: 1024 | Speed: 11.85 t/s | Latency: 86.86s
    [Req 016] Success | TTFT: 463.1 ms | Tokens: 1024 | Speed: 11.85 t/s | Latency: 86.86s
    [Req 019] Success | TTFT: 461.7 ms | Tokens: 1024 | Speed: 11.85 t/s | Latency: 86.86s
    [Req 023] Success | TTFT: 460.2 ms | Tokens: 1024 | Speed: 11.85 t/s | Latency: 86.86s
    [Req 020] Success | TTFT: 461.6 ms | Tokens: 1024 | Speed: 11.85 t/s | Latency: 86.86s
    [Req 022] Success | TTFT: 460.6 ms | Tokens: 1024 | Speed: 11.85 t/s | Latency: 86.86s
    [Req 029] Success | TTFT: 547.6 ms | Tokens: 1024 | Speed: 11.86 t/s | Latency: 86.92s
    [Req 030] Success | TTFT: 546.4 ms | Tokens: 1024 | Speed: 11.85 t/s | Latency: 86.92s
    [Req 025] Success | TTFT: 549.0 ms | Tokens: 1024 | Speed: 11.85 t/s | Latency: 86.93s
    [Req 028] Success | TTFT: 546.4 ms | Tokens: 1024 | Speed: 11.85 t/s | Latency: 86.93s
    [Req 027] Success | TTFT: 548.8 ms | Tokens: 1024 | Speed: 11.85 t/s | Latency: 86.93s
    [Req 031] Success | TTFT: 546.2 ms | Tokens: 1024 | Speed: 11.85 t/s | Latency: 86.93s
    [Req 024] Success | TTFT: 549.2 ms | Tokens: 1024 | Speed: 11.85 t/s | Latency: 86.93s
    [Req 026] Success | TTFT: 549.8 ms | Tokens: 1024 | Speed: 11.85 t/s | Latency: 86.93s
    [Req 032] Success | TTFT: 605.7 ms | Tokens: 1024 | Speed: 11.85 t/s | Latency: 87.02s
    [Req 033] Success | TTFT: 158.1 ms | Tokens: 922 | Speed: 11.79 t/s | Latency: 78.35s
    [Req 034] Success | TTFT: 158.1 ms | Tokens: 1024 | Speed: 11.81 t/s | Latency: 86.87s
    [Req 035] Success | TTFT: 158.7 ms | Tokens: 1024 | Speed: 11.81 t/s | Latency: 86.85s
    [Req 041] Success | TTFT: 214.4 ms | Tokens: 1001 | Speed: 11.81 t/s | Latency: 84.96s
    [Req 036] Success | TTFT: 158.4 ms | Tokens: 1024 | Speed: 11.81 t/s | Latency: 86.86s
    [Req 037] Success | TTFT: 163.5 ms | Tokens: 1024 | Speed: 11.82 t/s | Latency: 86.83s
    [Req 038] Success | TTFT: 202.4 ms | Tokens: 1024 | Speed: 11.82 t/s | Latency: 86.83s
    [Req 042] Success | TTFT: 215.7 ms | Tokens: 1024 | Speed: 11.83 t/s | Latency: 86.81s
    [Req 040] Success | TTFT: 216.2 ms | Tokens: 1024 | Speed: 11.82 t/s | Latency: 86.82s
    [Req 039] Success | TTFT: 232.5 ms | Tokens: 1024 | Speed: 11.82 t/s | Latency: 86.83s
    [Req 045] Success | TTFT: 249.7 ms | Tokens: 1024 | Speed: 11.83 t/s | Latency: 86.80s
    [Req 044] Success | TTFT: 250.2 ms | Tokens: 1024 | Speed: 11.83 t/s | Latency: 86.80s
    [Req 046] Success | TTFT: 247.3 ms | Tokens: 1024 | Speed: 11.83 t/s | Latency: 86.80s
    [Req 048] Success | TTFT: 245.1 ms | Tokens: 1024 | Speed: 11.83 t/s | Latency: 86.80s
    [Req 043] Success | TTFT: 251.2 ms | Tokens: 1024 | Speed: 11.83 t/s | Latency: 86.80s
    [Req 050] Success | TTFT: 220.2 ms | Tokens: 1024 | Speed: 11.83 t/s | Latency: 86.76s
    [Req 047] Success | TTFT: 296.5 ms | Tokens: 1024 | Speed: 11.83 t/s | Latency: 86.84s
    [Req 052] Success | TTFT: 217.2 ms | Tokens: 1024 | Speed: 11.83 t/s | Latency: 86.76s
    [Req 054] Success | TTFT: 216.9 ms | Tokens: 1024 | Speed: 11.83 t/s | Latency: 86.76s
    [Req 051] Success | TTFT: 219.8 ms | Tokens: 1024 | Speed: 11.83 t/s | Latency: 86.76s
    [Req 049] Success | TTFT: 295.4 ms | Tokens: 1024 | Speed: 11.83 t/s | Latency: 86.84s
    [Req 056] Success | TTFT: 229.4 ms | Tokens: 1024 | Speed: 11.84 t/s | Latency: 86.73s
    [Req 055] Success | TTFT: 296.2 ms | Tokens: 1024 | Speed: 11.84 t/s | Latency: 86.80s
    [Req 053] Success | TTFT: 298.3 ms | Tokens: 1024 | Speed: 11.84 t/s | Latency: 86.80s    [Req 060] Success | TTFT: 223.7 ms | Tokens: 1024 | Speed: 11.84 t/s | Latency: 86.72s
    [Req 057] Success | TTFT: 227.8 ms | Tokens: 1024 | Speed: 11.84 t/s | Latency: 86.73s

    [Req 062] Success | TTFT: 220.6 ms | Tokens: 1024 | Speed: 11.84 t/s | Latency: 86.72s
    [Req 063] Success | TTFT: 298.3 ms | Tokens: 1024 | Speed: 11.84 t/s | Latency: 86.76s
    [Req 058] Success | TTFT: 303.9 ms | Tokens: 1024 | Speed: 11.84 t/s | Latency: 86.77s
    [Req 061] Success | TTFT: 299.6 ms | Tokens: 1024 | Speed: 11.84 t/s | Latency: 86.76s
    [Req 059] Success | TTFT: 303.6 ms | Tokens: 1024 | Speed: 11.84 t/s | Latency: 86.77s
    [Req 064] Success | TTFT: 209.8 ms | Tokens: 1024 | Speed: 11.84 t/s | Latency: 86.68s
  ✨ Done C= 32 | Tok/s:  374.58 | Req/s:  0.37 | TTFT:  342.2ms | Stream: 11.84 t/s | Latency: 86.20s

▶️  [Concurrency  64] Running 128 requests...
    [Req 047] Success | TTFT: 865.1 ms | Tokens: 815 | Speed: 11.44 t/s | Latency: 72.10s
    [Req 049] Success | TTFT: 863.6 ms | Tokens: 818 | Speed: 11.44 t/s | Latency: 72.39s
    [Req 045] Success | TTFT: 764.4 ms | Tokens: 883 | Speed: 11.42 t/s | Latency: 78.07s
    [Req 036] Success | TTFT: 768.0 ms | Tokens: 946 | Speed: 11.42 t/s | Latency: 83.58s
    [Req 046] Success | TTFT: 867.0 ms | Tokens: 980 | Speed: 11.42 t/s | Latency: 86.67s
    [Req 012] Success | TTFT: 754.8 ms | Tokens: 985 | Speed: 11.43 t/s | Latency: 86.93s
    [Req 057] Success | TTFT: 945.5 ms | Tokens: 991 | Speed: 11.42 t/s | Latency: 87.73s
    [Req 038] Success | TTFT: 769.0 ms | Tokens: 994 | Speed: 11.4 t/s | Latency: 87.94s
    [Req 056] Success | TTFT: 945.7 ms | Tokens: 993 | Speed: 11.42 t/s | Latency: 87.93s
    [Req 028] Success | TTFT: 769.0 ms | Tokens: 997 | Speed: 11.41 t/s | Latency: 88.16s
    [Req 064] Success | TTFT: 1033.9 ms | Tokens: 1014 | Speed: 11.41 t/s | Latency: 89.93s
    [Req 006] Success | TTFT: 317.6 ms | Tokens: 1024 | Speed: 11.37 t/s | Latency: 90.35s
    [Req 001] Success | TTFT: 513.0 ms | Tokens: 1024 | Speed: 11.39 t/s | Latency: 90.39s
    [Req 002] Success | TTFT: 670.9 ms | Tokens: 1024 | Speed: 11.41 t/s | Latency: 90.43s
    [Req 011] Success | TTFT: 598.0 ms | Tokens: 1024 | Speed: 11.4 t/s | Latency: 90.43s
    [Req 007] Success | TTFT: 645.2 ms | Tokens: 1024 | Speed: 11.4 t/s | Latency: 90.44s
    [Req 005] Success | TTFT: 623.4 ms | Tokens: 1024 | Speed: 11.4 t/s | Latency: 90.44s
    [Req 004] Success | TTFT: 692.4 ms | Tokens: 1024 | Speed: 11.41 t/s | Latency: 90.44s
    [Req 008] Success | TTFT: 770.1 ms | Tokens: 1024 | Speed: 11.41 t/s | Latency: 90.52s
    [Req 009] Success | TTFT: 769.9 ms | Tokens: 1024 | Speed: 11.41 t/s | Latency: 90.52s
    [Req 010] Success | TTFT: 767.8 ms | Tokens: 1024 | Speed: 11.41 t/s | Latency: 90.53s
    [Req 003] Success | TTFT: 772.0 ms | Tokens: 1024 | Speed: 11.41 t/s | Latency: 90.53s
    [Req 013] Success | TTFT: 766.5 ms | Tokens: 1024 | Speed: 11.41 t/s | Latency: 90.53s
    [Req 020] Success | TTFT: 765.0 ms | Tokens: 1024 | Speed: 11.4 t/s | Latency: 90.59s
    [Req 019] Success | TTFT: 771.8 ms | Tokens: 1024 | Speed: 11.4 t/s | Latency: 90.60s
    [Req 017] Success | TTFT: 766.2 ms | Tokens: 1024 | Speed: 11.4 t/s | Latency: 90.60s
    [Req 022] Success | TTFT: 770.7 ms | Tokens: 1024 | Speed: 11.4 t/s | Latency: 90.60s
    [Req 016] Success | TTFT: 767.4 ms | Tokens: 1024 | Speed: 11.4 t/s | Latency: 90.60s
    [Req 018] Success | TTFT: 771.7 ms | Tokens: 1024 | Speed: 11.4 t/s | Latency: 90.60s
    [Req 015] Success | TTFT: 766.7 ms | Tokens: 1024 | Speed: 11.4 t/s | Latency: 90.61s
    [Req 014] Success | TTFT: 775.0 ms | Tokens: 1024 | Speed: 11.4 t/s | Latency: 90.61s
    [Req 021] Success | TTFT: 763.4 ms | Tokens: 1024 | Speed: 11.4 t/s | Latency: 90.61s
    [Req 026] Success | TTFT: 770.9 ms | Tokens: 1024 | Speed: 11.38 t/s | Latency: 90.73s
    [Req 025] Success | TTFT: 769.5 ms | Tokens: 1024 | Speed: 11.38 t/s | Latency: 90.73s    [Req 027] Success | TTFT: 769.1 ms | Tokens: 1024 | Speed: 11.38 t/s | Latency: 90.73s

    [Req 032] Success | TTFT: 769.1 ms | Tokens: 1024 | Speed: 11.38 t/s | Latency: 90.73s
    [Req 023] Success | TTFT: 771.8 ms | Tokens: 1024 | Speed: 11.38 t/s | Latency: 90.74s
    [Req 029] Success | TTFT: 772.5 ms | Tokens: 1024 | Speed: 11.38 t/s | Latency: 90.74s
    [Req 024] Success | TTFT: 771.6 ms | Tokens: 1024 | Speed: 11.38 t/s | Latency: 90.74s
    [Req 031] Success | TTFT: 768.9 ms | Tokens: 1024 | Speed: 11.38 t/s | Latency: 90.74s
    [Req 030] Success | TTFT: 772.4 ms | Tokens: 1024 | Speed: 11.38 t/s | Latency: 90.74s
    [Req 034] Success | TTFT: 769.4 ms | Tokens: 1024 | Speed: 11.38 t/s | Latency: 90.74s
    [Req 035] Success | TTFT: 767.3 ms | Tokens: 1024 | Speed: 11.38 t/s | Latency: 90.74s
    [Req 037] Success | TTFT: 767.2 ms | Tokens: 1024 | Speed: 11.38 t/s | Latency: 90.74s
    [Req 033] Success | TTFT: 768.1 ms | Tokens: 1024 | Speed: 11.38 t/s | Latency: 90.74s
    [Req 039] Success | TTFT: 767.6 ms | Tokens: 1024 | Speed: 11.38 t/s | Latency: 90.74s
    [Req 041] Success | TTFT: 766.9 ms | Tokens: 1024 | Speed: 11.37 t/s | Latency: 90.82s
    [Req 042] Success | TTFT: 767.9 ms | Tokens: 1024 | Speed: 11.37 t/s | Latency: 90.85s
    [Req 044] Success | TTFT: 766.7 ms | Tokens: 1024 | Speed: 11.36 t/s | Latency: 90.89s
    [Req 043] Success | TTFT: 766.3 ms | Tokens: 1024 | Speed: 11.35 t/s | Latency: 90.98s
    [Req 040] Success | TTFT: 769.3 ms | Tokens: 1024 | Speed: 11.35 t/s | Latency: 91.01s
    [Req 048] Success | TTFT: 865.2 ms | Tokens: 1024 | Speed: 11.36 t/s | Latency: 91.01s
    [Req 053] Success | TTFT: 859.7 ms | Tokens: 1024 | Speed: 11.36 t/s | Latency: 91.00s
    [Req 054] Success | TTFT: 862.3 ms | Tokens: 1024 | Speed: 11.36 t/s | Latency: 91.01s
    [Req 050] Success | TTFT: 862.4 ms | Tokens: 1024 | Speed: 11.36 t/s | Latency: 91.01s
    [Req 052] Success | TTFT: 860.7 ms | Tokens: 1024 | Speed: 11.36 t/s | Latency: 91.01s
    [Req 055] Success | TTFT: 861.1 ms | Tokens: 1024 | Speed: 11.36 t/s | Latency: 91.01s
    [Req 051] Success | TTFT: 862.3 ms | Tokens: 1024 | Speed: 11.36 t/s | Latency: 91.02s
    [Req 061] Success | TTFT: 936.8 ms | Tokens: 1024 | Speed: 11.36 t/s | Latency: 91.07s
    [Req 060] Success | TTFT: 942.9 ms | Tokens: 1024 | Speed: 11.36 t/s | Latency: 91.11s
    [Req 059] Success | TTFT: 943.8 ms | Tokens: 1024 | Speed: 11.35 t/s | Latency: 91.15s
    [Req 058] Success | TTFT: 945.4 ms | Tokens: 1024 | Speed: 11.35 t/s | Latency: 91.15s
    [Req 063] Success | TTFT: 936.0 ms | Tokens: 1024 | Speed: 11.35 t/s | Latency: 91.15s
    [Req 062] Success | TTFT: 1034.8 ms | Tokens: 1024 | Speed: 11.36 t/s | Latency: 91.18s
    [Req 110] Success | TTFT: 490.4 ms | Tokens: 627 | Speed: 11.61 t/s | Latency: 54.48s
    [Req 067] Success | TTFT: 161.6 ms | Tokens: 918 | Speed: 11.49 t/s | Latency: 80.06s
    [Req 065] Success | TTFT: 160.0 ms | Tokens: 1024 | Speed: 11.49 t/s | Latency: 89.25s
    [Req 066] Success | TTFT: 159.7 ms | Tokens: 1024 | Speed: 11.5 t/s | Latency: 89.22s
    [Req 074] Success | TTFT: 217.0 ms | Tokens: 858 | Speed: 11.54 t/s | Latency: 74.54s
    [Req 103] Success | TTFT: 434.7 ms | Tokens: 887 | Speed: 11.62 t/s | Latency: 76.78s
    [Req 124] Success | TTFT: 213.2 ms | Tokens: 923 | Speed: 11.62 t/s | Latency: 79.67s
    [Req 069] Success | TTFT: 160.6 ms | Tokens: 977 | Speed: 11.52 t/s | Latency: 84.94s
    [Req 068] Success | TTFT: 160.7 ms | Tokens: 1024 | Speed: 11.53 t/s | Latency: 88.98s
    [Req 070] Success | TTFT: 161.0 ms | Tokens: 1024 | Speed: 11.54 t/s | Latency: 88.87s
    [Req 114] Success | TTFT: 252.7 ms | Tokens: 984 | Speed: 11.61 t/s | Latency: 84.98s
    [Req 071] Success | TTFT: 160.7 ms | Tokens: 1024 | Speed: 11.55 t/s | Latency: 88.83s
    [Req 073] Success | TTFT: 167.6 ms | Tokens: 1024 | Speed: 11.55 t/s | Latency: 88.79s
    [Req 072] Success | TTFT: 169.5 ms | Tokens: 1024 | Speed: 11.55 t/s | Latency: 88.80s
    [Req 075] Success | TTFT: 158.9 ms | Tokens: 1024 | Speed: 11.58 t/s | Latency: 88.62s
    [Req 076] Success | TTFT: 180.8 ms | Tokens: 1024 | Speed: 11.58 t/s | Latency: 88.57s
    [Req 077] Success | TTFT: 224.6 ms | Tokens: 1024 | Speed: 11.59 t/s | Latency: 88.57s
    [Req 079] Success | TTFT: 307.9 ms | Tokens: 1024 | Speed: 11.6 t/s | Latency: 88.57s
    [Req 080] Success | TTFT: 304.7 ms | Tokens: 1024 | Speed: 11.6 t/s | Latency: 88.57s
    [Req 078] Success | TTFT: 309.0 ms | Tokens: 1024 | Speed: 11.6 t/s | Latency: 88.58s
    [Req 085] Success | TTFT: 223.6 ms | Tokens: 1024 | Speed: 11.6 t/s | Latency: 88.52s
    [Req 081] Success | TTFT: 310.8 ms | Tokens: 1024 | Speed: 11.6 t/s | Latency: 88.61s
    [Req 082] Success | TTFT: 305.2 ms | Tokens: 1024 | Speed: 11.6 t/s | Latency: 88.61s
    [Req 083] Success | TTFT: 227.1 ms | Tokens: 1024 | Speed: 11.6 t/s | Latency: 88.53s
    [Req 093] Success | TTFT: 417.2 ms | Tokens: 1024 | Speed: 11.63 t/s | Latency: 88.48s
    [Req 084] Success | TTFT: 427.4 ms | Tokens: 1024 | Speed: 11.62 t/s | Latency: 88.57s
    [Req 087] Success | TTFT: 496.0 ms | Tokens: 1024 | Speed: 11.63 t/s | Latency: 88.56s
    [Req 086] Success | TTFT: 454.1 ms | Tokens: 1024 | Speed: 11.62 t/s | Latency: 88.56s
    [Req 094] Success | TTFT: 418.7 ms | Tokens: 1024 | Speed: 11.62 t/s | Latency: 88.52s
    [Req 088] Success | TTFT: 425.0 ms | Tokens: 1024 | Speed: 11.62 t/s | Latency: 88.53s
    [Req 089] Success | TTFT: 431.0 ms | Tokens: 1024 | Speed: 11.62 t/s | Latency: 88.53s
    [Req 090] Success | TTFT: 425.2 ms | Tokens: 1024 | Speed: 11.62 t/s | Latency: 88.53s
    [Req 092] Success | TTFT: 423.3 ms | Tokens: 1024 | Speed: 11.62 t/s | Latency: 88.53s
    [Req 091] Success | TTFT: 456.2 ms | Tokens: 1024 | Speed: 11.63 t/s | Latency: 88.53s
    [Req 097] Success | TTFT: 438.3 ms | Tokens: 1024 | Speed: 11.64 t/s | Latency: 88.44s
    [Req 096] Success | TTFT: 564.2 ms | Tokens: 1024 | Speed: 11.64 t/s | Latency: 88.56s    [Req 098] Success | TTFT: 438.0 ms | Tokens: 1024 | Speed: 11.64 t/s | Latency: 88.44s
    [Req 095] Success | TTFT: 568.4 ms | Tokens: 1024 | Speed: 11.64 t/s | Latency: 88.56s

    [Req 099] Success | TTFT: 441.1 ms | Tokens: 1024 | Speed: 11.63 t/s | Latency: 88.47s
    [Req 105] Success | TTFT: 430.3 ms | Tokens: 1024 | Speed: 11.63 t/s | Latency: 88.47s
    [Req 100] Success | TTFT: 486.1 ms | Tokens: 1024 | Speed: 11.64 t/s | Latency: 88.47s
    [Req 102] Success | TTFT: 437.2 ms | Tokens: 1024 | Speed: 11.63 t/s | Latency: 88.47s
    [Req 101] Success | TTFT: 454.2 ms | Tokens: 1024 | Speed: 11.63 t/s | Latency: 88.48s
    [Req 107] Success | TTFT: 492.3 ms | Tokens: 1024 | Speed: 11.63 t/s | Latency: 88.51s
    [Req 108] Success | TTFT: 491.7 ms | Tokens: 1024 | Speed: 11.63 t/s | Latency: 88.51s
    [Req 104] Success | TTFT: 496.7 ms | Tokens: 1024 | Speed: 11.63 t/s | Latency: 88.51s
    [Req 106] Success | TTFT: 494.7 ms | Tokens: 1024 | Speed: 11.63 t/s | Latency: 88.51s
    [Req 112] Success | TTFT: 382.2 ms | Tokens: 1024 | Speed: 11.63 t/s | Latency: 88.43s
    [Req 113] Success | TTFT: 339.6 ms | Tokens: 1024 | Speed: 11.63 t/s | Latency: 88.39s
    [Req 109] Success | TTFT: 492.3 ms | Tokens: 1024 | Speed: 11.63 t/s | Latency: 88.55s
    [Req 111] Success | TTFT: 410.0 ms | Tokens: 1024 | Speed: 11.63 t/s | Latency: 88.46s
    [Req 115] Success | TTFT: 237.2 ms | Tokens: 1024 | Speed: 11.63 t/s | Latency: 88.32s
    [Req 119] Success | TTFT: 229.2 ms | Tokens: 1024 | Speed: 11.63 t/s | Latency: 88.31s
    [Req 117] Success | TTFT: 234.1 ms | Tokens: 1024 | Speed: 11.63 t/s | Latency: 88.32s
    [Req 116] Success | TTFT: 234.7 ms | Tokens: 1024 | Speed: 11.63 t/s | Latency: 88.32s
    [Req 120] Success | TTFT: 314.5 ms | Tokens: 1024 | Speed: 11.63 t/s | Latency: 88.35s
    [Req 123] Success | TTFT: 243.3 ms | Tokens: 1024 | Speed: 11.63 t/s | Latency: 88.28s
    [Req 121] Success | TTFT: 313.6 ms | Tokens: 1024 | Speed: 11.63 t/s | Latency: 88.35s
    [Req 118] Success | TTFT: 315.6 ms | Tokens: 1024 | Speed: 11.63 t/s | Latency: 88.36s
    [Req 122] Success | TTFT: 300.2 ms | Tokens: 1024 | Speed: 11.63 t/s | Latency: 88.34s
    [Req 127] Success | TTFT: 237.7 ms | Tokens: 1024 | Speed: 11.64 t/s | Latency: 88.24s
    [Req 125] Success | TTFT: 243.4 ms | Tokens: 1024 | Speed: 11.64 t/s | Latency: 88.25s
    [Req 128] Success | TTFT: 204.9 ms | Tokens: 1024 | Speed: 11.64 t/s | Latency: 88.21s
    [Req 126] Success | TTFT: 241.5 ms | Tokens: 1024 | Speed: 11.64 t/s | Latency: 88.25s
  ✨ Done C= 64 | Tok/s:  720.20 | Req/s:  0.71 | TTFT:  560.6ms | Stream: 11.50 t/s | Latency: 88.38s

▶️  [Concurrency 128] Running 128 requests...
    [Req 103] Success | TTFT: 1401.5 ms | Tokens: 635 | Speed: 11.2 t/s | Latency: 58.08s
    [Req 115] Success | TTFT: 1491.0 ms | Tokens: 738 | Speed: 11.21 t/s | Latency: 67.33s
    [Req 117] Success | TTFT: 1487.4 ms | Tokens: 875 | Speed: 11.2 t/s | Latency: 79.59s
    [Req 063] Success | TTFT: 1408.5 ms | Tokens: 885 | Speed: 11.22 t/s | Latency: 80.30s
    [Req 092] Success | TTFT: 1402.7 ms | Tokens: 904 | Speed: 11.2 t/s | Latency: 82.11s
    [Req 032] Success | TTFT: 1085.2 ms | Tokens: 968 | Speed: 11.19 t/s | Latency: 87.61s
    [Req 043] Success | TTFT: 1229.3 ms | Tokens: 970 | Speed: 11.2 t/s | Latency: 87.83s
    [Req 012] Success | TTFT: 546.4 ms | Tokens: 973 | Speed: 11.13 t/s | Latency: 87.93s
    [Req 093] Success | TTFT: 1401.8 ms | Tokens: 972 | Speed: 11.2 t/s | Latency: 88.21s
    [Req 050] Success | TTFT: 1293.2 ms | Tokens: 988 | Speed: 11.21 t/s | Latency: 89.44s
    [Req 046] Success | TTFT: 1206.4 ms | Tokens: 1019 | Speed: 11.2 t/s | Latency: 92.22s
    [Req 006] Success | TTFT: 290.6 ms | Tokens: 1024 | Speed: 11.13 t/s | Latency: 92.28s
    [Req 010] Success | TTFT: 374.4 ms | Tokens: 1024 | Speed: 11.13 t/s | Latency: 92.37s
    [Req 003] Success | TTFT: 422.1 ms | Tokens: 1024 | Speed: 11.14 t/s | Latency: 92.37s
    [Req 002] Success | TTFT: 443.8 ms | Tokens: 1024 | Speed: 11.14 t/s | Latency: 92.37s
    [Req 007] Success | TTFT: 463.5 ms | Tokens: 1024 | Speed: 11.14 t/s | Latency: 92.37s
    [Req 001] Success | TTFT: 401.1 ms | Tokens: 1024 | Speed: 11.13 t/s | Latency: 92.38s
    [Req 011] Success | TTFT: 568.3 ms | Tokens: 1024 | Speed: 11.15 t/s | Latency: 92.41s
    [Req 013] Success | TTFT: 503.0 ms | Tokens: 1024 | Speed: 11.14 t/s | Latency: 92.41s
    [Req 004] Success | TTFT: 602.1 ms | Tokens: 1024 | Speed: 11.15 t/s | Latency: 92.42s
    [Req 009] Success | TTFT: 644.0 ms | Tokens: 1024 | Speed: 11.16 t/s | Latency: 92.42s
    [Req 008] Success | TTFT: 623.4 ms | Tokens: 1024 | Speed: 11.15 t/s | Latency: 92.42s
    [Req 005] Success | TTFT: 528.8 ms | Tokens: 1024 | Speed: 11.14 t/s | Latency: 92.42s
    [Req 020] Success | TTFT: 744.3 ms | Tokens: 1024 | Speed: 11.17 t/s | Latency: 92.45s
    [Req 019] Success | TTFT: 807.5 ms | Tokens: 1024 | Speed: 11.17 t/s | Latency: 92.45s
    [Req 014] Success | TTFT: 662.1 ms | Tokens: 1024 | Speed: 11.16 t/s | Latency: 92.46s
    [Req 015] Success | TTFT: 705.4 ms | Tokens: 1024 | Speed: 11.16 t/s | Latency: 92.46s
    [Req 018] Success | TTFT: 786.1 ms | Tokens: 1024 | Speed: 11.17 t/s | Latency: 92.46s
    [Req 021] Success | TTFT: 680.5 ms | Tokens: 1024 | Speed: 11.16 t/s | Latency: 92.46s
    [Req 016] Success | TTFT: 766.5 ms | Tokens: 1024 | Speed: 11.17 t/s | Latency: 92.46s
    [Req 017] Success | TTFT: 725.1 ms | Tokens: 1024 | Speed: 11.16 t/s | Latency: 92.46s
    [Req 028] Success | TTFT: 865.5 ms | Tokens: 1024 | Speed: 11.18 t/s | Latency: 92.49s
    [Req 025] Success | TTFT: 825.5 ms | Tokens: 1024 | Speed: 11.17 t/s | Latency: 92.50s
    [Req 027] Success | TTFT: 887.7 ms | Tokens: 1024 | Speed: 11.18 t/s | Latency: 92.50s
    [Req 023] Success | TTFT: 911.5 ms | Tokens: 1024 | Speed: 11.18 t/s | Latency: 92.50s
    [Req 026] Success | TTFT: 930.7 ms | Tokens: 1024 | Speed: 11.18 t/s | Latency: 92.50s
    [Req 029] Success | TTFT: 844.1 ms | Tokens: 1024 | Speed: 11.17 t/s | Latency: 92.50s
    [Req 030] Success | TTFT: 956.8 ms | Tokens: 1024 | Speed: 11.19 t/s | Latency: 92.50s
    [Req 024] Success | TTFT: 959.8 ms | Tokens: 1024 | Speed: 11.19 t/s | Latency: 92.50s
    [Req 031] Success | TTFT: 978.5 ms | Tokens: 1024 | Speed: 11.19 t/s | Latency: 92.50s
    [Req 022] Success | TTFT: 983.2 ms | Tokens: 1024 | Speed: 11.19 t/s | Latency: 92.51s
    [Req 036] Success | TTFT: 1020.0 ms | Tokens: 1024 | Speed: 11.19 t/s | Latency: 92.53s
    [Req 037] Success | TTFT: 998.1 ms | Tokens: 1024 | Speed: 11.19 t/s | Latency: 92.53s
    [Req 038] Success | TTFT: 1147.2 ms | Tokens: 1024 | Speed: 11.2 t/s | Latency: 92.54s
    [Req 039] Success | TTFT: 1060.7 ms | Tokens: 1024 | Speed: 11.19 t/s | Latency: 92.54s
    [Req 035] Success | TTFT: 1041.7 ms | Tokens: 1024 | Speed: 11.19 t/s | Latency: 92.54s
    [Req 034] Success | TTFT: 1128.3 ms | Tokens: 1024 | Speed: 11.2 t/s | Latency: 92.54s
    [Req 033] Success | TTFT: 1106.8 ms | Tokens: 1024 | Speed: 11.2 t/s | Latency: 92.54s
    [Req 047] Success | TTFT: 1251.0 ms | Tokens: 1024 | Speed: 11.21 t/s | Latency: 92.57s
    [Req 044] Success | TTFT: 1165.5 ms | Tokens: 1024 | Speed: 11.2 t/s | Latency: 92.58s
    [Req 042] Success | TTFT: 1297.0 ms | Tokens: 1024 | Speed: 11.22 t/s | Latency: 92.58s
    [Req 045] Success | TTFT: 1185.9 ms | Tokens: 1024 | Speed: 11.2 t/s | Latency: 92.58s
    [Req 041] Success | TTFT: 1276.1 ms | Tokens: 1024 | Speed: 11.22 t/s | Latency: 92.58s
    [Req 049] Success | TTFT: 1272.3 ms | Tokens: 1024 | Speed: 11.22 t/s | Latency: 92.58s
    [Req 040] Success | TTFT: 1328.0 ms | Tokens: 1024 | Speed: 11.22 t/s | Latency: 92.58s
    [Req 048] Success | TTFT: 1323.9 ms | Tokens: 1024 | Speed: 11.22 t/s | Latency: 92.58s
    [Req 052] Success | TTFT: 1385.7 ms | Tokens: 1024 | Speed: 11.22 t/s | Latency: 92.61s
    [Req 056] Success | TTFT: 1406.9 ms | Tokens: 1024 | Speed: 11.23 t/s | Latency: 92.62s
    [Req 053] Success | TTFT: 1406.9 ms | Tokens: 1024 | Speed: 11.23 t/s | Latency: 92.62s
    [Req 058] Success | TTFT: 1362.1 ms | Tokens: 1024 | Speed: 11.22 t/s | Latency: 92.62s
    [Req 051] Success | TTFT: 1407.5 ms | Tokens: 1024 | Speed: 11.23 t/s | Latency: 92.62s
    [Req 054] Success | TTFT: 1342.6 ms | Tokens: 1024 | Speed: 11.22 t/s | Latency: 92.62s
    [Req 055] Success | TTFT: 1406.4 ms | Tokens: 1024 | Speed: 11.23 t/s | Latency: 92.62s
    [Req 057] Success | TTFT: 1406.0 ms | Tokens: 1024 | Speed: 11.23 t/s | Latency: 92.62s
    [Req 059] Success | TTFT: 1406.4 ms | Tokens: 1024 | Speed: 11.22 t/s | Latency: 92.66s
    [Req 065] Success | TTFT: 1405.1 ms | Tokens: 1024 | Speed: 11.22 t/s | Latency: 92.66s
    [Req 061] Success | TTFT: 1407.6 ms | Tokens: 1024 | Speed: 11.22 t/s | Latency: 92.66s
    [Req 066] Success | TTFT: 1403.7 ms | Tokens: 1024 | Speed: 11.22 t/s | Latency: 92.66s
    [Req 064] Success | TTFT: 1405.1 ms | Tokens: 1024 | Speed: 11.22 t/s | Latency: 92.66s
    [Req 069] Success | TTFT: 1403.8 ms | Tokens: 1024 | Speed: 11.22 t/s | Latency: 92.66s
    [Req 060] Success | TTFT: 1409.4 ms | Tokens: 1024 | Speed: 11.22 t/s | Latency: 92.66s
    [Req 067] Success | TTFT: 1405.6 ms | Tokens: 1024 | Speed: 11.22 t/s | Latency: 92.66s
    [Req 068] Success | TTFT: 1404.1 ms | Tokens: 1024 | Speed: 11.22 t/s | Latency: 92.66s
    [Req 062] Success | TTFT: 1408.0 ms | Tokens: 1024 | Speed: 11.22 t/s | Latency: 92.67s
    [Req 074] Success | TTFT: 1405.2 ms | Tokens: 1024 | Speed: 11.22 t/s | Latency: 92.69s
    [Req 072] Success | TTFT: 1405.8 ms | Tokens: 1024 | Speed: 11.22 t/s | Latency: 92.70s
    [Req 076] Success | TTFT: 1402.3 ms | Tokens: 1024 | Speed: 11.22 t/s | Latency: 92.69s
    [Req 075] Success | TTFT: 1403.4 ms | Tokens: 1024 | Speed: 11.22 t/s | Latency: 92.70s
    [Req 071] Success | TTFT: 1408.1 ms | Tokens: 1024 | Speed: 11.22 t/s | Latency: 92.70s
    [Req 078] Success | TTFT: 1404.2 ms | Tokens: 1024 | Speed: 11.22 t/s | Latency: 92.70s
    [Req 073] Success | TTFT: 1404.8 ms | Tokens: 1024 | Speed: 11.22 t/s | Latency: 92.70s
    [Req 070] Success | TTFT: 1407.7 ms | Tokens: 1024 | Speed: 11.22 t/s | Latency: 92.70s
    [Req 077] Success | TTFT: 1401.2 ms | Tokens: 1024 | Speed: 11.22 t/s | Latency: 92.70s
    [Req 086] Success | TTFT: 1401.3 ms | Tokens: 1024 | Speed: 11.21 t/s | Latency: 92.73s
    [Req 085] Success | TTFT: 1400.8 ms | Tokens: 1024 | Speed: 11.21 t/s | Latency: 92.73s
    [Req 083] Success | TTFT: 1403.5 ms | Tokens: 1024 | Speed: 11.21 t/s | Latency: 92.73s
    [Req 081] Success | TTFT: 1405.9 ms | Tokens: 1024 | Speed: 11.21 t/s | Latency: 92.74s
    [Req 082] Success | TTFT: 1404.6 ms | Tokens: 1024 | Speed: 11.21 t/s | Latency: 92.74s
    [Req 087] Success | TTFT: 1403.9 ms | Tokens: 1024 | Speed: 11.21 t/s | Latency: 92.74s
    [Req 079] Success | TTFT: 1408.2 ms | Tokens: 1024 | Speed: 11.21 t/s | Latency: 92.74s
    [Req 088] Success | TTFT: 1402.5 ms | Tokens: 1024 | Speed: 11.21 t/s | Latency: 92.74s
    [Req 084] Success | TTFT: 1401.9 ms | Tokens: 1024 | Speed: 11.21 t/s | Latency: 92.74s
    [Req 080] Success | TTFT: 1407.3 ms | Tokens: 1024 | Speed: 11.21 t/s | Latency: 92.74s
    [Req 089] Success | TTFT: 1401.3 ms | Tokens: 1024 | Speed: 11.21 t/s | Latency: 92.74s
    [Req 095] Success | TTFT: 1403.3 ms | Tokens: 1024 | Speed: 11.21 t/s | Latency: 92.77s
    [Req 097] Success | TTFT: 1400.5 ms | Tokens: 1024 | Speed: 11.21 t/s | Latency: 92.77s
    [Req 091] Success | TTFT: 1403.8 ms | Tokens: 1024 | Speed: 11.21 t/s | Latency: 92.77s
    [Req 090] Success | TTFT: 1406.5 ms | Tokens: 1024 | Speed: 11.21 t/s | Latency: 92.78s
    [Req 096] Success | TTFT: 1402.3 ms | Tokens: 1024 | Speed: 11.21 t/s | Latency: 92.77s
    [Req 098] Success | TTFT: 1401.9 ms | Tokens: 1024 | Speed: 11.21 t/s | Latency: 92.77s
    [Req 094] Success | TTFT: 1401.0 ms | Tokens: 1024 | Speed: 11.21 t/s | Latency: 92.78s
    [Req 107] Success | TTFT: 1400.5 ms | Tokens: 1024 | Speed: 11.2 t/s | Latency: 92.81s
    [Req 101] Success | TTFT: 1400.8 ms | Tokens: 1024 | Speed: 11.2 t/s | Latency: 92.81s
    [Req 104] Success | TTFT: 1402.4 ms | Tokens: 1024 | Speed: 11.2 t/s | Latency: 92.81s
    [Req 105] Success | TTFT: 1399.7 ms | Tokens: 1024 | Speed: 11.2 t/s | Latency: 92.81s
    [Req 102] Success | TTFT: 1402.7 ms | Tokens: 1024 | Speed: 11.2 t/s | Latency: 92.81s
    [Req 108] Success | TTFT: 1400.6 ms | Tokens: 1024 | Speed: 11.2 t/s | Latency: 92.81s
    [Req 099] Success | TTFT: 1406.1 ms | Tokens: 1024 | Speed: 11.2 t/s | Latency: 92.82s
    [Req 100] Success | TTFT: 1405.7 ms | Tokens: 1024 | Speed: 11.2 t/s | Latency: 92.82s
    [Req 106] Success | TTFT: 1403.0 ms | Tokens: 1024 | Speed: 11.2 t/s | Latency: 92.82s
    [Req 110] Success | TTFT: 1399.3 ms | Tokens: 1024 | Speed: 11.2 t/s | Latency: 92.81s
    [Req 116] Success | TTFT: 1487.0 ms | Tokens: 1024 | Speed: 11.21 t/s | Latency: 92.85s
    [Req 114] Success | TTFT: 1491.5 ms | Tokens: 1024 | Speed: 11.21 t/s | Latency: 92.85s
    [Req 113] Success | TTFT: 1489.7 ms | Tokens: 1024 | Speed: 11.21 t/s | Latency: 92.85s
    [Req 118] Success | TTFT: 1489.8 ms | Tokens: 1024 | Speed: 11.21 t/s | Latency: 92.85s
    [Req 111] Success | TTFT: 1492.9 ms | Tokens: 1024 | Speed: 11.21 t/s | Latency: 92.85s
    [Req 112] Success | TTFT: 1491.8 ms | Tokens: 1024 | Speed: 11.21 t/s | Latency: 92.85s
    [Req 109] Success | TTFT: 1495.9 ms | Tokens: 1024 | Speed: 11.21 t/s | Latency: 92.86s
    [Req 126] Success | TTFT: 1591.5 ms | Tokens: 1024 | Speed: 11.22 t/s | Latency: 92.88s
    [Req 125] Success | TTFT: 1590.2 ms | Tokens: 1024 | Speed: 11.22 t/s | Latency: 92.88s
    [Req 123] Success | TTFT: 1592.9 ms | Tokens: 1024 | Speed: 11.22 t/s | Latency: 92.89s
    [Req 121] Success | TTFT: 1595.7 ms | Tokens: 1024 | Speed: 11.22 t/s | Latency: 92.89s
    [Req 122] Success | TTFT: 1595.0 ms | Tokens: 1024 | Speed: 11.22 t/s | Latency: 92.89s
    [Req 127] Success | TTFT: 1593.0 ms | Tokens: 1024 | Speed: 11.22 t/s | Latency: 92.89s
    [Req 119] Success | TTFT: 1597.9 ms | Tokens: 1024 | Speed: 11.22 t/s | Latency: 92.89s
    [Req 128] Success | TTFT: 1593.9 ms | Tokens: 1024 | Speed: 11.22 t/s | Latency: 92.89s
    [Req 124] Success | TTFT: 1593.0 ms | Tokens: 1024 | Speed: 11.22 t/s | Latency: 92.89s
    [Req 120] Success | TTFT: 1598.4 ms | Tokens: 1024 | Speed: 11.22 t/s | Latency: 92.89s
  ✨ Done C=128 | Tok/s: 1395.51 | Req/s:  1.38 | TTFT: 1218.2ms | Stream: 11.20 t/s | Latency: 91.72s

▶️  [Concurrency 256] Running 256 requests...
    [Req 189] Success | TTFT: 2868.2 ms | Tokens: 468 | Speed: 10.45 t/s | Latency: 47.64s
    [Req 162] Success | TTFT: 2865.2 ms | Tokens: 583 | Speed: 10.47 t/s | Latency: 58.56s
    [Req 187] Success | TTFT: 2873.2 ms | Tokens: 786 | Speed: 10.45 t/s | Latency: 78.12s
    [Req 119] Success | TTFT: 2800.1 ms | Tokens: 793 | Speed: 10.46 t/s | Latency: 78.59s
    [Req 190] Success | TTFT: 2870.5 ms | Tokens: 861 | Speed: 10.44 t/s | Latency: 85.31s
    [Req 095] Success | TTFT: 2391.7 ms | Tokens: 899 | Speed: 10.42 t/s | Latency: 88.68s
    [Req 042] Success | TTFT: 1530.9 ms | Tokens: 920 | Speed: 10.34 t/s | Latency: 90.47s
    [Req 160] Success | TTFT: 2868.7 ms | Tokens: 923 | Speed: 10.45 t/s | Latency: 91.18s
    [Req 067] Success | TTFT: 1918.0 ms | Tokens: 951 | Speed: 10.38 t/s | Latency: 93.53s
    [Req 091] Success | TTFT: 2460.5 ms | Tokens: 956 | Speed: 10.43 t/s | Latency: 94.15s
    [Req 026] Success | TTFT: 1140.6 ms | Tokens: 970 | Speed: 10.31 t/s | Latency: 95.18s
    [Req 114] Success | TTFT: 2669.2 ms | Tokens: 988 | Speed: 10.44 t/s | Latency: 97.31s
    [Req 081] Success | TTFT: 2238.7 ms | Tokens: 1004 | Speed: 10.41 t/s | Latency: 98.71s
    [Req 068] Success | TTFT: 2035.6 ms | Tokens: 1009 | Speed: 10.39 t/s | Latency: 99.16s
    [Req 084] Success | TTFT: 2161.7 ms | Tokens: 1012 | Speed: 10.4 t/s | Latency: 99.48s
    [Req 155] Success | TTFT: 2866.4 ms | Tokens: 1013 | Speed: 10.45 t/s | Latency: 99.79s
    [Req 003] Success | TTFT: 304.5 ms | Tokens: 1022 | Speed: 10.26 t/s | Latency: 99.96s
    [Req 089] Success | TTFT: 2394.4 ms | Tokens: 1017 | Speed: 10.42 t/s | Latency: 100.01s
    [Req 002] Success | TTFT: 486.8 ms | Tokens: 1024 | Speed: 10.28 t/s | Latency: 100.10s
    [Req 008] Success | TTFT: 616.1 ms | Tokens: 1024 | Speed: 10.29 t/s | Latency: 100.15s
    [Req 006] Success | TTFT: 661.2 ms | Tokens: 1024 | Speed: 10.29 t/s | Latency: 100.15s
    [Req 005] Success | TTFT: 571.7 ms | Tokens: 1024 | Speed: 10.28 t/s | Latency: 100.15s
    [Req 007] Success | TTFT: 593.1 ms | Tokens: 1024 | Speed: 10.29 t/s | Latency: 100.15s
    [Req 001] Success | TTFT: 641.7 ms | Tokens: 1024 | Speed: 10.29 t/s | Latency: 100.16s
    [Req 011] Success | TTFT: 811.4 ms | Tokens: 1024 | Speed: 10.3 t/s | Latency: 100.19s
    [Req 013] Success | TTFT: 723.3 ms | Tokens: 1024 | Speed: 10.29 t/s | Latency: 100.19s
    [Req 012] Success | TTFT: 745.6 ms | Tokens: 1024 | Speed: 10.3 t/s | Latency: 100.19s
    [Req 010] Success | TTFT: 768.2 ms | Tokens: 1024 | Speed: 10.3 t/s | Latency: 100.19s
    [Req 004] Success | TTFT: 837.6 ms | Tokens: 1024 | Speed: 10.31 t/s | Latency: 100.20s
    [Req 009] Success | TTFT: 791.2 ms | Tokens: 1024 | Speed: 10.3 t/s | Latency: 100.20s
    [Req 021] Success | TTFT: 901.6 ms | Tokens: 1024 | Speed: 10.31 t/s | Latency: 100.23s
    [Req 019] Success | TTFT: 924.5 ms | Tokens: 1024 | Speed: 10.31 t/s | Latency: 100.24s
    [Req 016] Success | TTFT: 881.9 ms | Tokens: 1024 | Speed: 10.31 t/s | Latency: 100.24s
    [Req 020] Success | TTFT: 1013.0 ms | Tokens: 1024 | Speed: 10.32 t/s | Latency: 100.24s
    [Req 022] Success | TTFT: 849.3 ms | Tokens: 1024 | Speed: 10.3 t/s | Latency: 100.24s
    [Req 015] Success | TTFT: 971.8 ms | Tokens: 1024 | Speed: 10.31 t/s | Latency: 100.25s
    [Req 018] Success | TTFT: 947.6 ms | Tokens: 1024 | Speed: 10.31 t/s | Latency: 100.25s
    [Req 014] Success | TTFT: 1015.8 ms | Tokens: 1024 | Speed: 10.32 t/s | Latency: 100.25s
    [Req 017] Success | TTFT: 992.2 ms | Tokens: 1024 | Speed: 10.32 t/s | Latency: 100.25s
    [Req 027] Success | TTFT: 1160.9 ms | Tokens: 1024 | Speed: 10.33 t/s | Latency: 100.28s
    [Req 025] Success | TTFT: 1119.4 ms | Tokens: 1024 | Speed: 10.33 t/s | Latency: 100.28s
    [Req 024] Success | TTFT: 1075.8 ms | Tokens: 1024 | Speed: 10.32 t/s | Latency: 100.29s
    [Req 023] Success | TTFT: 1184.7 ms | Tokens: 1024 | Speed: 10.33 t/s | Latency: 100.29s
    [Req 029] Success | TTFT: 1051.0 ms | Tokens: 1024 | Speed: 10.32 t/s | Latency: 100.29s
    [Req 028] Success | TTFT: 1095.7 ms | Tokens: 1024 | Speed: 10.32 t/s | Latency: 100.29s
    [Req 036] Success | TTFT: 1292.9 ms | Tokens: 1024 | Speed: 10.34 t/s | Latency: 100.32s
    [Req 033] Success | TTFT: 1251.3 ms | Tokens: 1024 | Speed: 10.34 t/s | Latency: 100.33s
    [Req 035] Success | TTFT: 1220.9 ms | Tokens: 1024 | Speed: 10.33 t/s | Latency: 100.33s
    [Req 037] Success | TTFT: 1198.9 ms | Tokens: 1024 | Speed: 10.33 t/s | Latency: 100.33s
    [Req 031] Success | TTFT: 1364.2 ms | Tokens: 1024 | Speed: 10.35 t/s | Latency: 100.33s
    [Req 039] Success | TTFT: 1359.9 ms | Tokens: 1024 | Speed: 10.35 t/s | Latency: 100.33s
    [Req 034] Success | TTFT: 1272.4 ms | Tokens: 1024 | Speed: 10.34 t/s | Latency: 100.34s
    [Req 030] Success | TTFT: 1339.6 ms | Tokens: 1024 | Speed: 10.34 t/s | Latency: 100.34s
    [Req 040] Success | TTFT: 1313.3 ms | Tokens: 1024 | Speed: 10.34 t/s | Latency: 100.34s
    [Req 038] Success | TTFT: 1335.8 ms | Tokens: 1024 | Speed: 10.34 t/s | Latency: 100.34s
    [Req 032] Success | TTFT: 1317.1 ms | Tokens: 1024 | Speed: 10.34 t/s | Latency: 100.34s
    [Req 043] Success | TTFT: 1509.1 ms | Tokens: 1024 | Speed: 10.36 t/s | Latency: 100.37s
    [Req 041] Success | TTFT: 1487.8 ms | Tokens: 1024 | Speed: 10.36 t/s | Latency: 100.37s
    [Req 047] Success | TTFT: 1399.3 ms | Tokens: 1024 | Speed: 10.35 t/s | Latency: 100.37s
    [Req 048] Success | TTFT: 1441.2 ms | Tokens: 1024 | Speed: 10.35 t/s | Latency: 100.37s
    [Req 044] Success | TTFT: 1464.1 ms | Tokens: 1024 | Speed: 10.35 t/s | Latency: 100.37s
    [Req 045] Success | TTFT: 1421.5 ms | Tokens: 1024 | Speed: 10.35 t/s | Latency: 100.38s
    [Req 057] Success | TTFT: 1609.6 ms | Tokens: 1024 | Speed: 10.36 t/s | Latency: 100.41s
    [Req 053] Success | TTFT: 1579.9 ms | Tokens: 1024 | Speed: 10.36 t/s | Latency: 100.41s
    [Req 055] Success | TTFT: 1635.0 ms | Tokens: 1024 | Speed: 10.37 t/s | Latency: 100.42s
    [Req 056] Success | TTFT: 1699.9 ms | Tokens: 1024 | Speed: 10.37 t/s | Latency: 100.42s
    [Req 058] Success | TTFT: 1655.4 ms | Tokens: 1024 | Speed: 10.37 t/s | Latency: 100.42s
    [Req 050] Success | TTFT: 1703.2 ms | Tokens: 1024 | Speed: 10.37 t/s | Latency: 100.42s
    [Req 049] Success | TTFT: 1659.8 ms | Tokens: 1024 | Speed: 10.37 t/s | Latency: 100.43s
    [Req 059] Success | TTFT: 1720.6 ms | Tokens: 1024 | Speed: 10.37 t/s | Latency: 100.42s
    [Req 054] Success | TTFT: 1678.9 ms | Tokens: 1024 | Speed: 10.37 t/s | Latency: 100.43s
    [Req 051] Success | TTFT: 1553.9 ms | Tokens: 1024 | Speed: 10.36 t/s | Latency: 100.43s
    [Req 052] Success | TTFT: 1724.2 ms | Tokens: 1024 | Speed: 10.37 t/s | Latency: 100.43s
    [Req 046] Success | TTFT: 1682.9 ms | Tokens: 1024 | Speed: 10.37 t/s | Latency: 100.43s
    [Req 065] Success | TTFT: 1792.5 ms | Tokens: 1024 | Speed: 10.38 t/s | Latency: 100.45s
    [Req 063] Success | TTFT: 1864.9 ms | Tokens: 1024 | Speed: 10.39 t/s | Latency: 100.45s
    [Req 062] Success | TTFT: 1742.6 ms | Tokens: 1024 | Speed: 10.37 t/s | Latency: 100.46s
    [Req 066] Success | TTFT: 1893.2 ms | Tokens: 1024 | Speed: 10.39 t/s | Latency: 100.46s
    [Req 064] Success | TTFT: 1839.0 ms | Tokens: 1024 | Speed: 10.38 t/s | Latency: 100.46s
    [Req 060] Success | TTFT: 1769.3 ms | Tokens: 1024 | Speed: 10.38 t/s | Latency: 100.46s
    [Req 061] Success | TTFT: 1818.6 ms | Tokens: 1024 | Speed: 10.38 t/s | Latency: 100.46s
    [Req 076] Success | TTFT: 2009.6 ms | Tokens: 1024 | Speed: 10.4 t/s | Latency: 100.49s
    [Req 075] Success | TTFT: 1939.0 ms | Tokens: 1024 | Speed: 10.39 t/s | Latency: 100.50s
    [Req 073] Success | TTFT: 1962.0 ms | Tokens: 1024 | Speed: 10.39 t/s | Latency: 100.50s
    [Req 074] Success | TTFT: 2032.7 ms | Tokens: 1024 | Speed: 10.4 t/s | Latency: 100.50s
    [Req 069] Success | TTFT: 2057.3 ms | Tokens: 1024 | Speed: 10.4 t/s | Latency: 100.50s
    [Req 071] Success | TTFT: 2078.6 ms | Tokens: 1024 | Speed: 10.4 t/s | Latency: 100.51s
    [Req 070] Success | TTFT: 2100.7 ms | Tokens: 1024 | Speed: 10.41 t/s | Latency: 100.51s
    [Req 072] Success | TTFT: 1989.6 ms | Tokens: 1024 | Speed: 10.39 t/s | Latency: 100.51s
    [Req 077] Success | TTFT: 2053.5 ms | Tokens: 1024 | Speed: 10.4 t/s | Latency: 100.51s
    [Req 078] Success | TTFT: 2096.5 ms | Tokens: 1024 | Speed: 10.41 t/s | Latency: 100.51s
    [Req 079] Success | TTFT: 2074.7 ms | Tokens: 1024 | Speed: 10.4 t/s | Latency: 100.51s
    [Req 080] Success | TTFT: 2215.2 ms | Tokens: 1024 | Speed: 10.41 t/s | Latency: 100.54s
    [Req 086] Success | TTFT: 2134.8 ms | Tokens: 1024 | Speed: 10.41 t/s | Latency: 100.54s
    [Req 085] Success | TTFT: 2114.0 ms | Tokens: 1024 | Speed: 10.4 t/s | Latency: 100.54s
    [Req 083] Success | TTFT: 2282.3 ms | Tokens: 1024 | Speed: 10.42 t/s | Latency: 100.54s
    [Req 082] Success | TTFT: 2189.6 ms | Tokens: 1024 | Speed: 10.41 t/s | Latency: 100.54s
    [Req 087] Success | TTFT: 2258.1 ms | Tokens: 1024 | Speed: 10.42 t/s | Latency: 100.54s
    [Req 094] Success | TTFT: 2347.1 ms | Tokens: 1024 | Speed: 10.42 t/s | Latency: 100.58s
    [Req 096] Success | TTFT: 2368.0 ms | Tokens: 1024 | Speed: 10.43 t/s | Latency: 100.58s
    [Req 092] Success | TTFT: 2299.7 ms | Tokens: 1024 | Speed: 10.42 t/s | Latency: 100.58s
    [Req 088] Success | TTFT: 2417.5 ms | Tokens: 1024 | Speed: 10.43 t/s | Latency: 100.59s
    [Req 093] Success | TTFT: 2325.2 ms | Tokens: 1024 | Speed: 10.42 t/s | Latency: 100.59s
    [Req 099] Success | TTFT: 2456.2 ms | Tokens: 1024 | Speed: 10.44 t/s | Latency: 100.59s
    [Req 090] Success | TTFT: 2439.0 ms | Tokens: 1024 | Speed: 10.43 t/s | Latency: 100.59s
    [Req 098] Success | TTFT: 2434.9 ms | Tokens: 1024 | Speed: 10.43 t/s | Latency: 100.59s
    [Req 097] Success | TTFT: 2413.4 ms | Tokens: 1024 | Speed: 10.43 t/s | Latency: 100.59s
    [Req 104] Success | TTFT: 2583.4 ms | Tokens: 1024 | Speed: 10.44 t/s | Latency: 100.62s    [Req 101] Success | TTFT: 2541.7 ms | Tokens: 1024 | Speed: 10.44 t/s | Latency: 100.63s
    [Req 106] Success | TTFT: 2624.9 ms | Tokens: 1024 | Speed: 10.45 t/s | Latency: 100.62s

    [Req 105] Success | TTFT: 2495.7 ms | Tokens: 1024 | Speed: 10.43 t/s | Latency: 100.63s
    [Req 100] Success | TTFT: 2520.5 ms | Tokens: 1024 | Speed: 10.44 t/s | Latency: 100.63s
    [Req 107] Success | TTFT: 2603.0 ms | Tokens: 1024 | Speed: 10.45 t/s | Latency: 100.63s
    [Req 103] Success | TTFT: 2562.4 ms | Tokens: 1024 | Speed: 10.44 t/s | Latency: 100.63s
    [Req 102] Success | TTFT: 2475.6 ms | Tokens: 1024 | Speed: 10.43 t/s | Latency: 100.63s
    [Req 116] Success | TTFT: 2690.5 ms | Tokens: 1024 | Speed: 10.45 t/s | Latency: 100.66s
    [Req 118] Success | TTFT: 2778.1 ms | Tokens: 1024 | Speed: 10.46 t/s | Latency: 100.67s
    [Req 109] Success | TTFT: 2760.6 ms | Tokens: 1024 | Speed: 10.46 t/s | Latency: 100.67s
    [Req 115] Success | TTFT: 2735.3 ms | Tokens: 1024 | Speed: 10.46 t/s | Latency: 100.67s
    [Req 117] Success | TTFT: 2756.9 ms | Tokens: 1024 | Speed: 10.46 t/s | Latency: 100.67s
    [Req 111] Success | TTFT: 2804.4 ms | Tokens: 1024 | Speed: 10.46 t/s | Latency: 100.68s
    [Req 108] Success | TTFT: 2739.1 ms | Tokens: 1024 | Speed: 10.46 t/s | Latency: 100.68s
    [Req 113] Success | TTFT: 2713.6 ms | Tokens: 1024 | Speed: 10.45 t/s | Latency: 100.68s
    [Req 112] Success | TTFT: 2643.3 ms | Tokens: 1024 | Speed: 10.45 t/s | Latency: 100.68s
    [Req 110] Success | TTFT: 2782.3 ms | Tokens: 1024 | Speed: 10.46 t/s | Latency: 100.68s
    [Req 131] Success | TTFT: 2869.7 ms | Tokens: 1024 | Speed: 10.47 t/s | Latency: 100.70s
    [Req 124] Success | TTFT: 2874.2 ms | Tokens: 1024 | Speed: 10.47 t/s | Latency: 100.71s
    [Req 126] Success | TTFT: 2840.0 ms | Tokens: 1024 | Speed: 10.46 t/s | Latency: 100.71s
    [Req 130] Success | TTFT: 2859.9 ms | Tokens: 1024 | Speed: 10.47 t/s | Latency: 100.71s
    [Req 121] Success | TTFT: 2877.3 ms | Tokens: 1024 | Speed: 10.47 t/s | Latency: 100.71s
    [Req 120] Success | TTFT: 2864.7 ms | Tokens: 1024 | Speed: 10.47 t/s | Latency: 100.71s
    [Req 133] Success | TTFT: 2835.7 ms | Tokens: 1024 | Speed: 10.46 t/s | Latency: 100.71s
    [Req 129] Success | TTFT: 2873.5 ms | Tokens: 1024 | Speed: 10.47 t/s | Latency: 100.71s
    [Req 132] Success | TTFT: 2873.0 ms | Tokens: 1024 | Speed: 10.47 t/s | Latency: 100.71s
    [Req 134] Success | TTFT: 2870.9 ms | Tokens: 1024 | Speed: 10.47 t/s | Latency: 100.71s
    [Req 122] Success | TTFT: 2876.3 ms | Tokens: 1024 | Speed: 10.47 t/s | Latency: 100.72s
    [Req 128] Success | TTFT: 2873.0 ms | Tokens: 1024 | Speed: 10.47 t/s | Latency: 100.72s
    [Req 135] Success | TTFT: 2813.4 ms | Tokens: 1024 | Speed: 10.46 t/s | Latency: 100.71s
    [Req 127] Success | TTFT: 2875.3 ms | Tokens: 1024 | Speed: 10.47 t/s | Latency: 100.72s
    [Req 123] Success | TTFT: 2878.5 ms | Tokens: 1024 | Speed: 10.47 t/s | Latency: 100.72s
    [Req 125] Success | TTFT: 2819.6 ms | Tokens: 1024 | Speed: 10.46 t/s | Latency: 100.72s
    [Req 140] Success | TTFT: 2873.1 ms | Tokens: 1024 | Speed: 10.46 t/s | Latency: 100.74s
    [Req 149] Success | TTFT: 2864.4 ms | Tokens: 1024 | Speed: 10.46 t/s | Latency: 100.74s
    [Req 141] Success | TTFT: 2868.8 ms | Tokens: 1024 | Speed: 10.46 t/s | Latency: 100.75s
    [Req 139] Success | TTFT: 2872.3 ms | Tokens: 1024 | Speed: 10.46 t/s | Latency: 100.75s
    [Req 148] Success | TTFT: 2867.7 ms | Tokens: 1024 | Speed: 10.46 t/s | Latency: 100.74s
    [Req 151] Success | TTFT: 2872.3 ms | Tokens: 1024 | Speed: 10.46 t/s | Latency: 100.74s
    [Req 147] Success | TTFT: 2870.9 ms | Tokens: 1024 | Speed: 10.46 t/s | Latency: 100.75s
    [Req 145] Success | TTFT: 2872.8 ms | Tokens: 1024 | Speed: 10.46 t/s | Latency: 100.75s
    [Req 150] Success | TTFT: 2865.3 ms | Tokens: 1024 | Speed: 10.46 t/s | Latency: 100.75s
    [Req 138] Success | TTFT: 2875.7 ms | Tokens: 1024 | Speed: 10.46 t/s | Latency: 100.76s
    [Req 152] Success | TTFT: 2866.9 ms | Tokens: 1024 | Speed: 10.46 t/s | Latency: 100.75s
    [Req 144] Success | TTFT: 2874.1 ms | Tokens: 1024 | Speed: 10.46 t/s | Latency: 100.76s
    [Req 146] Success | TTFT: 2867.8 ms | Tokens: 1024 | Speed: 10.46 t/s | Latency: 100.76s
    [Req 137] Success | TTFT: 2877.8 ms | Tokens: 1024 | Speed: 10.46 t/s | Latency: 100.76s
    [Req 142] Success | TTFT: 2869.6 ms | Tokens: 1024 | Speed: 10.46 t/s | Latency: 100.76s
    [Req 136] Success | TTFT: 2876.8 ms | Tokens: 1024 | Speed: 10.46 t/s | Latency: 100.76s
    [Req 143] Success | TTFT: 2871.9 ms | Tokens: 1024 | Speed: 10.46 t/s | Latency: 100.76s
    [Req 153] Success | TTFT: 2868.8 ms | Tokens: 1024 | Speed: 10.46 t/s | Latency: 100.76s
    [Req 158] Success | TTFT: 2867.6 ms | Tokens: 1024 | Speed: 10.46 t/s | Latency: 100.78s
    [Req 164] Success | TTFT: 2867.3 ms | Tokens: 1024 | Speed: 10.46 t/s | Latency: 100.78s
    [Req 161] Success | TTFT: 2867.6 ms | Tokens: 1024 | Speed: 10.46 t/s | Latency: 100.78s
    [Req 159] Success | TTFT: 2869.6 ms | Tokens: 1024 | Speed: 10.46 t/s | Latency: 100.78s
    [Req 157] Success | TTFT: 2872.3 ms | Tokens: 1024 | Speed: 10.46 t/s | Latency: 100.78s
    [Req 156] Success | TTFT: 2872.4 ms | Tokens: 1024 | Speed: 10.46 t/s | Latency: 100.79s
    [Req 165] Success | TTFT: 2867.8 ms | Tokens: 1024 | Speed: 10.46 t/s | Latency: 100.78s
    [Req 163] Success | TTFT: 2869.6 ms | Tokens: 1024 | Speed: 10.46 t/s | Latency: 100.78s
    [Req 154] Success | TTFT: 2878.6 ms | Tokens: 1024 | Speed: 10.46 t/s | Latency: 100.79s
    [Req 173] Success | TTFT: 2874.4 ms | Tokens: 1024 | Speed: 10.46 t/s | Latency: 100.82s
    [Req 168] Success | TTFT: 2870.6 ms | Tokens: 1024 | Speed: 10.45 t/s | Latency: 100.82s
    [Req 166] Success | TTFT: 2876.3 ms | Tokens: 1024 | Speed: 10.45 t/s | Latency: 100.82s
    [Req 177] Success | TTFT: 2867.5 ms | Tokens: 1024 | Speed: 10.45 t/s | Latency: 100.82s
    [Req 171] Success | TTFT: 2868.4 ms | Tokens: 1024 | Speed: 10.45 t/s | Latency: 100.82s
    [Req 176] Success | TTFT: 2865.5 ms | Tokens: 1024 | Speed: 10.45 t/s | Latency: 100.82s
    [Req 169] Success | TTFT: 2871.5 ms | Tokens: 1024 | Speed: 10.45 t/s | Latency: 100.83s
    [Req 172] Success | TTFT: 2866.6 ms | Tokens: 1024 | Speed: 10.45 t/s | Latency: 100.83s
    [Req 167] Success | TTFT: 2876.7 ms | Tokens: 1024 | Speed: 10.45 t/s | Latency: 100.83s
    [Req 178] Success | TTFT: 2869.1 ms | Tokens: 1024 | Speed: 10.45 t/s | Latency: 100.82s
    [Req 170] Success | TTFT: 2871.9 ms | Tokens: 1024 | Speed: 10.45 t/s | Latency: 100.83s
    [Req 175] Success | TTFT: 2876.9 ms | Tokens: 1024 | Speed: 10.45 t/s | Latency: 100.83s
    [Req 174] Success | TTFT: 2871.1 ms | Tokens: 1024 | Speed: 10.45 t/s | Latency: 100.83s
    [Req 179] Success | TTFT: 2877.7 ms | Tokens: 1024 | Speed: 10.45 t/s | Latency: 100.86s
    [Req 180] Success | TTFT: 2876.8 ms | Tokens: 1024 | Speed: 10.45 t/s | Latency: 100.86s
    [Req 181] Success | TTFT: 2879.7 ms | Tokens: 1024 | Speed: 10.45 t/s | Latency: 100.86s
    [Req 183] Success | TTFT: 2876.7 ms | Tokens: 1024 | Speed: 10.45 t/s | Latency: 100.86s
    [Req 182] Success | TTFT: 2874.4 ms | Tokens: 1024 | Speed: 10.45 t/s | Latency: 100.86s
    [Req 192] Success | TTFT: 2867.8 ms | Tokens: 1024 | Speed: 10.45 t/s | Latency: 100.86s
    [Req 191] Success | TTFT: 2868.6 ms | Tokens: 1024 | Speed: 10.45 t/s | Latency: 100.86s
    [Req 186] Success | TTFT: 2875.6 ms | Tokens: 1024 | Speed: 10.45 t/s | Latency: 100.86s
    [Req 184] Success | TTFT: 2868.1 ms | Tokens: 1024 | Speed: 10.45 t/s | Latency: 100.86s
    [Req 185] Success | TTFT: 2876.7 ms | Tokens: 1024 | Speed: 10.45 t/s | Latency: 100.86s
    [Req 193] Success | TTFT: 2866.6 ms | Tokens: 1024 | Speed: 10.45 t/s | Latency: 100.86s
    [Req 188] Success | TTFT: 2869.9 ms | Tokens: 1024 | Speed: 10.45 t/s | Latency: 100.86s
    [Req 198] Success | TTFT: 2872.4 ms | Tokens: 1024 | Speed: 10.45 t/s | Latency: 100.89s
    [Req 208] Success | TTFT: 2865.3 ms | Tokens: 1024 | Speed: 10.45 t/s | Latency: 100.89s    [Req 209] Success | TTFT: 2873.1 ms | Tokens: 1024 | Speed: 10.45 t/s | Latency: 100.89s

    [Req 210] Success | TTFT: 2868.3 ms | Tokens: 1024 | Speed: 10.45 t/s | Latency: 100.89s
    [Req 196] Success | TTFT: 2872.9 ms | Tokens: 1024 | Speed: 10.45 t/s | Latency: 100.90s
    [Req 200] Success | TTFT: 2867.8 ms | Tokens: 1024 | Speed: 10.45 t/s | Latency: 100.90s
    [Req 213] Success | TTFT: 2871.9 ms | Tokens: 1024 | Speed: 10.45 t/s | Latency: 100.89s
    [Req 204] Success | TTFT: 2868.6 ms | Tokens: 1024 | Speed: 10.45 t/s | Latency: 100.90s
    [Req 194] Success | TTFT: 2878.9 ms | Tokens: 1024 | Speed: 10.45 t/s | Latency: 100.90s
    [Req 199] Success | TTFT: 2877.2 ms | Tokens: 1024 | Speed: 10.45 t/s | Latency: 100.90s
    [Req 206] Success | TTFT: 2866.5 ms | Tokens: 1024 | Speed: 10.45 t/s | Latency: 100.90s
    [Req 201] Success | TTFT: 2875.5 ms | Tokens: 1024 | Speed: 10.45 t/s | Latency: 100.90s
    [Req 211] Success | TTFT: 2871.3 ms | Tokens: 1024 | Speed: 10.45 t/s | Latency: 100.90s
    [Req 207] Success | TTFT: 2874.7 ms | Tokens: 1024 | Speed: 10.45 t/s | Latency: 100.90s
    [Req 202] Success | TTFT: 2877.8 ms | Tokens: 1024 | Speed: 10.45 t/s | Latency: 100.91s
    [Req 203] Success | TTFT: 2877.8 ms | Tokens: 1024 | Speed: 10.45 t/s | Latency: 100.91s
    [Req 205] Success | TTFT: 2872.3 ms | Tokens: 1024 | Speed: 10.45 t/s | Latency: 100.91s
    [Req 214] Success | TTFT: 2866.5 ms | Tokens: 1024 | Speed: 10.45 t/s | Latency: 100.90s
    [Req 212] Success | TTFT: 2870.6 ms | Tokens: 1024 | Speed: 10.45 t/s | Latency: 100.90s
    [Req 195] Success | TTFT: 2882.3 ms | Tokens: 1024 | Speed: 10.45 t/s | Latency: 100.91s
    [Req 197] Success | TTFT: 2874.3 ms | Tokens: 1024 | Speed: 10.44 t/s | Latency: 100.91s
    [Req 225] Success | TTFT: 3088.1 ms | Tokens: 1024 | Speed: 10.47 t/s | Latency: 100.92s
    [Req 221] Success | TTFT: 3083.2 ms | Tokens: 1024 | Speed: 10.47 t/s | Latency: 100.92s
    [Req 228] Success | TTFT: 3079.3 ms | Tokens: 1024 | Speed: 10.47 t/s | Latency: 100.92s
    [Req 222] Success | TTFT: 3082.9 ms | Tokens: 1024 | Speed: 10.47 t/s | Latency: 100.92s
    [Req 217] Success | TTFT: 3092.3 ms | Tokens: 1024 | Speed: 10.47 t/s | Latency: 100.93s
    [Req 229] Success | TTFT: 3083.5 ms | Tokens: 1024 | Speed: 10.47 t/s | Latency: 100.92s
    [Req 215] Success | TTFT: 3094.3 ms | Tokens: 1024 | Speed: 10.47 t/s | Latency: 100.93s
    [Req 219] Success | TTFT: 3087.9 ms | Tokens: 1024 | Speed: 10.47 t/s | Latency: 100.93s
    [Req 220] Success | TTFT: 3089.2 ms | Tokens: 1024 | Speed: 10.47 t/s | Latency: 100.93s
    [Req 223] Success | TTFT: 3089.2 ms | Tokens: 1024 | Speed: 10.47 t/s | Latency: 100.93s
    [Req 216] Success | TTFT: 3087.5 ms | Tokens: 1024 | Speed: 10.47 t/s | Latency: 100.94s
    [Req 230] Success | TTFT: 3079.5 ms | Tokens: 1024 | Speed: 10.47 t/s | Latency: 100.93s
    [Req 224] Success | TTFT: 3084.1 ms | Tokens: 1024 | Speed: 10.47 t/s | Latency: 100.93s
    [Req 231] Success | TTFT: 3083.6 ms | Tokens: 1024 | Speed: 10.47 t/s | Latency: 100.93s
    [Req 218] Success | TTFT: 3087.5 ms | Tokens: 1024 | Speed: 10.47 t/s | Latency: 100.94s
    [Req 227] Success | TTFT: 3084.7 ms | Tokens: 1024 | Speed: 10.47 t/s | Latency: 100.93s
    [Req 226] Success | TTFT: 3085.9 ms | Tokens: 1024 | Speed: 10.47 t/s | Latency: 100.93s
    [Req 246] Success | TTFT: 3272.3 ms | Tokens: 1024 | Speed: 10.48 t/s | Latency: 100.95s
    [Req 238] Success | TTFT: 3276.0 ms | Tokens: 1024 | Speed: 10.48 t/s | Latency: 100.96s
    [Req 255] Success | TTFT: 3262.7 ms | Tokens: 1024 | Speed: 10.48 t/s | Latency: 100.95s
    [Req 254] Success | TTFT: 3265.3 ms | Tokens: 1024 | Speed: 10.48 t/s | Latency: 100.95s
    [Req 233] Success | TTFT: 3275.5 ms | Tokens: 1024 | Speed: 10.48 t/s | Latency: 100.96s
    [Req 247] Success | TTFT: 3263.2 ms | Tokens: 1024 | Speed: 10.48 t/s | Latency: 100.96s
    [Req 239] Success | TTFT: 3268.8 ms | Tokens: 1024 | Speed: 10.48 t/s | Latency: 100.96s
    [Req 245] Success | TTFT: 3262.0 ms | Tokens: 1024 | Speed: 10.48 t/s | Latency: 100.96s
    [Req 249] Success | TTFT: 3270.3 ms | Tokens: 1024 | Speed: 10.48 t/s | Latency: 100.96s
    [Req 251] Success | TTFT: 3271.7 ms | Tokens: 1024 | Speed: 10.48 t/s | Latency: 100.96s
    [Req 248] Success | TTFT: 3272.1 ms | Tokens: 1024 | Speed: 10.48 t/s | Latency: 100.96s
    [Req 253] Success | TTFT: 3257.8 ms | Tokens: 1024 | Speed: 10.48 t/s | Latency: 100.96s
    [Req 244] Success | TTFT: 3272.2 ms | Tokens: 1024 | Speed: 10.48 t/s | Latency: 100.97s
    [Req 256] Success | TTFT: 3262.4 ms | Tokens: 1024 | Speed: 10.48 t/s | Latency: 100.96s
    [Req 243] Success | TTFT: 3268.3 ms | Tokens: 1024 | Speed: 10.48 t/s | Latency: 100.97s
    [Req 250] Success | TTFT: 3268.2 ms | Tokens: 1024 | Speed: 10.48 t/s | Latency: 100.96s
    [Req 241] Success | TTFT: 3271.0 ms | Tokens: 1024 | Speed: 10.48 t/s | Latency: 100.97s
    [Req 240] Success | TTFT: 3269.8 ms | Tokens: 1024 | Speed: 10.48 t/s | Latency: 100.97s
    [Req 237] Success | TTFT: 3266.0 ms | Tokens: 1024 | Speed: 10.48 t/s | Latency: 100.97s
    [Req 235] Success | TTFT: 3277.5 ms | Tokens: 1024 | Speed: 10.48 t/s | Latency: 100.98s
    [Req 236] Success | TTFT: 3269.8 ms | Tokens: 1024 | Speed: 10.48 t/s | Latency: 100.98s
    [Req 232] Success | TTFT: 3275.1 ms | Tokens: 1024 | Speed: 10.48 t/s | Latency: 100.98s
    [Req 242] Success | TTFT: 3275.1 ms | Tokens: 1024 | Speed: 10.48 t/s | Latency: 100.97s
    [Req 234] Success | TTFT: 3279.8 ms | Tokens: 1024 | Speed: 10.48 t/s | Latency: 100.98s
    [Req 252] Success | TTFT: 3259.2 ms | Tokens: 1024 | Speed: 10.48 t/s | Latency: 100.97s
  ✨ Done C=256 | Tok/s: 2570.10 | Req/s:  2.53 | TTFT: 2401.6ms | Stream: 10.42 t/s | Latency: 99.82s

▶️  [Concurrency 512] Running 512 requests...
    [Req 369] Success | TTFT: 10944.4 ms | Tokens: 872 | Speed: 9.03 t/s | Latency: 107.47s
    [Req 344] Success | TTFT: 10593.1 ms | Tokens: 891 | Speed: 9.01 t/s | Latency: 109.51s
    [Req 455] Success | TTFT: 11361.3 ms | Tokens: 896 | Speed: 9.07 t/s | Latency: 110.12s
    [Req 313] Success | TTFT: 10611.3 ms | Tokens: 906 | Speed: 9.01 t/s | Latency: 111.19s
    [Req 117] Success | TTFT: 3400.0 ms | Tokens: 921 | Speed: 8.48 t/s | Latency: 112.06s
    [Req 400] Success | TTFT: 10921.0 ms | Tokens: 916 | Speed: 9.04 t/s | Latency: 112.30s
    [Req 257] Success | TTFT: 10255.6 ms | Tokens: 918 | Speed: 8.98 t/s | Latency: 112.48s
    [Req 261] Success | TTFT: 10251.1 ms | Tokens: 923 | Speed: 8.98 t/s | Latency: 113.03s    [Req 272] Success | TTFT: 10254.9 ms | Tokens: 923 | Speed: 8.98 t/s | Latency: 113.03s

    [Req 172] Success | TTFT: 4415.7 ms | Tokens: 945 | Speed: 8.55 t/s | Latency: 115.00s
    [Req 052] Success | TTFT: 1634.9 ms | Tokens: 958 | Speed: 8.39 t/s | Latency: 115.78s
    [Req 154] Success | TTFT: 4010.1 ms | Tokens: 955 | Speed: 8.53 t/s | Latency: 116.00s
    [Req 165] Success | TTFT: 4153.4 ms | Tokens: 957 | Speed: 8.54 t/s | Latency: 116.27s
    [Req 046] Success | TTFT: 1511.6 ms | Tokens: 975 | Speed: 8.4 t/s | Latency: 117.59s
    [Req 063] Success | TTFT: 2015.7 ms | Tokens: 975 | Speed: 8.42 t/s | Latency: 117.75s
    [Req 309] Success | TTFT: 10594.7 ms | Tokens: 966 | Speed: 9.01 t/s | Latency: 117.79s
    [Req 447] Success | TTFT: 11367.7 ms | Tokens: 966 | Speed: 9.07 t/s | Latency: 117.82s
    [Req 235] Success | TTFT: 5221.8 ms | Tokens: 972 | Speed: 8.61 t/s | Latency: 118.14s
    [Req 305] Success | TTFT: 10240.3 ms | Tokens: 973 | Speed: 8.99 t/s | Latency: 118.48s
    [Req 030] Success | TTFT: 1099.7 ms | Tokens: 986 | Speed: 8.39 t/s | Latency: 118.67s
    [Req 234] Success | TTFT: 5155.1 ms | Tokens: 980 | Speed: 8.61 t/s | Latency: 118.99s
    [Req 269] Success | TTFT: 10253.7 ms | Tokens: 980 | Speed: 8.99 t/s | Latency: 119.23s
    [Req 370] Success | TTFT: 10946.7 ms | Tokens: 983 | Speed: 9.05 t/s | Latency: 119.60s
    [Req 237] Success | TTFT: 5048.4 ms | Tokens: 989 | Speed: 8.61 t/s | Latency: 119.93s
    [Req 476] Success | TTFT: 11363.3 ms | Tokens: 985 | Speed: 9.08 t/s | Latency: 119.81s
    [Req 148] Success | TTFT: 4120.2 ms | Tokens: 993 | Speed: 8.56 t/s | Latency: 120.09s
    [Req 080] Success | TTFT: 2345.7 ms | Tokens: 999 | Speed: 8.46 t/s | Latency: 120.39s
    [Req 182] Success | TTFT: 4388.6 ms | Tokens: 1000 | Speed: 8.58 t/s | Latency: 120.91s
    [Req 360] Success | TTFT: 10582.0 ms | Tokens: 995 | Speed: 9.03 t/s | Latency: 120.82s
    [Req 123] Success | TTFT: 3505.1 ms | Tokens: 1003 | Speed: 8.54 t/s | Latency: 121.00s
    [Req 059] Success | TTFT: 1828.3 ms | Tokens: 1012 | Speed: 8.45 t/s | Latency: 121.59s
    [Req 164] Success | TTFT: 4175.1 ms | Tokens: 1007 | Speed: 8.58 t/s | Latency: 121.59s
    [Req 027] Success | TTFT: 1190.3 ms | Tokens: 1016 | Speed: 8.42 t/s | Latency: 121.81s
    [Req 006] Success | TTFT: 309.3 ms | Tokens: 1024 | Speed: 8.4 t/s | Latency: 122.27s
    [Req 002] Success | TTFT: 505.3 ms | Tokens: 1024 | Speed: 8.41 t/s | Latency: 122.33s
    [Req 005] Success | TTFT: 557.5 ms | Tokens: 1024 | Speed: 8.41 t/s | Latency: 122.37s
    [Req 010] Success | TTFT: 682.5 ms | Tokens: 1024 | Speed: 8.42 t/s | Latency: 122.37s    [Req 001] Success | TTFT: 580.7 ms | Tokens: 1024 | Speed: 8.41 t/s | Latency: 122.38s
    [Req 007] Success | TTFT: 606.0 ms | Tokens: 1024 | Speed: 8.41 t/s | Latency: 122.38s

    [Req 011] Success | TTFT: 659.2 ms | Tokens: 1024 | Speed: 8.41 t/s | Latency: 122.38s
    [Req 004] Success | TTFT: 639.8 ms | Tokens: 1024 | Speed: 8.41 t/s | Latency: 122.39s
    [Req 003] Success | TTFT: 707.7 ms | Tokens: 1024 | Speed: 8.42 t/s | Latency: 122.39s
    [Req 014] Success | TTFT: 774.1 ms | Tokens: 1024 | Speed: 8.42 t/s | Latency: 122.42s
    [Req 009] Success | TTFT: 863.0 ms | Tokens: 1024 | Speed: 8.42 t/s | Latency: 122.42s
    [Req 015] Success | TTFT: 880.3 ms | Tokens: 1024 | Speed: 8.42 t/s | Latency: 122.43s
    [Req 012] Success | TTFT: 796.4 ms | Tokens: 1024 | Speed: 8.42 t/s | Latency: 122.43s
    [Req 013] Success | TTFT: 817.2 ms | Tokens: 1024 | Speed: 8.42 t/s | Latency: 122.43s
    [Req 008] Success | TTFT: 842.3 ms | Tokens: 1024 | Speed: 8.42 t/s | Latency: 122.44s
    [Req 021] Success | TTFT: 990.4 ms | Tokens: 1024 | Speed: 8.43 t/s | Latency: 122.46s
    [Req 023] Success | TTFT: 961.9 ms | Tokens: 1024 | Speed: 8.43 t/s | Latency: 122.46s
    [Req 019] Success | TTFT: 1060.3 ms | Tokens: 1024 | Speed: 8.43 t/s | Latency: 122.47s
    [Req 018] Success | TTFT: 1014.6 ms | Tokens: 1024 | Speed: 8.43 t/s | Latency: 122.47s
    [Req 016] Success | TTFT: 1038.0 ms | Tokens: 1024 | Speed: 8.43 t/s | Latency: 122.48s
    [Req 390] Success | TTFT: 10931.1 ms | Tokens: 1009 | Speed: 9.06 t/s | Latency: 122.29s    [Req 020] Success | TTFT: 899.2 ms | Tokens: 1024 | Speed: 8.42 t/s | Latency: 122.48s

    [Req 022] Success | TTFT: 941.2 ms | Tokens: 1024 | Speed: 8.43 t/s | Latency: 122.48s
    [Req 017] Success | TTFT: 921.9 ms | Tokens: 1024 | Speed: 8.42 t/s | Latency: 122.49s
    [Req 121] Success | TTFT: 3597.8 ms | Tokens: 1017 | Speed: 8.56 t/s | Latency: 122.44s
    [Req 024] Success | TTFT: 1148.1 ms | Tokens: 1024 | Speed: 8.44 t/s | Latency: 122.52s
    [Req 029] Success | TTFT: 1123.1 ms | Tokens: 1024 | Speed: 8.44 t/s | Latency: 122.52s
    [Req 025] Success | TTFT: 1169.7 ms | Tokens: 1024 | Speed: 8.44 t/s | Latency: 122.53s
    [Req 028] Success | TTFT: 1078.0 ms | Tokens: 1024 | Speed: 8.43 t/s | Latency: 122.53s
    [Req 026] Success | TTFT: 1212.3 ms | Tokens: 1024 | Speed: 8.44 t/s | Latency: 122.53s
    [Req 031] Success | TTFT: 1232.0 ms | Tokens: 1024 | Speed: 8.44 t/s | Latency: 122.53s
    [Req 032] Success | TTFT: 1412.2 ms | Tokens: 1024 | Speed: 8.45 t/s | Latency: 122.56s
    [Req 034] Success | TTFT: 1389.3 ms | Tokens: 1024 | Speed: 8.45 t/s | Latency: 122.57s
    [Req 036] Success | TTFT: 1316.5 ms | Tokens: 1024 | Speed: 8.45 t/s | Latency: 122.57s
    [Req 033] Success | TTFT: 1365.0 ms | Tokens: 1024 | Speed: 8.45 t/s | Latency: 122.57s
    [Req 038] Success | TTFT: 1272.9 ms | Tokens: 1024 | Speed: 8.44 t/s | Latency: 122.57s
    [Req 035] Success | TTFT: 1338.2 ms | Tokens: 1024 | Speed: 8.45 t/s | Latency: 122.58s
    [Req 037] Success | TTFT: 1294.7 ms | Tokens: 1024 | Speed: 8.44 t/s | Latency: 122.58s
    [Req 044] Success | TTFT: 1448.1 ms | Tokens: 1024 | Speed: 8.45 t/s | Latency: 122.61s
    [Req 040] Success | TTFT: 1535.9 ms | Tokens: 1024 | Speed: 8.46 t/s | Latency: 122.61s    [Req 045] Success | TTFT: 1426.9 ms | Tokens: 1024 | Speed: 8.45 t/s | Latency: 122.61s

    [Req 042] Success | TTFT: 1576.5 ms | Tokens: 1024 | Speed: 8.46 t/s | Latency: 122.62s
    [Req 043] Success | TTFT: 1470.0 ms | Tokens: 1024 | Speed: 8.45 t/s | Latency: 122.62s
    [Req 226] Success | TTFT: 5193.9 ms | Tokens: 1014 | Speed: 8.64 t/s | Latency: 122.53s
    [Req 039] Success | TTFT: 1493.7 ms | Tokens: 1024 | Speed: 8.45 t/s | Latency: 122.63s
    [Req 041] Success | TTFT: 1556.2 ms | Tokens: 1024 | Speed: 8.46 t/s | Latency: 122.63s
    [Req 048] Success | TTFT: 1700.4 ms | Tokens: 1024 | Speed: 8.47 t/s | Latency: 122.66s
    [Req 047] Success | TTFT: 1728.0 ms | Tokens: 1024 | Speed: 8.47 t/s | Latency: 122.67s
    [Req 051] Success | TTFT: 1677.0 ms | Tokens: 1024 | Speed: 8.46 t/s | Latency: 122.66s
    [Req 049] Success | TTFT: 1657.1 ms | Tokens: 1024 | Speed: 8.46 t/s | Latency: 122.67s
    [Req 050] Success | TTFT: 1749.2 ms | Tokens: 1024 | Speed: 8.47 t/s | Latency: 122.67s
    [Req 443] Success | TTFT: 11388.2 ms | Tokens: 1011 | Speed: 9.1 t/s | Latency: 122.50s
    [Req 060] Success | TTFT: 1764.6 ms | Tokens: 1024 | Speed: 8.47 t/s | Latency: 122.70s
    [Req 058] Success | TTFT: 1891.1 ms | Tokens: 1024 | Speed: 8.48 t/s | Latency: 122.71s
    [Req 055] Success | TTFT: 1851.1 ms | Tokens: 1024 | Speed: 8.47 t/s | Latency: 122.71s
    [Req 053] Success | TTFT: 1788.9 ms | Tokens: 1024 | Speed: 8.47 t/s | Latency: 122.71s
    [Req 054] Success | TTFT: 1914.4 ms | Tokens: 1024 | Speed: 8.48 t/s | Latency: 122.72s
    [Req 057] Success | TTFT: 1870.8 ms | Tokens: 1024 | Speed: 8.47 t/s | Latency: 122.72s
    [Req 056] Success | TTFT: 1808.2 ms | Tokens: 1024 | Speed: 8.47 t/s | Latency: 122.72s
    [Req 061] Success | TTFT: 1910.9 ms | Tokens: 1024 | Speed: 8.48 t/s | Latency: 122.72s
    [Req 064] Success | TTFT: 1972.8 ms | Tokens: 1024 | Speed: 8.48 t/s | Latency: 122.75s
    [Req 062] Success | TTFT: 1994.5 ms | Tokens: 1024 | Speed: 8.48 t/s | Latency: 122.76s
    [Req 066] Success | TTFT: 2065.9 ms | Tokens: 1024 | Speed: 8.48 t/s | Latency: 122.76s
    [Req 065] Success | TTFT: 2088.7 ms | Tokens: 1024 | Speed: 8.49 t/s | Latency: 122.76s
    [Req 068] Success | TTFT: 2038.1 ms | Tokens: 1024 | Speed: 8.48 t/s | Latency: 122.76s
    [Req 071] Success | TTFT: 2150.9 ms | Tokens: 1024 | Speed: 8.49 t/s | Latency: 122.80s
    [Req 076] Success | TTFT: 2235.9 ms | Tokens: 1024 | Speed: 8.49 t/s | Latency: 122.80s
    [Req 072] Success | TTFT: 2128.0 ms | Tokens: 1024 | Speed: 8.49 t/s | Latency: 122.80s
    [Req 078] Success | TTFT: 2257.1 ms | Tokens: 1024 | Speed: 8.49 t/s | Latency: 122.80s
    [Req 073] Success | TTFT: 2171.3 ms | Tokens: 1024 | Speed: 8.49 t/s | Latency: 122.81s
    [Req 070] Success | TTFT: 2216.3 ms | Tokens: 1024 | Speed: 8.49 t/s | Latency: 122.81s
    [Req 069] Success | TTFT: 2261.9 ms | Tokens: 1024 | Speed: 8.49 t/s | Latency: 122.81s
    [Req 074] Success | TTFT: 2192.6 ms | Tokens: 1024 | Speed: 8.49 t/s | Latency: 122.81s
    [Req 067] Success | TTFT: 2240.5 ms | Tokens: 1024 | Speed: 8.49 t/s | Latency: 122.82s
    [Req 193] Success | TTFT: 4806.2 ms | Tokens: 1017 | Speed: 8.62 t/s | Latency: 122.75s
    [Req 077] Success | TTFT: 2212.6 ms | Tokens: 1024 | Speed: 8.49 t/s | Latency: 122.82s
    [Req 075] Success | TTFT: 2105.3 ms | Tokens: 1024 | Speed: 8.48 t/s | Latency: 122.82s
    [Req 084] Success | TTFT: 2322.7 ms | Tokens: 1024 | Speed: 8.5 t/s | Latency: 122.84s
    [Req 081] Success | TTFT: 2412.8 ms | Tokens: 1024 | Speed: 8.5 t/s | Latency: 122.85s
    [Req 079] Success | TTFT: 2387.9 ms | Tokens: 1024 | Speed: 8.5 t/s | Latency: 122.86s
    [Req 082] Success | TTFT: 2435.4 ms | Tokens: 1024 | Speed: 8.5 t/s | Latency: 122.86s
    [Req 085] Success | TTFT: 2297.9 ms | Tokens: 1024 | Speed: 8.49 t/s | Latency: 122.86s
    [Req 083] Success | TTFT: 2365.1 ms | Tokens: 1024 | Speed: 8.5 t/s | Latency: 122.86s
    [Req 092] Success | TTFT: 2473.4 ms | Tokens: 1024 | Speed: 8.5 t/s | Latency: 122.89s
    [Req 091] Success | TTFT: 2495.9 ms | Tokens: 1024 | Speed: 8.51 t/s | Latency: 122.89s
    [Req 089] Success | TTFT: 2582.2 ms | Tokens: 1024 | Speed: 8.51 t/s | Latency: 122.90s
    [Req 086] Success | TTFT: 2541.1 ms | Tokens: 1024 | Speed: 8.51 t/s | Latency: 122.91s
    [Req 088] Success | TTFT: 2518.8 ms | Tokens: 1024 | Speed: 8.51 t/s | Latency: 122.91s
    [Req 095] Success | TTFT: 2536.9 ms | Tokens: 1024 | Speed: 8.51 t/s | Latency: 122.90s
    [Req 093] Success | TTFT: 2451.5 ms | Tokens: 1024 | Speed: 8.5 t/s | Latency: 122.91s
    [Req 094] Success | TTFT: 2558.6 ms | Tokens: 1024 | Speed: 8.51 t/s | Latency: 122.91s
    [Req 097] Success | TTFT: 2599.4 ms | Tokens: 1024 | Speed: 8.51 t/s | Latency: 122.91s
    [Req 090] Success | TTFT: 2603.0 ms | Tokens: 1024 | Speed: 8.51 t/s | Latency: 122.91s
    [Req 096] Success | TTFT: 2578.4 ms | Tokens: 1024 | Speed: 8.51 t/s | Latency: 122.91s
    [Req 087] Success | TTFT: 2562.0 ms | Tokens: 1024 | Speed: 8.51 t/s | Latency: 122.91s
    [Req 102] Success | TTFT: 2661.0 ms | Tokens: 1024 | Speed: 8.51 t/s | Latency: 122.94s
    [Req 100] Success | TTFT: 2639.8 ms | Tokens: 1024 | Speed: 8.51 t/s | Latency: 122.94s
    [Req 098] Success | TTFT: 2757.4 ms | Tokens: 1024 | Speed: 8.52 t/s | Latency: 122.95s
    [Req 106] Success | TTFT: 3254.2 ms | Tokens: 1024 | Speed: 8.56 t/s | Latency: 122.94s
    [Req 099] Success | TTFT: 2706.2 ms | Tokens: 1024 | Speed: 8.52 t/s | Latency: 122.95s
    [Req 101] Success | TTFT: 2618.6 ms | Tokens: 1024 | Speed: 8.51 t/s | Latency: 122.95s
    [Req 103] Success | TTFT: 2724.8 ms | Tokens: 1024 | Speed: 8.52 t/s | Latency: 122.95s
    [Req 104] Success | TTFT: 2682.3 ms | Tokens: 1024 | Speed: 8.51 t/s | Latency: 122.95s
    [Req 112] Success | TTFT: 3329.1 ms | Tokens: 1024 | Speed: 8.56 t/s | Latency: 122.98s
    [Req 110] Success | TTFT: 3276.3 ms | Tokens: 1024 | Speed: 8.55 t/s | Latency: 122.99s
    [Req 113] Success | TTFT: 3351.9 ms | Tokens: 1024 | Speed: 8.56 t/s | Latency: 122.99s
    [Req 116] Success | TTFT: 3377.3 ms | Tokens: 1024 | Speed: 8.56 t/s | Latency: 122.99s
    [Req 111] Success | TTFT: 3299.7 ms | Tokens: 1024 | Speed: 8.56 t/s | Latency: 122.99s
    [Req 428] Success | TTFT: 11386.6 ms | Tokens: 1014 | Speed: 9.1 t/s | Latency: 122.83s
    [Req 107] Success | TTFT: 3427.2 ms | Tokens: 1024 | Speed: 8.56 t/s | Latency: 123.00s
    [Req 114] Success | TTFT: 3445.7 ms | Tokens: 1024 | Speed: 8.57 t/s | Latency: 123.00s
    [Req 105] Success | TTFT: 3449.9 ms | Tokens: 1024 | Speed: 8.57 t/s | Latency: 123.00s
    [Req 109] Success | TTFT: 3380.5 ms | Tokens: 1024 | Speed: 8.56 t/s | Latency: 123.00s
    [Req 115] Success | TTFT: 3423.3 ms | Tokens: 1024 | Speed: 8.56 t/s | Latency: 123.00s
    [Req 108] Success | TTFT: 3404.3 ms | Tokens: 1024 | Speed: 8.56 t/s | Latency: 123.01s
    [Req 120] Success | TTFT: 3548.6 ms | Tokens: 1024 | Speed: 8.57 t/s | Latency: 123.04s
    [Req 118] Success | TTFT: 3528.9 ms | Tokens: 1024 | Speed: 8.57 t/s | Latency: 123.04s
    [Req 119] Success | TTFT: 3570.2 ms | Tokens: 1024 | Speed: 8.57 t/s | Latency: 123.04s
    [Req 122] Success | TTFT: 3619.6 ms | Tokens: 1024 | Speed: 8.57 t/s | Latency: 123.04s
    [Req 125] Success | TTFT: 3461.5 ms | Tokens: 1024 | Speed: 8.56 t/s | Latency: 123.04s
    [Req 124] Success | TTFT: 3483.2 ms | Tokens: 1024 | Speed: 8.56 t/s | Latency: 123.04s
    [Req 132] Success | TTFT: 3677.4 ms | Tokens: 1024 | Speed: 8.58 t/s | Latency: 123.07s
    [Req 131] Success | TTFT: 3656.8 ms | Tokens: 1024 | Speed: 8.57 t/s | Latency: 123.08s    [Req 128] Success | TTFT: 3701.5 ms | Tokens: 1024 | Speed: 8.58 t/s | Latency: 123.08s
    [Req 134] Success | TTFT: 3634.5 ms | Tokens: 1024 | Speed: 8.57 t/s | Latency: 123.08s    [Req 130] Success | TTFT: 3785.4 ms | Tokens: 1024 | Speed: 8.58 t/s | Latency: 123.08s
    [Req 129] Success | TTFT: 3765.3 ms | Tokens: 1024 | Speed: 8.58 t/s | Latency: 123.09s
    [Req 137] Success | TTFT: 3696.5 ms | Tokens: 1024 | Speed: 8.58 t/s | Latency: 123.08s
    [Req 127] Success | TTFT: 3745.2 ms | Tokens: 1024 | Speed: 8.58 t/s | Latency: 123.09s

    [Req 135] Success | TTFT: 3719.0 ms | Tokens: 1024 | Speed: 8.58 t/s | Latency: 123.09s
    [Req 126] Success | TTFT: 3724.2 ms | Tokens: 1024 | Speed: 8.58 t/s | Latency: 123.09s
    [Req 138] Success | TTFT: 3781.7 ms | Tokens: 1024 | Speed: 8.58 t/s | Latency: 123.09s

    [Req 133] Success | TTFT: 3762.4 ms | Tokens: 1024 | Speed: 8.58 t/s | Latency: 123.09s
    [Req 136] Success | TTFT: 3740.0 ms | Tokens: 1024 | Speed: 8.58 t/s | Latency: 123.09s
    [Req 143] Success | TTFT: 3820.9 ms | Tokens: 1024 | Speed: 8.58 t/s | Latency: 123.12s
    [Req 147] Success | TTFT: 3929.4 ms | Tokens: 1024 | Speed: 8.59 t/s | Latency: 123.13s
    [Req 140] Success | TTFT: 3843.3 ms | Tokens: 1024 | Speed: 8.58 t/s | Latency: 123.13s
    [Req 142] Success | TTFT: 3862.9 ms | Tokens: 1024 | Speed: 8.59 t/s | Latency: 123.13s
    [Req 144] Success | TTFT: 3882.9 ms | Tokens: 1024 | Speed: 8.59 t/s | Latency: 123.13s
    [Req 145] Success | TTFT: 3908.8 ms | Tokens: 1024 | Speed: 8.59 t/s | Latency: 123.14s
    [Req 141] Success | TTFT: 3800.9 ms | Tokens: 1024 | Speed: 8.58 t/s | Latency: 123.14s
    [Req 146] Success | TTFT: 3951.2 ms | Tokens: 1024 | Speed: 8.59 t/s | Latency: 123.14s
    [Req 139] Success | TTFT: 3954.9 ms | Tokens: 1024 | Speed: 8.59 t/s | Latency: 123.14s
    [Req 153] Success | TTFT: 4031.8 ms | Tokens: 1024 | Speed: 8.6 t/s | Latency: 123.17s    [Req 156] Success | TTFT: 4116.0 ms | Tokens: 1024 | Speed: 8.6 t/s | Latency: 123.17s

    [Req 150] Success | TTFT: 4054.9 ms | Tokens: 1024 | Speed: 8.6 t/s | Latency: 123.18s
    [Req 155] Success | TTFT: 3988.6 ms | Tokens: 1024 | Speed: 8.59 t/s | Latency: 123.17s    [Req 158] Success | TTFT: 4093.5 ms | Tokens: 1024 | Speed: 8.6 t/s | Latency: 123.17s
    [Req 152] Success | TTFT: 3969.1 ms | Tokens: 1024 | Speed: 8.59 t/s | Latency: 123.18s

    [Req 157] Success | TTFT: 4051.1 ms | Tokens: 1024 | Speed: 8.6 t/s | Latency: 123.18s
    [Req 159] Success | TTFT: 4071.5 ms | Tokens: 1024 | Speed: 8.6 t/s | Latency: 123.18s
    [Req 149] Success | TTFT: 4076.4 ms | Tokens: 1024 | Speed: 8.6 t/s | Latency: 123.18s
    [Req 151] Success | TTFT: 4097.1 ms | Tokens: 1024 | Speed: 8.6 t/s | Latency: 123.18s
    [Req 168] Success | TTFT: 4194.2 ms | Tokens: 1024 | Speed: 8.6 t/s | Latency: 123.21s
    [Req 163] Success | TTFT: 4244.1 ms | Tokens: 1024 | Speed: 8.61 t/s | Latency: 123.22s
    [Req 162] Success | TTFT: 4222.9 ms | Tokens: 1024 | Speed: 8.61 t/s | Latency: 123.22s
    [Req 166] Success | TTFT: 4131.9 ms | Tokens: 1024 | Speed: 8.6 t/s | Latency: 123.22s
    [Req 161] Success | TTFT: 4267.2 ms | Tokens: 1024 | Speed: 8.61 t/s | Latency: 123.23s
    [Req 160] Success | TTFT: 4291.5 ms | Tokens: 1024 | Speed: 8.61 t/s | Latency: 123.23s
    [Req 169] Success | TTFT: 4286.8 ms | Tokens: 1024 | Speed: 8.61 t/s | Latency: 123.22s
    [Req 167] Success | TTFT: 4264.1 ms | Tokens: 1024 | Speed: 8.61 t/s | Latency: 123.22s
    [Req 180] Success | TTFT: 4411.1 ms | Tokens: 1024 | Speed: 8.62 t/s | Latency: 123.25s
    [Req 175] Success | TTFT: 4348.9 ms | Tokens: 1024 | Speed: 8.61 t/s | Latency: 123.26s
    [Req 174] Success | TTFT: 4327.9 ms | Tokens: 1024 | Speed: 8.61 t/s | Latency: 123.26s
    [Req 176] Success | TTFT: 4304.7 ms | Tokens: 1024 | Speed: 8.61 t/s | Latency: 123.26s
    [Req 177] Success | TTFT: 4368.9 ms | Tokens: 1024 | Speed: 8.61 t/s | Latency: 123.26s
    [Req 179] Success | TTFT: 4455.0 ms | Tokens: 1024 | Speed: 8.62 t/s | Latency: 123.26s
    [Req 178] Success | TTFT: 4434.0 ms | Tokens: 1024 | Speed: 8.62 t/s | Latency: 123.26s
    [Req 173] Success | TTFT: 4393.2 ms | Tokens: 1024 | Speed: 8.61 t/s | Latency: 123.27s
    [Req 170] Success | TTFT: 4438.7 ms | Tokens: 1024 | Speed: 8.62 t/s | Latency: 123.27s
    [Req 171] Success | TTFT: 4459.8 ms | Tokens: 1024 | Speed: 8.62 t/s | Latency: 123.27s
    [Req 187] Success | TTFT: 4584.8 ms | Tokens: 1024 | Speed: 8.63 t/s | Latency: 123.30s
    [Req 184] Success | TTFT: 4495.1 ms | Tokens: 1024 | Speed: 8.62 t/s | Latency: 123.30s
    [Req 185] Success | TTFT: 4542.3 ms | Tokens: 1024 | Speed: 8.62 t/s | Latency: 123.31s
    [Req 188] Success | TTFT: 4562.9 ms | Tokens: 1024 | Speed: 8.62 t/s | Latency: 123.31s
    [Req 190] Success | TTFT: 4625.7 ms | Tokens: 1024 | Speed: 8.63 t/s | Latency: 123.31s
    [Req 183] Success | TTFT: 4516.6 ms | Tokens: 1024 | Speed: 8.62 t/s | Latency: 123.31s
    [Req 186] Success | TTFT: 4472.9 ms | Tokens: 1024 | Speed: 8.62 t/s | Latency: 123.31s
    [Req 189] Success | TTFT: 4604.5 ms | Tokens: 1024 | Speed: 8.63 t/s | Latency: 123.31s
    [Req 181] Success | TTFT: 4629.9 ms | Tokens: 1024 | Speed: 8.63 t/s | Latency: 123.32s
    [Req 197] Success | TTFT: 4643.3 ms | Tokens: 1024 | Speed: 8.63 t/s | Latency: 123.34s
    [Req 196] Success | TTFT: 4718.4 ms | Tokens: 1024 | Speed: 8.63 t/s | Latency: 123.34s
    [Req 194] Success | TTFT: 4676.7 ms | Tokens: 1024 | Speed: 8.63 t/s | Latency: 123.35s
    [Req 195] Success | TTFT: 4740.2 ms | Tokens: 1024 | Speed: 8.63 t/s | Latency: 123.35s
    [Req 198] Success | TTFT: 4696.0 ms | Tokens: 1024 | Speed: 8.63 t/s | Latency: 123.35s
    [Req 199] Success | TTFT: 4781.7 ms | Tokens: 1024 | Speed: 8.64 t/s | Latency: 123.35s
    [Req 200] Success | TTFT: 4759.3 ms | Tokens: 1024 | Speed: 8.63 t/s | Latency: 123.35s
    [Req 191] Success | TTFT: 4764.1 ms | Tokens: 1024 | Speed: 8.63 t/s | Latency: 123.36s
    [Req 201] Success | TTFT: 4802.3 ms | Tokens: 1024 | Speed: 8.64 t/s | Latency: 123.35s
    [Req 192] Success | TTFT: 4785.0 ms | Tokens: 1024 | Speed: 8.64 t/s | Latency: 123.36s
    [Req 205] Success | TTFT: 4913.4 ms | Tokens: 1024 | Speed: 8.64 t/s | Latency: 123.39s
    [Req 213] Success | TTFT: 4909.3 ms | Tokens: 1024 | Speed: 8.64 t/s | Latency: 123.38s
    [Req 210] Success | TTFT: 4932.3 ms | Tokens: 1024 | Speed: 8.64 t/s | Latency: 123.39s
    [Req 211] Success | TTFT: 4953.6 ms | Tokens: 1024 | Speed: 8.65 t/s | Latency: 123.39s
    [Req 212] Success | TTFT: 4867.0 ms | Tokens: 1024 | Speed: 8.64 t/s | Latency: 123.39s
    [Req 209] Success | TTFT: 4976.8 ms | Tokens: 1024 | Speed: 8.65 t/s | Latency: 123.40s
    [Req 206] Success | TTFT: 4847.0 ms | Tokens: 1024 | Speed: 8.64 t/s | Latency: 123.40s
    [Req 217] Success | TTFT: 4815.7 ms | Tokens: 1024 | Speed: 8.64 t/s | Latency: 123.39s
    [Req 203] Success | TTFT: 4957.2 ms | Tokens: 1024 | Speed: 8.65 t/s | Latency: 123.40s
    [Req 208] Success | TTFT: 4820.1 ms | Tokens: 1024 | Speed: 8.64 t/s | Latency: 123.40s
    [Req 204] Success | TTFT: 4870.6 ms | Tokens: 1024 | Speed: 8.64 t/s | Latency: 123.41s
    [Req 202] Success | TTFT: 4979.9 ms | Tokens: 1024 | Speed: 8.65 t/s | Latency: 123.41s
    [Req 207] Success | TTFT: 4891.1 ms | Tokens: 1024 | Speed: 8.64 t/s | Latency: 123.41s
    [Req 214] Success | TTFT: 4842.7 ms | Tokens: 1024 | Speed: 8.64 t/s | Latency: 123.40s
    [Req 215] Success | TTFT: 4886.8 ms | Tokens: 1024 | Speed: 8.64 t/s | Latency: 123.40s
    [Req 231] Success | TTFT: 5019.5 ms | Tokens: 1024 | Speed: 8.65 t/s | Latency: 123.42s
    [Req 229] Success | TTFT: 5053.0 ms | Tokens: 1024 | Speed: 8.65 t/s | Latency: 123.42s
    [Req 223] Success | TTFT: 5023.7 ms | Tokens: 1024 | Speed: 8.65 t/s | Latency: 123.43s
    [Req 225] Success | TTFT: 4990.8 ms | Tokens: 1024 | Speed: 8.65 t/s | Latency: 123.43s
    [Req 222] Success | TTFT: 5056.5 ms | Tokens: 1024 | Speed: 8.65 t/s | Latency: 123.43s
    [Req 218] Success | TTFT: 5230.2 ms | Tokens: 1024 | Speed: 8.66 t/s | Latency: 123.44s
    [Req 232] Success | TTFT: 4986.7 ms | Tokens: 1024 | Speed: 8.65 t/s | Latency: 123.43s
    [Req 216] Success | TTFT: 5199.3 ms | Tokens: 1024 | Speed: 8.66 t/s | Latency: 123.44s
    [Req 219] Success | TTFT: 5125.5 ms | Tokens: 1024 | Speed: 8.65 t/s | Latency: 123.44s
    [Req 224] Success | TTFT: 5227.8 ms | Tokens: 1024 | Speed: 8.66 t/s | Latency: 123.44s
    [Req 220] Success | TTFT: 5162.2 ms | Tokens: 1024 | Speed: 8.66 t/s | Latency: 123.44s
    [Req 233] Success | TTFT: 5190.3 ms | Tokens: 1024 | Speed: 8.66 t/s | Latency: 123.44s
    [Req 227] Success | TTFT: 5121.2 ms | Tokens: 1024 | Speed: 8.65 t/s | Latency: 123.44s
    [Req 238] Success | TTFT: 5080.9 ms | Tokens: 1024 | Speed: 8.65 t/s | Latency: 123.44s
    [Req 230] Success | TTFT: 5085.6 ms | Tokens: 1024 | Speed: 8.65 t/s | Latency: 123.44s
    [Req 236] Success | TTFT: 5116.4 ms | Tokens: 1024 | Speed: 8.65 t/s | Latency: 123.44s
    [Req 221] Success | TTFT: 5090.0 ms | Tokens: 1024 | Speed: 8.65 t/s | Latency: 123.45s
    [Req 228] Success | TTFT: 5158.4 ms | Tokens: 1024 | Speed: 8.66 t/s | Latency: 123.45s
    [Req 244] Success | TTFT: 5290.8 ms | Tokens: 1024 | Speed: 8.67 t/s | Latency: 123.47s
    [Req 245] Success | TTFT: 5354.2 ms | Tokens: 1024 | Speed: 8.67 t/s | Latency: 123.47s
    [Req 246] Success | TTFT: 5268.5 ms | Tokens: 1024 | Speed: 8.66 t/s | Latency: 123.47s
    [Req 243] Success | TTFT: 5312.5 ms | Tokens: 1024 | Speed: 8.67 t/s | Latency: 123.47s
    [Req 242] Success | TTFT: 5249.3 ms | Tokens: 1024 | Speed: 8.66 t/s | Latency: 123.48s
    [Req 511] Success | TTFT: 11603.0 ms | Tokens: 1019 | Speed: 9.12 t/s | Latency: 123.33s
    [Req 239] Success | TTFT: 5378.4 ms | Tokens: 1024 | Speed: 8.67 t/s | Latency: 123.48s
    [Req 240] Success | TTFT: 5399.8 ms | Tokens: 1024 | Speed: 8.67 t/s | Latency: 123.48s
    [Req 248] Success | TTFT: 5395.5 ms | Tokens: 1024 | Speed: 8.67 t/s | Latency: 123.48s
    [Req 247] Success | TTFT: 5374.7 ms | Tokens: 1024 | Speed: 8.67 t/s | Latency: 123.48s
    [Req 376] Success | TTFT: 10925.5 ms | Tokens: 1020 | Speed: 9.07 t/s | Latency: 123.41s
    [Req 241] Success | TTFT: 5334.6 ms | Tokens: 1024 | Speed: 8.67 t/s | Latency: 123.49s
    [Req 250] Success | TTFT: 9881.0 ms | Tokens: 1024 | Speed: 9.0 t/s | Latency: 123.61s
    [Req 252] Success | TTFT: 9879.4 ms | Tokens: 1024 | Speed: 9.0 t/s | Latency: 123.61s
    [Req 249] Success | TTFT: 9880.0 ms | Tokens: 1024 | Speed: 9.0 t/s | Latency: 123.62s
    [Req 251] Success | TTFT: 9881.9 ms | Tokens: 1024 | Speed: 9.0 t/s | Latency: 123.62s
    [Req 301] Success | TTFT: 10239.1 ms | Tokens: 1024 | Speed: 9.03 t/s | Latency: 123.63s
    [Req 263] Success | TTFT: 10263.2 ms | Tokens: 1024 | Speed: 9.03 t/s | Latency: 123.65s
    [Req 271] Success | TTFT: 10248.6 ms | Tokens: 1024 | Speed: 9.03 t/s | Latency: 123.65s
    [Req 294] Success | TTFT: 10242.5 ms | Tokens: 1024 | Speed: 9.03 t/s | Latency: 123.64s
    [Req 287] Success | TTFT: 10246.9 ms | Tokens: 1024 | Speed: 9.03 t/s | Latency: 123.64s
    [Req 279] Success | TTFT: 10250.7 ms | Tokens: 1024 | Speed: 9.03 t/s | Latency: 123.65s
    [Req 285] Success | TTFT: 10242.5 ms | Tokens: 1024 | Speed: 9.03 t/s | Latency: 123.65s
    [Req 296] Success | TTFT: 10235.1 ms | Tokens: 1024 | Speed: 9.03 t/s | Latency: 123.64s
    [Req 255] Success | TTFT: 10264.6 ms | Tokens: 1024 | Speed: 9.03 t/s | Latency: 123.67s
    [Req 300] Success | TTFT: 10234.9 ms | Tokens: 1024 | Speed: 9.03 t/s | Latency: 123.64s
    [Req 262] Success | TTFT: 10264.2 ms | Tokens: 1024 | Speed: 9.03 t/s | Latency: 123.66s
    [Req 288] Success | TTFT: 10242.0 ms | Tokens: 1024 | Speed: 9.03 t/s | Latency: 123.65s
    [Req 276] Success | TTFT: 10259.1 ms | Tokens: 1024 | Speed: 9.03 t/s | Latency: 123.66s
    [Req 298] Success | TTFT: 10242.3 ms | Tokens: 1024 | Speed: 9.03 t/s | Latency: 123.65s
    [Req 308] Success | TTFT: 10232.2 ms | Tokens: 1024 | Speed: 9.03 t/s | Latency: 123.64s
    [Req 286] Success | TTFT: 10251.5 ms | Tokens: 1024 | Speed: 9.03 t/s | Latency: 123.66s    [Req 280] Success | TTFT: 10244.2 ms | Tokens: 1024 | Speed: 9.03 t/s | Latency: 123.66s    [Req 266] Success | TTFT: 10263.1 ms | Tokens: 1024 | Speed: 9.03 t/s | Latency: 123.67s
    [Req 289] Success | TTFT: 10250.8 ms | Tokens: 1024 | Speed: 9.03 t/s | Latency: 123.66s
    [Req 256] Success | TTFT: 10261.0 ms | Tokens: 1024 | Speed: 9.03 t/s | Latency: 123.68s

    [Req 270] Success | TTFT: 10245.4 ms | Tokens: 1024 | Speed: 9.03 t/s | Latency: 123.67s
    [Req 290] Success | TTFT: 10252.6 ms | Tokens: 1024 | Speed: 9.03 t/s | Latency: 123.66s
    [Req 291] Success | TTFT: 10242.5 ms | Tokens: 1024 | Speed: 9.03 t/s | Latency: 123.66s
    [Req 278] Success | TTFT: 10255.2 ms | Tokens: 1024 | Speed: 9.03 t/s | Latency: 123.67s
    [Req 304] Success | TTFT: 10243.3 ms | Tokens: 1024 | Speed: 9.03 t/s | Latency: 123.66s
    [Req 267] Success | TTFT: 10264.8 ms | Tokens: 1024 | Speed: 9.03 t/s | Latency: 123.68s
    [Req 264] Success | TTFT: 10252.2 ms | Tokens: 1024 | Speed: 9.03 t/s | Latency: 123.68s
    [Req 273] Success | TTFT: 10252.0 ms | Tokens: 1024 | Speed: 9.03 t/s | Latency: 123.68s
    [Req 306] Success | TTFT: 10233.9 ms | Tokens: 1024 | Speed: 9.03 t/s | Latency: 123.66s
    [Req 303] Success | TTFT: 10232.0 ms | Tokens: 1024 | Speed: 9.03 t/s | Latency: 123.66s
    [Req 277] Success | TTFT: 10243.1 ms | Tokens: 1024 | Speed: 9.03 t/s | Latency: 123.68s
    [Req 307] Success | TTFT: 10243.8 ms | Tokens: 1024 | Speed: 9.03 t/s | Latency: 123.66s
    [Req 268] Success | TTFT: 10259.7 ms | Tokens: 1024 | Speed: 9.03 t/s | Latency: 123.69s
    [Req 295] Success | TTFT: 10248.0 ms | Tokens: 1024 | Speed: 9.03 t/s | Latency: 123.67s
    [Req 293] Success | TTFT: 10234.0 ms | Tokens: 1024 | Speed: 9.03 t/s | Latency: 123.67s
    [Req 260] Success | TTFT: 10257.4 ms | Tokens: 1024 | Speed: 9.03 t/s | Latency: 123.69s
    [Req 299] Success | TTFT: 10247.5 ms | Tokens: 1024 | Speed: 9.03 t/s | Latency: 123.67s
    [Req 281] Success | TTFT: 10248.5 ms | Tokens: 1024 | Speed: 9.03 t/s | Latency: 123.68s
    [Req 254] Success | TTFT: 10255.7 ms | Tokens: 1024 | Speed: 9.03 t/s | Latency: 123.70s
    [Req 292] Success | TTFT: 10239.4 ms | Tokens: 1024 | Speed: 9.03 t/s | Latency: 123.68s
    [Req 274] Success | TTFT: 10256.5 ms | Tokens: 1024 | Speed: 9.03 t/s | Latency: 123.69s
    [Req 297] Success | TTFT: 10242.6 ms | Tokens: 1024 | Speed: 9.03 t/s | Latency: 123.68s
    [Req 283] Success | TTFT: 10240.0 ms | Tokens: 1024 | Speed: 9.03 t/s | Latency: 123.69s
    [Req 259] Success | TTFT: 10269.9 ms | Tokens: 1024 | Speed: 9.03 t/s | Latency: 123.70s
    [Req 253] Success | TTFT: 10269.9 ms | Tokens: 1024 | Speed: 9.03 t/s | Latency: 123.70s

    [Req 337] Success | TTFT: 10593.8 ms | Tokens: 1024 | Speed: 9.06 t/s | Latency: 123.66s
    [Req 258] Success | TTFT: 10264.0 ms | Tokens: 1024 | Speed: 9.03 t/s | Latency: 123.70s    [Req 284] Success | TTFT: 10256.1 ms | Tokens: 1024 | Speed: 9.03 t/s | Latency: 123.69s
    [Req 353] Success | TTFT: 10584.7 ms | Tokens: 1024 | Speed: 9.06 t/s | Latency: 123.65s
    [Req 327] Success | TTFT: 10596.5 ms | Tokens: 1024 | Speed: 9.06 t/s | Latency: 123.67s
    [Req 325] Success | TTFT: 10584.1 ms | Tokens: 1024 | Speed: 9.05 t/s | Latency: 123.67s
    [Req 302] Success | TTFT: 10230.9 ms | Tokens: 1024 | Speed: 9.03 t/s | Latency: 123.69s    [Req 348] Success | TTFT: 10583.2 ms | Tokens: 1024 | Speed: 9.06 t/s | Latency: 123.66s
    [Req 352] Success | TTFT: 10586.3 ms | Tokens: 1024 | Speed: 9.06 t/s | Latency: 123.66s

    [Req 341] Success | TTFT: 10576.2 ms | Tokens: 1024 | Speed: 9.05 t/s | Latency: 123.67s
    [Req 265] Success | TTFT: 10257.2 ms | Tokens: 1024 | Speed: 9.03 t/s | Latency: 123.71s
    [Req 364] Success | TTFT: 10583.4 ms | Tokens: 1024 | Speed: 9.06 t/s | Latency: 123.66s
    [Req 330] Success | TTFT: 10600.4 ms | Tokens: 1024 | Speed: 9.06 t/s | Latency: 123.68s
    [Req 322] Success | TTFT: 10588.7 ms | Tokens: 1024 | Speed: 9.05 t/s | Latency: 123.68s
    [Req 310] Success | TTFT: 10600.1 ms | Tokens: 1024 | Speed: 9.05 t/s | Latency: 123.69s    [Req 349] Success | TTFT: 10571.4 ms | Tokens: 1024 | Speed: 9.05 t/s | Latency: 123.67s
    [Req 356] Success | TTFT: 10579.2 ms | Tokens: 1024 | Speed: 9.05 t/s | Latency: 123.67s
    [Req 282] Success | TTFT: 10251.8 ms | Tokens: 1024 | Speed: 9.03 t/s | Latency: 123.71s
    [Req 331] Success | TTFT: 10601.7 ms | Tokens: 1024 | Speed: 9.06 t/s | Latency: 123.68s
    [Req 347] Success | TTFT: 10575.9 ms | Tokens: 1024 | Speed: 9.05 t/s | Latency: 123.68s


    [Req 323] Success | TTFT: 10601.1 ms | Tokens: 1024 | Speed: 9.05 t/s | Latency: 123.69s
    [Req 324] Success | TTFT: 10596.8 ms | Tokens: 1024 | Speed: 9.05 t/s | Latency: 123.69s
    [Req 350] Success | TTFT: 10576.6 ms | Tokens: 1024 | Speed: 9.05 t/s | Latency: 123.68s
    [Req 355] Success | TTFT: 10572.1 ms | Tokens: 1024 | Speed: 9.05 t/s | Latency: 123.68s
    [Req 357] Success | TTFT: 10568.6 ms | Tokens: 1024 | Speed: 9.05 t/s | Latency: 123.68s
    [Req 321] Success | TTFT: 10604.7 ms | Tokens: 1024 | Speed: 9.05 t/s | Latency: 123.70s
    [Req 332] Success | TTFT: 10595.0 ms | Tokens: 1024 | Speed: 9.05 t/s | Latency: 123.69s    [Req 345] Success | TTFT: 10595.1 ms | Tokens: 1024 | Speed: 9.05 t/s | Latency: 123.68s
    [Req 275] Success | TTFT: 10248.3 ms | Tokens: 1024 | Speed: 9.02 t/s | Latency: 123.72s
    [Req 339] Success | TTFT: 10580.0 ms | Tokens: 1024 | Speed: 9.05 t/s | Latency: 123.69s
    [Req 317] Success | TTFT: 10588.0 ms | Tokens: 1024 | Speed: 9.05 t/s | Latency: 123.70s
    [Req 336] Success | TTFT: 10596.6 ms | Tokens: 1024 | Speed: 9.05 t/s | Latency: 123.69s
    [Req 362] Success | TTFT: 10585.9 ms | Tokens: 1024 | Speed: 9.05 t/s | Latency: 123.68s
    [Req 312] Success | TTFT: 10610.3 ms | Tokens: 1024 | Speed: 9.05 t/s | Latency: 123.71s
    [Req 338] Success | TTFT: 10590.9 ms | Tokens: 1024 | Speed: 9.05 t/s | Latency: 123.70s
    [Req 340] Success | TTFT: 10587.7 ms | Tokens: 1024 | Speed: 9.05 t/s | Latency: 123.69s
    [Req 316] Success | TTFT: 10603.8 ms | Tokens: 1024 | Speed: 9.05 t/s | Latency: 123.71s
    [Req 351] Success | TTFT: 10584.1 ms | Tokens: 1024 | Speed: 9.05 t/s | Latency: 123.69s
    [Req 346] Success | TTFT: 10588.6 ms | Tokens: 1024 | Speed: 9.05 t/s | Latency: 123.70s

    [Req 320] Success | TTFT: 10602.9 ms | Tokens: 1024 | Speed: 9.05 t/s | Latency: 123.71s
    [Req 315] Success | TTFT: 10592.0 ms | Tokens: 1024 | Speed: 9.05 t/s | Latency: 123.71s
    [Req 342] Success | TTFT: 10582.6 ms | Tokens: 1024 | Speed: 9.05 t/s | Latency: 123.70s
    [Req 333] Success | TTFT: 10580.5 ms | Tokens: 1024 | Speed: 9.05 t/s | Latency: 123.71s
    [Req 329] Success | TTFT: 10595.2 ms | Tokens: 1024 | Speed: 9.05 t/s | Latency: 123.71s
    [Req 361] Success | TTFT: 10585.5 ms | Tokens: 1024 | Speed: 9.05 t/s | Latency: 123.69s
    [Req 318] Success | TTFT: 10593.1 ms | Tokens: 1024 | Speed: 9.05 t/s | Latency: 123.72s
    [Req 319] Success | TTFT: 10595.0 ms | Tokens: 1024 | Speed: 9.05 t/s | Latency: 123.72s
    [Req 328] Success | TTFT: 10591.2 ms | Tokens: 1024 | Speed: 9.05 t/s | Latency: 123.71s
    [Req 314] Success | TTFT: 10603.1 ms | Tokens: 1024 | Speed: 9.05 t/s | Latency: 123.72s
    [Req 343] Success | TTFT: 10580.6 ms | Tokens: 1024 | Speed: 9.05 t/s | Latency: 123.71s
    [Req 383] Success | TTFT: 10920.4 ms | Tokens: 1024 | Speed: 9.08 t/s | Latency: 123.69s
    [Req 358] Success | TTFT: 10571.7 ms | Tokens: 1024 | Speed: 9.05 t/s | Latency: 123.70s
    [Req 354] Success | TTFT: 10583.0 ms | Tokens: 1024 | Speed: 9.05 t/s | Latency: 123.70s
    [Req 334] Success | TTFT: 10585.8 ms | Tokens: 1024 | Speed: 9.05 t/s | Latency: 123.72s
    [Req 366] Success | TTFT: 10935.2 ms | Tokens: 1024 | Speed: 9.08 t/s | Latency: 123.70s
    [Req 311] Success | TTFT: 10598.6 ms | Tokens: 1024 | Speed: 9.05 t/s | Latency: 123.73s
    [Req 359] Success | TTFT: 10573.7 ms | Tokens: 1024 | Speed: 9.05 t/s | Latency: 123.71s
    [Req 406] Success | TTFT: 10927.9 ms | Tokens: 1024 | Speed: 9.08 t/s | Latency: 123.68s
    [Req 371] Success | TTFT: 10931.8 ms | Tokens: 1024 | Speed: 9.08 t/s | Latency: 123.70s
    [Req 393] Success | TTFT: 10935.5 ms | Tokens: 1024 | Speed: 9.08 t/s | Latency: 123.69s
    [Req 378] Success | TTFT: 10935.2 ms | Tokens: 1024 | Speed: 9.08 t/s | Latency: 123.70s
    [Req 382] Success | TTFT: 10937.8 ms | Tokens: 1024 | Speed: 9.08 t/s | Latency: 123.70s
    [Req 419] Success | TTFT: 10905.8 ms | Tokens: 1024 | Speed: 9.08 t/s | Latency: 123.68s
    [Req 399] Success | TTFT: 10913.5 ms | Tokens: 1024 | Speed: 9.08 t/s | Latency: 123.69s
    [Req 377] Success | TTFT: 10942.3 ms | Tokens: 1024 | Speed: 9.08 t/s | Latency: 123.71s
    [Req 392] Success | TTFT: 10924.0 ms | Tokens: 1024 | Speed: 9.08 t/s | Latency: 123.70s
    [Req 402] Success | TTFT: 10931.0 ms | Tokens: 1024 | Speed: 9.08 t/s | Latency: 123.69s
    [Req 395] Success | TTFT: 10921.4 ms | Tokens: 1024 | Speed: 9.08 t/s | Latency: 123.70s
    [Req 380] Success | TTFT: 10934.8 ms | Tokens: 1024 | Speed: 9.08 t/s | Latency: 123.71s
    [Req 396] Success | TTFT: 10924.5 ms | Tokens: 1024 | Speed: 9.08 t/s | Latency: 123.70s
    [Req 368] Success | TTFT: 10936.7 ms | Tokens: 1024 | Speed: 9.08 t/s | Latency: 123.72s
    [Req 417] Success | TTFT: 10916.9 ms | Tokens: 1024 | Speed: 9.08 t/s | Latency: 123.69s
    [Req 403] Success | TTFT: 10915.4 ms | Tokens: 1024 | Speed: 9.08 t/s | Latency: 123.70s
    [Req 407] Success | TTFT: 10910.5 ms | Tokens: 1024 | Speed: 9.08 t/s | Latency: 123.70s
    [Req 388] Success | TTFT: 10930.9 ms | Tokens: 1024 | Speed: 9.08 t/s | Latency: 123.71s
    [Req 401] Success | TTFT: 10930.4 ms | Tokens: 1024 | Speed: 9.08 t/s | Latency: 123.70s
    [Req 384] Success | TTFT: 10929.0 ms | Tokens: 1024 | Speed: 9.08 t/s | Latency: 123.71s
    [Req 381] Success | TTFT: 10927.9 ms | Tokens: 1024 | Speed: 9.08 t/s | Latency: 123.72s    [Req 391] Success | TTFT: 10917.0 ms | Tokens: 1024 | Speed: 9.08 t/s | Latency: 123.71s
    [Req 372] Success | TTFT: 10939.5 ms | Tokens: 1024 | Speed: 9.08 t/s | Latency: 123.72s
    [Req 363] Success | TTFT: 10567.8 ms | Tokens: 1023 | Speed: 9.04 t/s | Latency: 123.73s
    [Req 394] Success | TTFT: 10930.7 ms | Tokens: 1024 | Speed: 9.08 t/s | Latency: 123.71s
    [Req 389] Success | TTFT: 10921.0 ms | Tokens: 1024 | Speed: 9.08 t/s | Latency: 123.72s
    [Req 420] Success | TTFT: 10912.2 ms | Tokens: 1024 | Speed: 9.08 t/s | Latency: 123.70s
    [Req 410] Success | TTFT: 10923.8 ms | Tokens: 1024 | Speed: 9.08 t/s | Latency: 123.71s
    [Req 335] Success | TTFT: 10589.5 ms | Tokens: 1024 | Speed: 9.05 t/s | Latency: 123.75s
    [Req 408] Success | TTFT: 10923.1 ms | Tokens: 1024 | Speed: 9.08 t/s | Latency: 123.71s
    [Req 374] Success | TTFT: 10928.8 ms | Tokens: 1024 | Speed: 9.08 t/s | Latency: 123.73s
    [Req 385] Success | TTFT: 10935.5 ms | Tokens: 1024 | Speed: 9.08 t/s | Latency: 123.72s
    [Req 412] Success | TTFT: 10915.1 ms | Tokens: 1024 | Speed: 9.08 t/s | Latency: 123.71s
    [Req 409] Success | TTFT: 10914.1 ms | Tokens: 1024 | Speed: 9.08 t/s | Latency: 123.71s
    [Req 398] Success | TTFT: 10925.5 ms | Tokens: 1024 | Speed: 9.08 t/s | Latency: 123.72s
    [Req 405] Success | TTFT: 10910.5 ms | Tokens: 1024 | Speed: 9.08 t/s | Latency: 123.72s
    [Req 375] Success | TTFT: 10938.6 ms | Tokens: 1024 | Speed: 9.08 t/s | Latency: 123.73s

    [Req 379] Success | TTFT: 10930.3 ms | Tokens: 1024 | Speed: 9.08 t/s | Latency: 123.73s
    [Req 416] Success | TTFT: 10918.9 ms | Tokens: 1024 | Speed: 9.08 t/s | Latency: 123.71s
    [Req 367] Success | TTFT: 10932.1 ms | Tokens: 1024 | Speed: 9.08 t/s | Latency: 123.74s
    [Req 326] Success | TTFT: 10588.6 ms | Tokens: 1024 | Speed: 9.05 t/s | Latency: 123.76s
    [Req 415] Success | TTFT: 10902.6 ms | Tokens: 1024 | Speed: 9.08 t/s | Latency: 123.72s
    [Req 386] Success | TTFT: 10937.9 ms | Tokens: 1024 | Speed: 9.08 t/s | Latency: 123.73s
    [Req 427] Success | TTFT: 11393.5 ms | Tokens: 1024 | Speed: 9.12 t/s | Latency: 123.71s    [Req 373] Success | TTFT: 10947.3 ms | Tokens: 1024 | Speed: 9.08 t/s | Latency: 123.74s    [Req 436] Success | TTFT: 11382.6 ms | Tokens: 1024 | Speed: 9.12 t/s | Latency: 123.71s
    [Req 411] Success | TTFT: 10916.5 ms | Tokens: 1024 | Speed: 9.08 t/s | Latency: 123.72s
    [Req 418] Success | TTFT: 10919.0 ms | Tokens: 1024 | Speed: 9.08 t/s | Latency: 123.72s    [Req 475] Success | TTFT: 11368.2 ms | Tokens: 1024 | Speed: 9.12 t/s | Latency: 123.69s
    [Req 444] Success | TTFT: 11380.4 ms | Tokens: 1024 | Speed: 9.12 t/s | Latency: 123.71s
    [Req 437] Success | TTFT: 11375.9 ms | Tokens: 1024 | Speed: 9.12 t/s | Latency: 123.71s
    [Req 462] Success | TTFT: 11360.5 ms | Tokens: 1024 | Speed: 9.12 t/s | Latency: 123.70s
    [Req 435] Success | TTFT: 11393.9 ms | Tokens: 1024 | Speed: 9.12 t/s | Latency: 123.72s
    [Req 397] Success | TTFT: 10914.8 ms | Tokens: 1024 | Speed: 9.08 t/s | Latency: 123.74s
    [Req 449] Success | TTFT: 11388.1 ms | Tokens: 1024 | Speed: 9.12 t/s | Latency: 123.71s
    [Req 467] Success | TTFT: 11363.4 ms | Tokens: 1024 | Speed: 9.12 t/s | Latency: 123.70s
    [Req 422] Success | TTFT: 11380.4 ms | Tokens: 1024 | Speed: 9.11 t/s | Latency: 123.73s

    [Req 457] Success | TTFT: 11378.8 ms | Tokens: 1024 | Speed: 9.12 t/s | Latency: 123.71s
    [Req 426] Success | TTFT: 11395.5 ms | Tokens: 1024 | Speed: 9.12 t/s | Latency: 123.73s
    [Req 413] Success | TTFT: 10909.6 ms | Tokens: 1024 | Speed: 9.08 t/s | Latency: 123.74s
    [Req 450] Success | TTFT: 11386.5 ms | Tokens: 1023 | Speed: 9.11 t/s | Latency: 123.72s
    [Req 446] Success | TTFT: 11370.4 ms | Tokens: 1024 | Speed: 9.11 t/s | Latency: 123.72s
    [Req 464] Success | TTFT: 11366.6 ms | Tokens: 1024 | Speed: 9.11 t/s | Latency: 123.71s
    [Req 414] Success | TTFT: 10918.1 ms | Tokens: 1024 | Speed: 9.08 t/s | Latency: 123.74s

    [Req 433] Success | TTFT: 11391.9 ms | Tokens: 1024 | Speed: 9.12 t/s | Latency: 123.73s
    [Req 466] Success | TTFT: 11375.5 ms | Tokens: 1024 | Speed: 9.12 t/s | Latency: 123.71s
    [Req 421] Success | TTFT: 11382.6 ms | Tokens: 1024 | Speed: 9.11 t/s | Latency: 123.74s

    [Req 460] Success | TTFT: 11378.2 ms | Tokens: 1024 | Speed: 9.12 t/s | Latency: 123.72s
    [Req 473] Success | TTFT: 11361.7 ms | Tokens: 1024 | Speed: 9.11 t/s | Latency: 123.71s
    [Req 456] Success | TTFT: 11376.1 ms | Tokens: 1024 | Speed: 9.11 t/s | Latency: 123.72s
    [Req 459] Success | TTFT: 11372.9 ms | Tokens: 1024 | Speed: 9.11 t/s | Latency: 123.72s
    [Req 442] Success | TTFT: 11390.6 ms | Tokens: 1024 | Speed: 9.12 t/s | Latency: 123.73s
    [Req 439] Success | TTFT: 11372.3 ms | Tokens: 1024 | Speed: 9.11 t/s | Latency: 123.73s
    [Req 468] Success | TTFT: 11372.2 ms | Tokens: 1024 | Speed: 9.11 t/s | Latency: 123.72s
    [Req 448] Success | TTFT: 11378.2 ms | Tokens: 1024 | Speed: 9.11 t/s | Latency: 123.73s
    [Req 469] Success | TTFT: 11368.2 ms | Tokens: 1024 | Speed: 9.11 t/s | Latency: 123.72s
    [Req 425] Success | TTFT: 11398.3 ms | Tokens: 1024 | Speed: 9.11 t/s | Latency: 123.74s
    [Req 453] Success | TTFT: 11368.3 ms | Tokens: 1024 | Speed: 9.11 t/s | Latency: 123.73s
    [Req 451] Success | TTFT: 11380.4 ms | Tokens: 1024 | Speed: 9.11 t/s | Latency: 123.73s
    [Req 441] Success | TTFT: 11384.1 ms | Tokens: 1024 | Speed: 9.11 t/s | Latency: 123.74s
    [Req 452] Success | TTFT: 11377.1 ms | Tokens: 1024 | Speed: 9.11 t/s | Latency: 123.73s
    [Req 445] Success | TTFT: 11372.0 ms | Tokens: 1024 | Speed: 9.11 t/s | Latency: 123.74s
    [Req 431] Success | TTFT: 11373.2 ms | Tokens: 1024 | Speed: 9.11 t/s | Latency: 123.75s
    [Req 454] Success | TTFT: 11369.9 ms | Tokens: 1024 | Speed: 9.11 t/s | Latency: 123.74s
    [Req 465] Success | TTFT: 11371.6 ms | Tokens: 1024 | Speed: 9.11 t/s | Latency: 123.73s
    [Req 474] Success | TTFT: 11373.7 ms | Tokens: 1024 | Speed: 9.11 t/s | Latency: 123.73s
    [Req 423] Success | TTFT: 11384.4 ms | Tokens: 1024 | Speed: 9.11 t/s | Latency: 123.75s
    [Req 430] Success | TTFT: 11377.9 ms | Tokens: 1024 | Speed: 9.11 t/s | Latency: 123.75s
    [Req 432] Success | TTFT: 11382.2 ms | Tokens: 1024 | Speed: 9.11 t/s | Latency: 123.75s
    [Req 440] Success | TTFT: 11378.4 ms | Tokens: 1024 | Speed: 9.11 t/s | Latency: 123.75s    [Req 434] Success | TTFT: 11392.1 ms | Tokens: 1024 | Speed: 9.11 t/s | Latency: 123.75s
    [Req 461] Success | TTFT: 11365.4 ms | Tokens: 1024 | Speed: 9.11 t/s | Latency: 123.74s
    [Req 470] Success | TTFT: 11357.0 ms | Tokens: 1024 | Speed: 9.11 t/s | Latency: 123.74s
    [Req 487] Success | TTFT: 11608.1 ms | Tokens: 1024 | Speed: 9.13 t/s | Latency: 123.73s
    [Req 472] Success | TTFT: 11373.0 ms | Tokens: 1024 | Speed: 9.11 t/s | Latency: 123.74s

    [Req 490] Success | TTFT: 11609.8 ms | Tokens: 1024 | Speed: 9.13 t/s | Latency: 123.73s
    [Req 484] Success | TTFT: 11599.9 ms | Tokens: 1024 | Speed: 9.13 t/s | Latency: 123.73s
    [Req 471] Success | TTFT: 11353.5 ms | Tokens: 1024 | Speed: 9.11 t/s | Latency: 123.74s
    [Req 503] Success | TTFT: 11598.3 ms | Tokens: 1024 | Speed: 9.13 t/s | Latency: 123.72s
    [Req 499] Success | TTFT: 11611.4 ms | Tokens: 1024 | Speed: 9.13 t/s | Latency: 123.73s
    [Req 458] Success | TTFT: 11381.8 ms | Tokens: 1024 | Speed: 9.11 t/s | Latency: 123.75s
    [Req 365] Success | TTFT: 10945.6 ms | Tokens: 1024 | Speed: 9.07 t/s | Latency: 123.80s
    [Req 463] Success | TTFT: 11356.3 ms | Tokens: 1024 | Speed: 9.11 t/s | Latency: 123.75s
    [Req 478] Success | TTFT: 11610.4 ms | Tokens: 1024 | Speed: 9.13 t/s | Latency: 123.74s
    [Req 504] Success | TTFT: 11601.4 ms | Tokens: 1024 | Speed: 9.13 t/s | Latency: 123.73s
    [Req 507] Success | TTFT: 11593.0 ms | Tokens: 1024 | Speed: 9.13 t/s | Latency: 123.73s
    [Req 387] Success | TTFT: 10927.8 ms | Tokens: 1024 | Speed: 9.07 t/s | Latency: 123.79s
    [Req 481] Success | TTFT: 11604.2 ms | Tokens: 1024 | Speed: 9.13 t/s | Latency: 123.75s
    [Req 480] Success | TTFT: 11614.2 ms | Tokens: 1024 | Speed: 9.13 t/s | Latency: 123.75s
    [Req 491] Success | TTFT: 11613.5 ms | Tokens: 1024 | Speed: 9.13 t/s | Latency: 123.74s
    [Req 500] Success | TTFT: 11591.6 ms | Tokens: 1024 | Speed: 9.13 t/s | Latency: 123.74s
    [Req 505] Success | TTFT: 11590.6 ms | Tokens: 1024 | Speed: 9.13 t/s | Latency: 123.74s
    [Req 502] Success | TTFT: 11597.2 ms | Tokens: 1024 | Speed: 9.13 t/s | Latency: 123.74s
    [Req 510] Success | TTFT: 11596.7 ms | Tokens: 1024 | Speed: 9.13 t/s | Latency: 123.73s
    [Req 479] Success | TTFT: 11621.8 ms | Tokens: 1024 | Speed: 9.13 t/s | Latency: 123.75s
    [Req 498] Success | TTFT: 11596.9 ms | Tokens: 1024 | Speed: 9.13 t/s | Latency: 123.74s
    [Req 489] Success | TTFT: 11598.8 ms | Tokens: 1024 | Speed: 9.13 t/s | Latency: 123.75s
    [Req 495] Success | TTFT: 11607.8 ms | Tokens: 1024 | Speed: 9.13 t/s | Latency: 123.75s
    [Req 424] Success | TTFT: 11387.2 ms | Tokens: 1024 | Speed: 9.11 t/s | Latency: 123.79s
    [Req 512] Success | TTFT: 11596.8 ms | Tokens: 1024 | Speed: 9.13 t/s | Latency: 123.74s
    [Req 482] Success | TTFT: 11607.4 ms | Tokens: 1024 | Speed: 9.13 t/s | Latency: 123.76s
    [Req 493] Success | TTFT: 11613.4 ms | Tokens: 1024 | Speed: 9.13 t/s | Latency: 123.75s
    [Req 509] Success | TTFT: 11600.8 ms | Tokens: 1024 | Speed: 9.13 t/s | Latency: 123.74s
    [Req 404] Success | TTFT: 10919.6 ms | Tokens: 1024 | Speed: 9.07 t/s | Latency: 123.80s
    [Req 494] Success | TTFT: 11605.0 ms | Tokens: 1024 | Speed: 9.13 t/s | Latency: 123.75s
    [Req 483] Success | TTFT: 11617.7 ms | Tokens: 1024 | Speed: 9.13 t/s | Latency: 123.76s
    [Req 477] Success | TTFT: 11618.8 ms | Tokens: 1024 | Speed: 9.13 t/s | Latency: 123.76s
    [Req 438] Success | TTFT: 11374.8 ms | Tokens: 1024 | Speed: 9.11 t/s | Latency: 123.78s
    [Req 486] Success | TTFT: 11609.5 ms | Tokens: 1024 | Speed: 9.13 t/s | Latency: 123.76s
    [Req 496] Success | TTFT: 11608.6 ms | Tokens: 1024 | Speed: 9.13 t/s | Latency: 123.76s
    [Req 429] Success | TTFT: 11379.8 ms | Tokens: 1024 | Speed: 9.11 t/s | Latency: 123.79s
    [Req 501] Success | TTFT: 11609.0 ms | Tokens: 1024 | Speed: 9.13 t/s | Latency: 123.75s
    [Req 492] Success | TTFT: 11594.9 ms | Tokens: 1024 | Speed: 9.13 t/s | Latency: 123.76s
    [Req 497] Success | TTFT: 11597.7 ms | Tokens: 1024 | Speed: 9.13 t/s | Latency: 123.76s
    [Req 485] Success | TTFT: 11611.5 ms | Tokens: 1024 | Speed: 9.13 t/s | Latency: 123.77s
    [Req 488] Success | TTFT: 11610.2 ms | Tokens: 1024 | Speed: 9.13 t/s | Latency: 123.77s
    [Req 508] Success | TTFT: 11590.5 ms | Tokens: 1024 | Speed: 9.13 t/s | Latency: 123.76s
    [Req 506] Success | TTFT: 11604.6 ms | Tokens: 1024 | Speed: 9.13 t/s | Latency: 123.76s
  ✨ Done C=512 | Tok/s: 4209.22 | Req/s:  4.13 | TTFT: 7192.5ms | Stream:  8.82 t/s | Latency: 122.94s

======================================================================
📌 RUNNING WORKLOAD: Pattern C: 1K Input / 1K Output (Short Balanced)
   Input Tokens: 1024 | Max Output Tokens: 1024
======================================================================

▶️  [Concurrency   1] Running 2 requests...
  🔥 Running warmup request...
  ✅ Warmup done.
    [Req 001] Success | TTFT: 109.0 ms | Tokens: 1024 | Speed: 13.27 t/s | Latency: 77.26s
    [Req 002] Success | TTFT: 110.1 ms | Tokens: 1024 | Speed: 13.28 t/s | Latency: 77.19s
  ✨ Done C=  1 | Tok/s:   13.26 | Req/s:  0.01 | TTFT:  109.5ms | Stream: 13.27 t/s | Latency: 77.23s

▶️  [Concurrency   4] Running 8 requests...
    [Req 002] Success | TTFT: 109.9 ms | Tokens: 1024 | Speed: 12.6 t/s | Latency: 81.37s
    [Req 001] Success | TTFT: 167.7 ms | Tokens: 1024 | Speed: 12.6 t/s | Latency: 81.41s
    [Req 003] Success | TTFT: 167.6 ms | Tokens: 1024 | Speed: 12.6 t/s | Latency: 81.41s
    [Req 004] Success | TTFT: 167.1 ms | Tokens: 1024 | Speed: 12.6 t/s | Latency: 81.41s
    [Req 005] Success | TTFT: 145.2 ms | Tokens: 1024 | Speed: 12.58 t/s | Latency: 81.51s
    [Req 007] Success | TTFT: 162.1 ms | Tokens: 1024 | Speed: 12.59 t/s | Latency: 81.51s
    [Req 006] Success | TTFT: 163.0 ms | Tokens: 1024 | Speed: 12.59 t/s | Latency: 81.51s
    [Req 008] Success | TTFT: 160.6 ms | Tokens: 1024 | Speed: 12.59 t/s | Latency: 81.51s
  ✨ Done C=  4 | Tok/s:   50.28 | Req/s:  0.05 | TTFT:  155.4ms | Stream: 12.59 t/s | Latency: 81.46s

▶️  [Concurrency  16] Running 32 requests...
    [Req 011] Success | TTFT: 188.7 ms | Tokens: 874 | Speed: 12.46 t/s | Latency: 70.36s
    [Req 001] Success | TTFT: 112.6 ms | Tokens: 1024 | Speed: 12.43 t/s | Latency: 82.48s
    [Req 004] Success | TTFT: 189.0 ms | Tokens: 1024 | Speed: 12.44 t/s | Latency: 82.52s
    [Req 007] Success | TTFT: 189.4 ms | Tokens: 1024 | Speed: 12.44 t/s | Latency: 82.52s
    [Req 010] Success | TTFT: 188.0 ms | Tokens: 1024 | Speed: 12.44 t/s | Latency: 82.52s
    [Req 008] Success | TTFT: 188.1 ms | Tokens: 1024 | Speed: 12.44 t/s | Latency: 82.52s
    [Req 002] Success | TTFT: 190.7 ms | Tokens: 1024 | Speed: 12.44 t/s | Latency: 82.53s
    [Req 006] Success | TTFT: 190.1 ms | Tokens: 1024 | Speed: 12.44 t/s | Latency: 82.53s
    [Req 003] Success | TTFT: 191.5 ms | Tokens: 1024 | Speed: 12.44 t/s | Latency: 82.53s
    [Req 015] Success | TTFT: 250.5 ms | Tokens: 1024 | Speed: 12.44 t/s | Latency: 82.56s
    [Req 013] Success | TTFT: 252.1 ms | Tokens: 1024 | Speed: 12.44 t/s | Latency: 82.56s
    [Req 014] Success | TTFT: 252.0 ms | Tokens: 1024 | Speed: 12.44 t/s | Latency: 82.56s    [Req 012] Success | TTFT: 254.2 ms | Tokens: 1024 | Speed: 12.44 t/s | Latency: 82.56s
    [Req 016] Success | TTFT: 251.6 ms | Tokens: 1024 | Speed: 12.44 t/s | Latency: 82.56s

    [Req 005] Success | TTFT: 255.7 ms | Tokens: 1024 | Speed: 12.44 t/s | Latency: 82.57s
    [Req 009] Success | TTFT: 255.1 ms | Tokens: 1024 | Speed: 12.44 t/s | Latency: 82.57s
    [Req 017] Success | TTFT: 144.4 ms | Tokens: 1024 | Speed: 12.21 t/s | Latency: 83.99s
    [Req 031] Success | TTFT: 197.5 ms | Tokens: 979 | Speed: 12.21 t/s | Latency: 80.35s
    [Req 027] Success | TTFT: 202.1 ms | Tokens: 990 | Speed: 12.21 t/s | Latency: 81.25s
    [Req 021] Success | TTFT: 174.5 ms | Tokens: 1003 | Speed: 12.21 t/s | Latency: 82.30s
    [Req 018] Success | TTFT: 141.8 ms | Tokens: 1024 | Speed: 12.22 t/s | Latency: 83.91s
    [Req 025] Success | TTFT: 171.2 ms | Tokens: 1024 | Speed: 12.23 t/s | Latency: 83.90s    [Req 020] Success | TTFT: 176.2 ms | Tokens: 1024 | Speed: 12.23 t/s | Latency: 83.91s
    [Req 023] Success | TTFT: 172.0 ms | Tokens: 1024 | Speed: 12.23 t/s | Latency: 83.91s

    [Req 022] Success | TTFT: 172.8 ms | Tokens: 1024 | Speed: 12.23 t/s | Latency: 83.91s    [Req 019] Success | TTFT: 175.8 ms | Tokens: 1024 | Speed: 12.23 t/s | Latency: 83.91s

    [Req 024] Success | TTFT: 171.9 ms | Tokens: 1024 | Speed: 12.23 t/s | Latency: 83.91s
    [Req 029] Success | TTFT: 199.0 ms | Tokens: 1024 | Speed: 12.23 t/s | Latency: 83.90s
    [Req 032] Success | TTFT: 196.2 ms | Tokens: 1024 | Speed: 12.23 t/s | Latency: 83.90s
    [Req 030] Success | TTFT: 198.2 ms | Tokens: 1024 | Speed: 12.23 t/s | Latency: 83.90s
    [Req 028] Success | TTFT: 200.9 ms | Tokens: 1024 | Speed: 12.23 t/s | Latency: 83.91s
    [Req 026] Success | TTFT: 201.9 ms | Tokens: 1024 | Speed: 12.23 t/s | Latency: 83.91s
  ✨ Done C= 16 | Tok/s:  195.33 | Req/s:  0.19 | TTFT:  196.7ms | Stream: 12.33 t/s | Latency: 82.60s

▶️  [Concurrency  32] Running 64 requests...
    [Req 011] Success | TTFT: 333.1 ms | Tokens: 646 | Speed: 11.89 t/s | Latency: 54.68s
    [Req 028] Success | TTFT: 327.8 ms | Tokens: 1006 | Speed: 11.88 t/s | Latency: 85.03s
    [Req 002] Success | TTFT: 219.3 ms | Tokens: 1019 | Speed: 11.86 t/s | Latency: 86.11s
    [Req 009] Success | TTFT: 109.4 ms | Tokens: 1024 | Speed: 11.86 t/s | Latency: 86.43s
    [Req 004] Success | TTFT: 218.2 ms | Tokens: 1024 | Speed: 11.87 t/s | Latency: 86.47s
    [Req 005] Success | TTFT: 216.9 ms | Tokens: 1024 | Speed: 11.87 t/s | Latency: 86.47s
    [Req 006] Success | TTFT: 217.0 ms | Tokens: 1024 | Speed: 11.87 t/s | Latency: 86.47s
    [Req 003] Success | TTFT: 217.3 ms | Tokens: 1024 | Speed: 11.87 t/s | Latency: 86.47s
    [Req 010] Success | TTFT: 216.3 ms | Tokens: 1024 | Speed: 11.87 t/s | Latency: 86.47s
    [Req 007] Success | TTFT: 218.5 ms | Tokens: 1024 | Speed: 11.87 t/s | Latency: 86.47s
    [Req 025] Success | TTFT: 210.1 ms | Tokens: 1024 | Speed: 11.87 t/s | Latency: 86.47s    [Req 008] Success | TTFT: 218.7 ms | Tokens: 1024 | Speed: 11.87 t/s | Latency: 86.48s

    [Req 001] Success | TTFT: 220.1 ms | Tokens: 1024 | Speed: 11.87 t/s | Latency: 86.48s
    [Req 017] Success | TTFT: 213.8 ms | Tokens: 1024 | Speed: 11.87 t/s | Latency: 86.47s
    [Req 027] Success | TTFT: 324.6 ms | Tokens: 1024 | Speed: 11.88 t/s | Latency: 86.50s
    [Req 029] Success | TTFT: 326.8 ms | Tokens: 1024 | Speed: 11.88 t/s | Latency: 86.50s
    [Req 021] Success | TTFT: 328.7 ms | Tokens: 1024 | Speed: 11.88 t/s | Latency: 86.51s
    [Req 013] Success | TTFT: 332.2 ms | Tokens: 1024 | Speed: 11.88 t/s | Latency: 86.51s
    [Req 022] Success | TTFT: 328.5 ms | Tokens: 1024 | Speed: 11.88 t/s | Latency: 86.51s
    [Req 015] Success | TTFT: 332.6 ms | Tokens: 1024 | Speed: 11.88 t/s | Latency: 86.51s
    [Req 030] Success | TTFT: 324.4 ms | Tokens: 1024 | Speed: 11.88 t/s | Latency: 86.51s
    [Req 031] Success | TTFT: 324.7 ms | Tokens: 1024 | Speed: 11.88 t/s | Latency: 86.51s
    [Req 012] Success | TTFT: 334.9 ms | Tokens: 1024 | Speed: 11.88 t/s | Latency: 86.52s
    [Req 014] Success | TTFT: 332.1 ms | Tokens: 1024 | Speed: 11.88 t/s | Latency: 86.52s
    [Req 020] Success | TTFT: 331.3 ms | Tokens: 1024 | Speed: 11.88 t/s | Latency: 86.52s
    [Req 023] Success | TTFT: 329.3 ms | Tokens: 1024 | Speed: 11.88 t/s | Latency: 86.51s
    [Req 016] Success | TTFT: 331.7 ms | Tokens: 1024 | Speed: 11.88 t/s | Latency: 86.52s
    [Req 026] Success | TTFT: 324.7 ms | Tokens: 1024 | Speed: 11.88 t/s | Latency: 86.52s
    [Req 019] Success | TTFT: 328.5 ms | Tokens: 1024 | Speed: 11.88 t/s | Latency: 86.52s
    [Req 018] Success | TTFT: 328.1 ms | Tokens: 1024 | Speed: 11.88 t/s | Latency: 86.52s
    [Req 024] Success | TTFT: 328.2 ms | Tokens: 1024 | Speed: 11.88 t/s | Latency: 86.52s
    [Req 032] Success | TTFT: 324.9 ms | Tokens: 1024 | Speed: 11.88 t/s | Latency: 86.52s
    [Req 033] Success | TTFT: 146.1 ms | Tokens: 1010 | Speed: 11.85 t/s | Latency: 85.39s
    [Req 036] Success | TTFT: 143.9 ms | Tokens: 976 | Speed: 11.86 t/s | Latency: 82.47s
    [Req 034] Success | TTFT: 146.7 ms | Tokens: 1024 | Speed: 11.86 t/s | Latency: 86.47s
    [Req 035] Success | TTFT: 147.0 ms | Tokens: 1024 | Speed: 11.87 t/s | Latency: 86.44s
    [Req 038] Success | TTFT: 195.4 ms | Tokens: 1024 | Speed: 11.88 t/s | Latency: 86.42s
    [Req 043] Success | TTFT: 188.6 ms | Tokens: 1024 | Speed: 11.88 t/s | Latency: 86.41s
    [Req 044] Success | TTFT: 189.3 ms | Tokens: 1024 | Speed: 11.88 t/s | Latency: 86.41s
    [Req 037] Success | TTFT: 197.0 ms | Tokens: 1024 | Speed: 11.88 t/s | Latency: 86.42s
    [Req 040] Success | TTFT: 193.4 ms | Tokens: 1024 | Speed: 11.88 t/s | Latency: 86.42s
    [Req 045] Success | TTFT: 189.0 ms | Tokens: 1024 | Speed: 11.88 t/s | Latency: 86.41s
    [Req 046] Success | TTFT: 188.0 ms | Tokens: 1024 | Speed: 11.88 t/s | Latency: 86.41s
    [Req 042] Success | TTFT: 190.1 ms | Tokens: 1024 | Speed: 11.88 t/s | Latency: 86.42s
    [Req 039] Success | TTFT: 195.5 ms | Tokens: 1024 | Speed: 11.88 t/s | Latency: 86.42s
    [Req 041] Success | TTFT: 193.9 ms | Tokens: 1024 | Speed: 11.88 t/s | Latency: 86.42s
    [Req 058] Success | TTFT: 230.5 ms | Tokens: 1024 | Speed: 11.88 t/s | Latency: 86.40s
    [Req 048] Success | TTFT: 244.8 ms | Tokens: 1024 | Speed: 11.88 t/s | Latency: 86.42s
    [Req 054] Success | TTFT: 237.1 ms | Tokens: 1024 | Speed: 11.88 t/s | Latency: 86.41s
    [Req 050] Success | TTFT: 240.7 ms | Tokens: 1024 | Speed: 11.88 t/s | Latency: 86.42s
    [Req 047] Success | TTFT: 244.4 ms | Tokens: 1024 | Speed: 11.88 t/s | Latency: 86.42s
    [Req 060] Success | TTFT: 232.0 ms | Tokens: 1024 | Speed: 11.88 t/s | Latency: 86.41s
    [Req 049] Success | TTFT: 241.1 ms | Tokens: 1024 | Speed: 11.88 t/s | Latency: 86.42s
    [Req 055] Success | TTFT: 235.3 ms | Tokens: 1024 | Speed: 11.88 t/s | Latency: 86.41s
    [Req 059] Success | TTFT: 231.8 ms | Tokens: 1024 | Speed: 11.88 t/s | Latency: 86.41s
    [Req 052] Success | TTFT: 239.2 ms | Tokens: 1024 | Speed: 11.88 t/s | Latency: 86.42s
    [Req 057] Success | TTFT: 231.1 ms | Tokens: 1024 | Speed: 11.88 t/s | Latency: 86.41s
    [Req 053] Success | TTFT: 237.2 ms | Tokens: 1024 | Speed: 11.88 t/s | Latency: 86.42s
    [Req 061] Success | TTFT: 227.6 ms | Tokens: 1024 | Speed: 11.88 t/s | Latency: 86.41s
    [Req 051] Success | TTFT: 240.9 ms | Tokens: 1024 | Speed: 11.88 t/s | Latency: 86.42s
    [Req 056] Success | TTFT: 294.2 ms | Tokens: 1024 | Speed: 11.89 t/s | Latency: 86.45s
    [Req 062] Success | TTFT: 288.0 ms | Tokens: 1024 | Speed: 11.89 t/s | Latency: 86.44s
    [Req 064] Success | TTFT: 286.1 ms | Tokens: 1024 | Speed: 11.89 t/s | Latency: 86.44s
    [Req 063] Success | TTFT: 286.7 ms | Tokens: 1024 | Speed: 11.89 t/s | Latency: 86.44s
  ✨ Done C= 32 | Tok/s:  376.19 | Req/s:  0.37 | TTFT:  250.7ms | Stream: 11.88 t/s | Latency: 85.85s

▶️  [Concurrency  64] Running 128 requests...
    [Req 057] Success | TTFT: 512.1 ms | Tokens: 108 | Speed: 11.83 t/s | Latency: 9.64s
    [Req 023] Success | TTFT: 460.2 ms | Tokens: 854 | Speed: 11.66 t/s | Latency: 73.72s
    [Req 022] Success | TTFT: 459.6 ms | Tokens: 872 | Speed: 11.65 t/s | Latency: 75.29s
    [Req 013] Success | TTFT: 462.1 ms | Tokens: 877 | Speed: 11.65 t/s | Latency: 75.74s
    [Req 015] Success | TTFT: 463.2 ms | Tokens: 888 | Speed: 11.65 t/s | Latency: 76.71s
    [Req 033] Success | TTFT: 448.8 ms | Tokens: 1001 | Speed: 11.64 t/s | Latency: 86.46s
    [Req 014] Success | TTFT: 461.8 ms | Tokens: 1006 | Speed: 11.64 t/s | Latency: 86.92s
    [Req 024] Success | TTFT: 210.2 ms | Tokens: 1010 | Speed: 11.61 t/s | Latency: 87.23s
    [Req 017] Success | TTFT: 213.5 ms | Tokens: 1011 | Speed: 11.61 t/s | Latency: 87.32s
    [Req 004] Success | TTFT: 119.2 ms | Tokens: 1024 | Speed: 11.6 t/s | Latency: 88.36s
    [Req 002] Success | TTFT: 220.4 ms | Tokens: 1024 | Speed: 11.61 t/s | Latency: 88.40s    [Req 008] Success | TTFT: 216.2 ms | Tokens: 1024 | Speed: 11.61 t/s | Latency: 88.40s

    [Req 005] Success | TTFT: 216.9 ms | Tokens: 1024 | Speed: 11.61 t/s | Latency: 88.40s
    [Req 003] Success | TTFT: 219.4 ms | Tokens: 1024 | Speed: 11.61 t/s | Latency: 88.40s
    [Req 006] Success | TTFT: 217.0 ms | Tokens: 1024 | Speed: 11.61 t/s | Latency: 88.40s
    [Req 010] Success | TTFT: 217.4 ms | Tokens: 1024 | Speed: 11.61 t/s | Latency: 88.41s
    [Req 007] Success | TTFT: 217.6 ms | Tokens: 1024 | Speed: 11.61 t/s | Latency: 88.41s
    [Req 009] Success | TTFT: 216.6 ms | Tokens: 1024 | Speed: 11.61 t/s | Latency: 88.41s
    [Req 001] Success | TTFT: 218.8 ms | Tokens: 1024 | Speed: 11.61 t/s | Latency: 88.41s
    [Req 049] Success | TTFT: 441.3 ms | Tokens: 1024 | Speed: 11.64 t/s | Latency: 88.43s
    [Req 058] Success | TTFT: 437.9 ms | Tokens: 1024 | Speed: 11.64 t/s | Latency: 88.42s
    [Req 034] Success | TTFT: 449.9 ms | Tokens: 1024 | Speed: 11.64 t/s | Latency: 88.43s
    [Req 041] Success | TTFT: 445.6 ms | Tokens: 1024 | Speed: 11.64 t/s | Latency: 88.43s
    [Req 044] Success | TTFT: 447.4 ms | Tokens: 1024 | Speed: 11.64 t/s | Latency: 88.43s
    [Req 052] Success | TTFT: 448.4 ms | Tokens: 1024 | Speed: 11.64 t/s | Latency: 88.43s
    [Req 035] Success | TTFT: 451.2 ms | Tokens: 1024 | Speed: 11.64 t/s | Latency: 88.44s
    [Req 036] Success | TTFT: 451.4 ms | Tokens: 1024 | Speed: 11.64 t/s | Latency: 88.44s
    [Req 012] Success | TTFT: 464.4 ms | Tokens: 1024 | Speed: 11.64 t/s | Latency: 88.45s
    [Req 056] Success | TTFT: 445.6 ms | Tokens: 1024 | Speed: 11.64 t/s | Latency: 88.43s
    [Req 027] Success | TTFT: 454.4 ms | Tokens: 1024 | Speed: 11.64 t/s | Latency: 88.45s
    [Req 053] Success | TTFT: 444.7 ms | Tokens: 1024 | Speed: 11.64 t/s | Latency: 88.44s
    [Req 037] Success | TTFT: 454.8 ms | Tokens: 1024 | Speed: 11.64 t/s | Latency: 88.45s
    [Req 019] Success | TTFT: 458.0 ms | Tokens: 1024 | Speed: 11.64 t/s | Latency: 88.45s
    [Req 051] Success | TTFT: 444.7 ms | Tokens: 1024 | Speed: 11.64 t/s | Latency: 88.44s
    [Req 043] Success | TTFT: 448.8 ms | Tokens: 1024 | Speed: 11.64 t/s | Latency: 88.45s
    [Req 031] Success | TTFT: 455.8 ms | Tokens: 1024 | Speed: 11.64 t/s | Latency: 88.45s
    [Req 018] Success | TTFT: 456.0 ms | Tokens: 1024 | Speed: 11.64 t/s | Latency: 88.46s
    [Req 038] Success | TTFT: 448.2 ms | Tokens: 1024 | Speed: 11.64 t/s | Latency: 88.45s    [Req 054] Success | TTFT: 444.5 ms | Tokens: 1024 | Speed: 11.64 t/s | Latency: 88.45s
    [Req 011] Success | TTFT: 466.9 ms | Tokens: 1024 | Speed: 11.64 t/s | Latency: 88.47s
    [Req 047] Success | TTFT: 449.4 ms | Tokens: 1024 | Speed: 11.64 t/s | Latency: 88.45s
    [Req 040] Success | TTFT: 452.4 ms | Tokens: 1024 | Speed: 11.64 t/s | Latency: 88.46s
    [Req 029] Success | TTFT: 455.2 ms | Tokens: 1024 | Speed: 11.64 t/s | Latency: 88.46s
    [Req 039] Success | TTFT: 451.0 ms | Tokens: 1024 | Speed: 11.64 t/s | Latency: 88.46s
    [Req 025] Success | TTFT: 454.9 ms | Tokens: 1024 | Speed: 11.63 t/s | Latency: 88.47s
    [Req 032] Success | TTFT: 451.8 ms | Tokens: 1024 | Speed: 11.63 t/s | Latency: 88.46s
    [Req 021] Success | TTFT: 458.5 ms | Tokens: 1024 | Speed: 11.63 t/s | Latency: 88.47s
    [Req 028] Success | TTFT: 458.6 ms | Tokens: 1024 | Speed: 11.64 t/s | Latency: 88.47s
    [Req 045] Success | TTFT: 450.9 ms | Tokens: 1024 | Speed: 11.64 t/s | Latency: 88.46s
    [Req 030] Success | TTFT: 456.5 ms | Tokens: 1024 | Speed: 11.63 t/s | Latency: 88.47s
    [Req 050] Success | TTFT: 442.2 ms | Tokens: 1024 | Speed: 11.63 t/s | Latency: 88.46s
    [Req 042] Success | TTFT: 446.1 ms | Tokens: 1024 | Speed: 11.63 t/s | Latency: 88.47s
    [Req 026] Success | TTFT: 453.1 ms | Tokens: 1024 | Speed: 11.63 t/s | Latency: 88.47s
    [Req 016] Success | TTFT: 458.2 ms | Tokens: 1024 | Speed: 11.63 t/s | Latency: 88.48s

    [Req 020] Success | TTFT: 462.8 ms | Tokens: 1024 | Speed: 11.63 t/s | Latency: 88.48s
    [Req 046] Success | TTFT: 448.8 ms | Tokens: 1024 | Speed: 11.63 t/s | Latency: 88.47s
    [Req 048] Success | TTFT: 444.3 ms | Tokens: 1024 | Speed: 11.63 t/s | Latency: 88.47s
    [Req 061] Success | TTFT: 510.8 ms | Tokens: 1024 | Speed: 11.64 t/s | Latency: 88.52s
    [Req 062] Success | TTFT: 511.5 ms | Tokens: 1024 | Speed: 11.63 t/s | Latency: 88.52s
    [Req 059] Success | TTFT: 512.0 ms | Tokens: 1024 | Speed: 11.63 t/s | Latency: 88.53s
    [Req 063] Success | TTFT: 510.2 ms | Tokens: 1024 | Speed: 11.63 t/s | Latency: 88.53s
    [Req 060] Success | TTFT: 512.0 ms | Tokens: 1024 | Speed: 11.63 t/s | Latency: 88.54s
    [Req 055] Success | TTFT: 514.8 ms | Tokens: 1024 | Speed: 11.63 t/s | Latency: 88.55s    [Req 064] Success | TTFT: 511.3 ms | Tokens: 1024 | Speed: 11.63 t/s | Latency: 88.54s

    [Req 065] Success | TTFT: 149.8 ms | Tokens: 1024 | Speed: 11.6 t/s | Latency: 88.40s
    [Req 066] Success | TTFT: 144.4 ms | Tokens: 897 | Speed: 11.6 t/s | Latency: 77.47s
    [Req 069] Success | TTFT: 142.9 ms | Tokens: 942 | Speed: 11.61 t/s | Latency: 81.27s
    [Req 068] Success | TTFT: 144.8 ms | Tokens: 965 | Speed: 11.61 t/s | Latency: 83.27s
    [Req 098] Success | TTFT: 421.1 ms | Tokens: 864 | Speed: 11.67 t/s | Latency: 74.43s
    [Req 096] Success | TTFT: 425.5 ms | Tokens: 868 | Speed: 11.67 t/s | Latency: 74.78s
    [Req 067] Success | TTFT: 145.0 ms | Tokens: 1024 | Speed: 11.62 t/s | Latency: 88.24s
    [Req 071] Success | TTFT: 144.7 ms | Tokens: 936 | Speed: 11.63 t/s | Latency: 80.61s
    [Req 111] Success | TTFT: 410.6 ms | Tokens: 990 | Speed: 11.68 t/s | Latency: 85.14s
    [Req 076] Success | TTFT: 193.5 ms | Tokens: 995 | Speed: 11.66 t/s | Latency: 85.56s
    [Req 115] Success | TTFT: 399.8 ms | Tokens: 997 | Speed: 11.68 t/s | Latency: 85.74s
    [Req 070] Success | TTFT: 145.7 ms | Tokens: 1024 | Speed: 11.65 t/s | Latency: 88.04s
    [Req 077] Success | TTFT: 193.3 ms | Tokens: 1005 | Speed: 11.66 t/s | Latency: 86.41s
    [Req 072] Success | TTFT: 150.0 ms | Tokens: 1024 | Speed: 11.66 t/s | Latency: 88.00s
    [Req 073] Success | TTFT: 166.9 ms | Tokens: 1024 | Speed: 11.66 t/s | Latency: 88.00s
    [Req 074] Success | TTFT: 186.4 ms | Tokens: 1024 | Speed: 11.67 t/s | Latency: 87.94s
    [Req 083] Success | TTFT: 186.4 ms | Tokens: 1024 | Speed: 11.67 t/s | Latency: 87.94s
    [Req 080] Success | TTFT: 188.1 ms | Tokens: 1024 | Speed: 11.67 t/s | Latency: 87.94s
    [Req 075] Success | TTFT: 194.5 ms | Tokens: 1024 | Speed: 11.67 t/s | Latency: 87.95s
    [Req 078] Success | TTFT: 190.8 ms | Tokens: 1024 | Speed: 11.67 t/s | Latency: 87.95s
    [Req 079] Success | TTFT: 191.5 ms | Tokens: 1024 | Speed: 11.67 t/s | Latency: 87.95s
    [Req 082] Success | TTFT: 187.1 ms | Tokens: 1024 | Speed: 11.67 t/s | Latency: 87.94s
    [Req 081] Success | TTFT: 188.7 ms | Tokens: 1024 | Speed: 11.67 t/s | Latency: 87.95s
    [Req 091] Success | TTFT: 215.3 ms | Tokens: 1024 | Speed: 11.67 t/s | Latency: 87.93s
    [Req 100] Success | TTFT: 205.9 ms | Tokens: 1024 | Speed: 11.67 t/s | Latency: 87.92s
    [Req 084] Success | TTFT: 223.1 ms | Tokens: 1024 | Speed: 11.67 t/s | Latency: 87.94s    [Req 085] Success | TTFT: 221.8 ms | Tokens: 1024 | Speed: 11.67 t/s | Latency: 87.94s
    [Req 086] Success | TTFT: 221.3 ms | Tokens: 1024 | Speed: 11.67 t/s | Latency: 87.94s

    [Req 088] Success | TTFT: 219.7 ms | Tokens: 1024 | Speed: 11.67 t/s | Latency: 87.94s
    [Req 097] Success | TTFT: 209.9 ms | Tokens: 1024 | Speed: 11.67 t/s | Latency: 87.93s
    [Req 103] Success | TTFT: 202.1 ms | Tokens: 1024 | Speed: 11.67 t/s | Latency: 87.92s
    [Req 089] Success | TTFT: 219.2 ms | Tokens: 1024 | Speed: 11.67 t/s | Latency: 87.94s
    [Req 093] Success | TTFT: 427.4 ms | Tokens: 1024 | Speed: 11.7 t/s | Latency: 87.97s    [Req 122] Success | TTFT: 343.7 ms | Tokens: 1024 | Speed: 11.7 t/s | Latency: 87.89s

    [Req 090] Success | TTFT: 432.6 ms | Tokens: 1024 | Speed: 11.7 t/s | Latency: 87.98s
    [Req 109] Success | TTFT: 413.1 ms | Tokens: 1024 | Speed: 11.7 t/s | Latency: 87.96s
    [Req 113] Success | TTFT: 402.0 ms | Tokens: 1024 | Speed: 11.7 t/s | Latency: 87.96s
    [Req 107] Success | TTFT: 409.4 ms | Tokens: 1024 | Speed: 11.7 t/s | Latency: 87.96s
    [Req 108] Success | TTFT: 408.7 ms | Tokens: 1024 | Speed: 11.7 t/s | Latency: 87.96s
    [Req 116] Success | TTFT: 405.6 ms | Tokens: 1024 | Speed: 11.7 t/s | Latency: 87.96s
    [Req 128] Success | TTFT: 320.6 ms | Tokens: 1024 | Speed: 11.7 t/s | Latency: 87.87s
    [Req 105] Success | TTFT: 417.1 ms | Tokens: 1024 | Speed: 11.7 t/s | Latency: 87.97s
    [Req 123] Success | TTFT: 333.2 ms | Tokens: 1024 | Speed: 11.69 t/s | Latency: 87.89s
    [Req 118] Success | TTFT: 400.0 ms | Tokens: 1024 | Speed: 11.7 t/s | Latency: 87.96s
    [Req 101] Success | TTFT: 423.3 ms | Tokens: 1024 | Speed: 11.7 t/s | Latency: 87.98s
    [Req 102] Success | TTFT: 414.8 ms | Tokens: 1024 | Speed: 11.69 t/s | Latency: 87.98s
    [Req 112] Success | TTFT: 405.1 ms | Tokens: 1024 | Speed: 11.69 t/s | Latency: 87.97s
    [Req 126] Success | TTFT: 323.7 ms | Tokens: 1024 | Speed: 11.69 t/s | Latency: 87.88s
    [Req 120] Success | TTFT: 394.0 ms | Tokens: 1024 | Speed: 11.69 t/s | Latency: 87.96s
    [Req 121] Success | TTFT: 397.0 ms | Tokens: 1024 | Speed: 11.69 t/s | Latency: 87.96s
    [Req 110] Success | TTFT: 410.8 ms | Tokens: 1024 | Speed: 11.69 t/s | Latency: 87.97s
    [Req 094] Success | TTFT: 429.6 ms | Tokens: 1024 | Speed: 11.69 t/s | Latency: 87.99s
    [Req 092] Success | TTFT: 430.6 ms | Tokens: 1024 | Speed: 11.69 t/s | Latency: 88.00s
    [Req 095] Success | TTFT: 426.0 ms | Tokens: 1024 | Speed: 11.69 t/s | Latency: 87.99s
    [Req 119] Success | TTFT: 401.9 ms | Tokens: 1024 | Speed: 11.69 t/s | Latency: 87.97s
    [Req 127] Success | TTFT: 318.8 ms | Tokens: 1024 | Speed: 11.69 t/s | Latency: 87.89s
    [Req 114] Success | TTFT: 405.9 ms | Tokens: 1024 | Speed: 11.69 t/s | Latency: 87.97s
    [Req 125] Success | TTFT: 327.6 ms | Tokens: 1024 | Speed: 11.69 t/s | Latency: 87.90s
    [Req 106] Success | TTFT: 414.3 ms | Tokens: 1024 | Speed: 11.69 t/s | Latency: 87.98s
    [Req 099] Success | TTFT: 422.4 ms | Tokens: 1024 | Speed: 11.69 t/s | Latency: 87.99s
    [Req 117] Success | TTFT: 401.0 ms | Tokens: 1024 | Speed: 11.69 t/s | Latency: 87.97s
    [Req 124] Success | TTFT: 330.8 ms | Tokens: 1024 | Speed: 11.69 t/s | Latency: 87.91s
    [Req 104] Success | TTFT: 418.0 ms | Tokens: 1024 | Speed: 11.69 t/s | Latency: 87.99s
    [Req 087] Success | TTFT: 439.2 ms | Tokens: 1024 | Speed: 11.69 t/s | Latency: 88.01s
  ✨ Done C= 64 | Tok/s:  729.32 | Req/s:  0.73 | TTFT:  359.3ms | Stream: 11.66 t/s | Latency: 86.63s

▶️  [Concurrency 128] Running 128 requests...
    [Req 074] Success | TTFT: 662.7 ms | Tokens: 730 | Speed: 11.25 t/s | Latency: 65.57s
    [Req 073] Success | TTFT: 662.2 ms | Tokens: 769 | Speed: 11.25 t/s | Latency: 69.05s
    [Req 111] Success | TTFT: 740.7 ms | Tokens: 872 | Speed: 11.25 t/s | Latency: 78.26s
    [Req 126] Success | TTFT: 730.1 ms | Tokens: 894 | Speed: 11.25 t/s | Latency: 80.22s
    [Req 023] Success | TTFT: 451.4 ms | Tokens: 896 | Speed: 11.21 t/s | Latency: 80.35s
    [Req 035] Success | TTFT: 451.0 ms | Tokens: 906 | Speed: 11.21 t/s | Latency: 81.24s
    [Req 020] Success | TTFT: 454.1 ms | Tokens: 924 | Speed: 11.21 t/s | Latency: 82.85s
    [Req 124] Success | TTFT: 734.4 ms | Tokens: 930 | Speed: 11.25 t/s | Latency: 83.43s
    [Req 006] Success | TTFT: 135.5 ms | Tokens: 954 | Speed: 11.18 t/s | Latency: 85.45s
    [Req 033] Success | TTFT: 443.7 ms | Tokens: 960 | Speed: 11.21 t/s | Latency: 86.06s
    [Req 058] Success | TTFT: 660.9 ms | Tokens: 971 | Speed: 11.24 t/s | Latency: 87.08s
    [Req 118] Success | TTFT: 733.6 ms | Tokens: 986 | Speed: 11.24 t/s | Latency: 88.44s
    [Req 125] Success | TTFT: 732.7 ms | Tokens: 997 | Speed: 11.24 t/s | Latency: 89.42s
    [Req 050] Success | TTFT: 438.2 ms | Tokens: 1004 | Speed: 11.21 t/s | Latency: 89.99s
    [Req 008] Success | TTFT: 234.3 ms | Tokens: 1024 | Speed: 11.2 t/s | Latency: 91.66s    [Req 005] Success | TTFT: 231.2 ms | Tokens: 1024 | Speed: 11.2 t/s | Latency: 91.67s
    [Req 003] Success | TTFT: 228.0 ms | Tokens: 1024 | Speed: 11.2 t/s | Latency: 91.67s
    [Req 004] Success | TTFT: 236.2 ms | Tokens: 1024 | Speed: 11.2 t/s | Latency: 91.67s    [Req 007] Success | TTFT: 234.3 ms | Tokens: 1024 | Speed: 11.2 t/s | Latency: 91.67s
    [Req 010] Success | TTFT: 234.0 ms | Tokens: 1024 | Speed: 11.2 t/s | Latency: 91.67s
    [Req 002] Success | TTFT: 237.4 ms | Tokens: 1024 | Speed: 11.2 t/s | Latency: 91.68s

    [Req 001] Success | TTFT: 238.4 ms | Tokens: 1024 | Speed: 11.2 t/s | Latency: 91.68s

    [Req 009] Success | TTFT: 221.7 ms | Tokens: 1024 | Speed: 11.2 t/s | Latency: 91.68s
    [Req 016] Success | TTFT: 231.4 ms | Tokens: 1024 | Speed: 11.2 t/s | Latency: 91.67s
    [Req 025] Success | TTFT: 228.2 ms | Tokens: 1024 | Speed: 11.2 t/s | Latency: 91.67s
    [Req 057] Success | TTFT: 434.0 ms | Tokens: 1024 | Speed: 11.22 t/s | Latency: 91.68s
    [Req 049] Success | TTFT: 437.0 ms | Tokens: 1024 | Speed: 11.22 t/s | Latency: 91.69s
    [Req 017] Success | TTFT: 454.2 ms | Tokens: 1024 | Speed: 11.22 t/s | Latency: 91.70s
    [Req 040] Success | TTFT: 442.7 ms | Tokens: 1024 | Speed: 11.22 t/s | Latency: 91.69s
    [Req 034] Success | TTFT: 444.9 ms | Tokens: 1024 | Speed: 11.22 t/s | Latency: 91.70s
    [Req 041] Success | TTFT: 440.1 ms | Tokens: 1024 | Speed: 11.22 t/s | Latency: 91.70s
    [Req 019] Success | TTFT: 458.2 ms | Tokens: 1024 | Speed: 11.22 t/s | Latency: 91.71s
    [Req 011] Success | TTFT: 461.7 ms | Tokens: 1024 | Speed: 11.22 t/s | Latency: 91.71s
    [Req 031] Success | TTFT: 447.6 ms | Tokens: 1024 | Speed: 11.22 t/s | Latency: 91.71s
    [Req 037] Success | TTFT: 447.3 ms | Tokens: 1024 | Speed: 11.22 t/s | Latency: 91.70s
    [Req 012] Success | TTFT: 458.1 ms | Tokens: 1024 | Speed: 11.22 t/s | Latency: 91.72s
    [Req 043] Success | TTFT: 447.1 ms | Tokens: 1024 | Speed: 11.22 t/s | Latency: 91.70s
    [Req 014] Success | TTFT: 459.0 ms | Tokens: 1024 | Speed: 11.22 t/s | Latency: 91.72s
    [Req 032] Success | TTFT: 448.1 ms | Tokens: 1024 | Speed: 11.22 t/s | Latency: 91.71s
    [Req 052] Success | TTFT: 440.4 ms | Tokens: 1024 | Speed: 11.22 t/s | Latency: 91.70s
    [Req 044] Success | TTFT: 443.3 ms | Tokens: 1024 | Speed: 11.22 t/s | Latency: 91.71s
    [Req 027] Success | TTFT: 455.3 ms | Tokens: 1024 | Speed: 11.22 t/s | Latency: 91.72s
    [Req 046] Success | TTFT: 444.9 ms | Tokens: 1024 | Speed: 11.22 t/s | Latency: 91.71s
    [Req 042] Success | TTFT: 440.8 ms | Tokens: 1024 | Speed: 11.22 t/s | Latency: 91.71s
    [Req 024] Success | TTFT: 452.2 ms | Tokens: 1024 | Speed: 11.22 t/s | Latency: 91.72s
    [Req 038] Success | TTFT: 448.5 ms | Tokens: 1024 | Speed: 11.22 t/s | Latency: 91.71s
    [Req 026] Success | TTFT: 448.9 ms | Tokens: 1024 | Speed: 11.22 t/s | Latency: 91.72s
    [Req 045] Success | TTFT: 444.3 ms | Tokens: 1024 | Speed: 11.22 t/s | Latency: 91.71s
    [Req 048] Success | TTFT: 439.8 ms | Tokens: 1024 | Speed: 11.22 t/s | Latency: 91.71s
    [Req 047] Success | TTFT: 440.9 ms | Tokens: 1024 | Speed: 11.22 t/s | Latency: 91.71s
    [Req 051] Success | TTFT: 443.4 ms | Tokens: 1024 | Speed: 11.22 t/s | Latency: 91.71s
    [Req 013] Success | TTFT: 458.2 ms | Tokens: 1024 | Speed: 11.22 t/s | Latency: 91.73s
    [Req 029] Success | TTFT: 451.8 ms | Tokens: 1024 | Speed: 11.22 t/s | Latency: 91.73s
    [Req 036] Success | TTFT: 447.1 ms | Tokens: 1024 | Speed: 11.22 t/s | Latency: 91.72s
    [Req 015] Success | TTFT: 455.8 ms | Tokens: 1024 | Speed: 11.22 t/s | Latency: 91.73s
    [Req 021] Success | TTFT: 456.8 ms | Tokens: 1024 | Speed: 11.22 t/s | Latency: 91.73s
    [Req 022] Success | TTFT: 455.2 ms | Tokens: 1024 | Speed: 11.22 t/s | Latency: 91.73s
    [Req 054] Success | TTFT: 441.6 ms | Tokens: 1024 | Speed: 11.22 t/s | Latency: 91.72s
    [Req 018] Success | TTFT: 452.0 ms | Tokens: 1024 | Speed: 11.22 t/s | Latency: 91.74s
    [Req 053] Success | TTFT: 441.2 ms | Tokens: 1024 | Speed: 11.22 t/s | Latency: 91.72s
    [Req 028] Success | TTFT: 450.9 ms | Tokens: 1024 | Speed: 11.22 t/s | Latency: 91.73s
    [Req 030] Success | TTFT: 452.4 ms | Tokens: 1024 | Speed: 11.22 t/s | Latency: 91.73s
    [Req 039] Success | TTFT: 444.2 ms | Tokens: 1024 | Speed: 11.22 t/s | Latency: 91.73s
    [Req 091] Success | TTFT: 656.4 ms | Tokens: 1024 | Speed: 11.25 t/s | Latency: 91.72s
    [Req 059] Success | TTFT: 669.6 ms | Tokens: 1024 | Speed: 11.25 t/s | Latency: 91.73s
    [Req 108] Success | TTFT: 648.1 ms | Tokens: 1024 | Speed: 11.24 t/s | Latency: 91.71s
    [Req 098] Success | TTFT: 652.8 ms | Tokens: 1024 | Speed: 11.24 t/s | Latency: 91.72s
    [Req 061] Success | TTFT: 663.3 ms | Tokens: 1024 | Speed: 11.24 t/s | Latency: 91.73s
    [Req 065] Success | TTFT: 658.1 ms | Tokens: 1024 | Speed: 11.24 t/s | Latency: 91.73s
    [Req 096] Success | TTFT: 643.2 ms | Tokens: 1024 | Speed: 11.24 t/s | Latency: 91.72s
    [Req 082] Success | TTFT: 659.4 ms | Tokens: 1024 | Speed: 11.24 t/s | Latency: 91.73s
    [Req 069] Success | TTFT: 659.9 ms | Tokens: 1024 | Speed: 11.24 t/s | Latency: 91.73s
    [Req 106] Success | TTFT: 641.4 ms | Tokens: 1024 | Speed: 11.24 t/s | Latency: 91.72s
    [Req 105] Success | TTFT: 648.1 ms | Tokens: 1024 | Speed: 11.24 t/s | Latency: 91.72s    [Req 056] Success | TTFT: 659.7 ms | Tokens: 1024 | Speed: 11.24 t/s | Latency: 91.74s
    [Req 086] Success | TTFT: 661.4 ms | Tokens: 1024 | Speed: 11.24 t/s | Latency: 91.73s
    [Req 099] Success | TTFT: 643.4 ms | Tokens: 1024 | Speed: 11.24 t/s | Latency: 91.73s
    [Req 100] Success | TTFT: 653.6 ms | Tokens: 1024 | Speed: 11.24 t/s | Latency: 91.73s
    [Req 087] Success | TTFT: 650.7 ms | Tokens: 1024 | Speed: 11.24 t/s | Latency: 91.74s
    [Req 085] Success | TTFT: 653.8 ms | Tokens: 1024 | Speed: 11.24 t/s | Latency: 91.74s
    [Req 063] Success | TTFT: 669.7 ms | Tokens: 1024 | Speed: 11.24 t/s | Latency: 91.75s
    [Req 089] Success | TTFT: 655.5 ms | Tokens: 1024 | Speed: 11.24 t/s | Latency: 91.74s
    [Req 068] Success | TTFT: 666.5 ms | Tokens: 1024 | Speed: 11.24 t/s | Latency: 91.75s
    [Req 064] Success | TTFT: 657.4 ms | Tokens: 1024 | Speed: 11.24 t/s | Latency: 91.75s
    [Req 067] Success | TTFT: 665.6 ms | Tokens: 1024 | Speed: 11.24 t/s | Latency: 91.75s
    [Req 103] Success | TTFT: 653.4 ms | Tokens: 1024 | Speed: 11.24 t/s | Latency: 91.73s
    [Req 084] Success | TTFT: 649.8 ms | Tokens: 1024 | Speed: 11.24 t/s | Latency: 91.74s
    [Req 107] Success | TTFT: 650.0 ms | Tokens: 1024 | Speed: 11.24 t/s | Latency: 91.73s
    [Req 066] Success | TTFT: 665.4 ms | Tokens: 1024 | Speed: 11.24 t/s | Latency: 91.75s
    [Req 079] Success | TTFT: 653.1 ms | Tokens: 1024 | Speed: 11.24 t/s | Latency: 91.75s
    [Req 094] Success | TTFT: 657.5 ms | Tokens: 1024 | Speed: 11.24 t/s | Latency: 91.74s
    [Req 090] Success | TTFT: 647.4 ms | Tokens: 1024 | Speed: 11.24 t/s | Latency: 91.75s
    [Req 097] Success | TTFT: 651.6 ms | Tokens: 1024 | Speed: 11.24 t/s | Latency: 91.74s
    [Req 095] Success | TTFT: 646.6 ms | Tokens: 1024 | Speed: 11.24 t/s | Latency: 91.75s
    [Req 077] Success | TTFT: 656.2 ms | Tokens: 1024 | Speed: 11.24 t/s | Latency: 91.76s
    [Req 075] Success | TTFT: 652.8 ms | Tokens: 1024 | Speed: 11.24 t/s | Latency: 91.76s
    [Req 060] Success | TTFT: 670.6 ms | Tokens: 1024 | Speed: 11.24 t/s | Latency: 91.76s
    [Req 080] Success | TTFT: 649.8 ms | Tokens: 1024 | Speed: 11.24 t/s | Latency: 91.76s
    [Req 055] Success | TTFT: 663.4 ms | Tokens: 1024 | Speed: 11.24 t/s | Latency: 91.77s
    [Req 102] Success | TTFT: 644.0 ms | Tokens: 1024 | Speed: 11.24 t/s | Latency: 91.75s
    [Req 093] Success | TTFT: 649.4 ms | Tokens: 1024 | Speed: 11.24 t/s | Latency: 91.75s
    [Req 113] Success | TTFT: 645.1 ms | Tokens: 1024 | Speed: 11.24 t/s | Latency: 91.75s
    [Req 088] Success | TTFT: 646.1 ms | Tokens: 1024 | Speed: 11.24 t/s | Latency: 91.76s
    [Req 071] Success | TTFT: 656.5 ms | Tokens: 1024 | Speed: 11.24 t/s | Latency: 91.77s
    [Req 078] Success | TTFT: 664.1 ms | Tokens: 1024 | Speed: 11.24 t/s | Latency: 91.76s
    [Req 076] Success | TTFT: 663.3 ms | Tokens: 1024 | Speed: 11.24 t/s | Latency: 91.77s

    [Req 121] Success | TTFT: 730.5 ms | Tokens: 1024 | Speed: 11.25 t/s | Latency: 91.75s
    [Req 081] Success | TTFT: 658.4 ms | Tokens: 1024 | Speed: 11.24 t/s | Latency: 91.77s
    [Req 092] Success | TTFT: 656.3 ms | Tokens: 1024 | Speed: 11.24 t/s | Latency: 91.76s
    [Req 062] Success | TTFT: 661.0 ms | Tokens: 1024 | Speed: 11.24 t/s | Latency: 91.78s
    [Req 101] Success | TTFT: 645.7 ms | Tokens: 1024 | Speed: 11.24 t/s | Latency: 91.76s
    [Req 110] Success | TTFT: 650.7 ms | Tokens: 1024 | Speed: 11.24 t/s | Latency: 91.76s
    [Req 127] Success | TTFT: 733.2 ms | Tokens: 1024 | Speed: 11.25 t/s | Latency: 91.75s
    [Req 070] Success | TTFT: 667.2 ms | Tokens: 1024 | Speed: 11.24 t/s | Latency: 91.78s
    [Req 117] Success | TTFT: 735.6 ms | Tokens: 1024 | Speed: 11.25 t/s | Latency: 91.76s
    [Req 083] Success | TTFT: 661.5 ms | Tokens: 1024 | Speed: 11.24 t/s | Latency: 91.77s
    [Req 104] Success | TTFT: 640.1 ms | Tokens: 1024 | Speed: 11.24 t/s | Latency: 91.76s
    [Req 123] Success | TTFT: 732.2 ms | Tokens: 1024 | Speed: 11.25 t/s | Latency: 91.76s
    [Req 122] Success | TTFT: 730.8 ms | Tokens: 1024 | Speed: 11.25 t/s | Latency: 91.76s
    [Req 120] Success | TTFT: 737.4 ms | Tokens: 1024 | Speed: 11.25 t/s | Latency: 91.76s
    [Req 112] Success | TTFT: 739.1 ms | Tokens: 1024 | Speed: 11.25 t/s | Latency: 91.76s
    [Req 072] Success | TTFT: 653.8 ms | Tokens: 1024 | Speed: 11.24 t/s | Latency: 91.78s
    [Req 128] Success | TTFT: 733.1 ms | Tokens: 1024 | Speed: 11.25 t/s | Latency: 91.76s
    [Req 119] Success | TTFT: 738.1 ms | Tokens: 1024 | Speed: 11.25 t/s | Latency: 91.76s
    [Req 115] Success | TTFT: 736.0 ms | Tokens: 1024 | Speed: 11.25 t/s | Latency: 91.77s
    [Req 109] Success | TTFT: 642.6 ms | Tokens: 1024 | Speed: 11.24 t/s | Latency: 91.77s
    [Req 114] Success | TTFT: 734.3 ms | Tokens: 1024 | Speed: 11.25 t/s | Latency: 91.77s
    [Req 116] Success | TTFT: 736.9 ms | Tokens: 1024 | Speed: 11.25 t/s | Latency: 91.77s
  ✨ Done C=128 | Tok/s: 1410.56 | Req/s:  1.39 | TTFT:  555.8ms | Stream: 11.23 t/s | Latency: 90.66s

▶️  [Concurrency 256] Running 256 requests...
    [Req 215] Success | TTFT: 1039.4 ms | Tokens: 459 | Speed: 10.53 t/s | Latency: 44.61s
    [Req 211] Success | TTFT: 1034.3 ms | Tokens: 538 | Speed: 10.52 t/s | Latency: 52.16s
    [Req 129] Success | TTFT: 867.5 ms | Tokens: 613 | Speed: 10.5 t/s | Latency: 59.26s
    [Req 121] Success | TTFT: 870.6 ms | Tokens: 644 | Speed: 10.5 t/s | Latency: 62.23s
    [Req 124] Success | TTFT: 902.7 ms | Tokens: 667 | Speed: 10.5 t/s | Latency: 64.42s
    [Req 117] Success | TTFT: 900.0 ms | Tokens: 830 | Speed: 10.49 t/s | Latency: 80.01s
    [Req 213] Success | TTFT: 1040.1 ms | Tokens: 857 | Speed: 10.5 t/s | Latency: 82.64s
    [Req 149] Success | TTFT: 886.8 ms | Tokens: 900 | Speed: 10.49 t/s | Latency: 86.69s
    [Req 052] Success | TTFT: 876.5 ms | Tokens: 930 | Speed: 10.49 t/s | Latency: 89.56s
    [Req 193] Success | TTFT: 971.5 ms | Tokens: 940 | Speed: 10.49 t/s | Latency: 90.55s
    [Req 058] Success | TTFT: 856.8 ms | Tokens: 945 | Speed: 10.48 t/s | Latency: 90.99s
    [Req 062] Success | TTFT: 867.3 ms | Tokens: 970 | Speed: 10.48 t/s | Latency: 93.39s
    [Req 188] Success | TTFT: 981.5 ms | Tokens: 973 | Speed: 10.49 t/s | Latency: 93.72s
    [Req 068] Success | TTFT: 870.4 ms | Tokens: 979 | Speed: 10.48 t/s | Latency: 94.25s
    [Req 194] Success | TTFT: 972.3 ms | Tokens: 980 | Speed: 10.49 t/s | Latency: 94.38s
    [Req 148] Success | TTFT: 891.7 ms | Tokens: 999 | Speed: 10.49 t/s | Latency: 96.17s
    [Req 028] Success | TTFT: 858.2 ms | Tokens: 1008 | Speed: 10.49 t/s | Latency: 96.98s
    [Req 023] Success | TTFT: 825.3 ms | Tokens: 1014 | Speed: 10.48 t/s | Latency: 97.56s
    [Req 012] Success | TTFT: 851.9 ms | Tokens: 1019 | Speed: 10.48 t/s | Latency: 98.05s
    [Req 168] Success | TTFT: 985.7 ms | Tokens: 1018 | Speed: 10.49 t/s | Latency: 98.03s
    [Req 038] Success | TTFT: 833.9 ms | Tokens: 1020 | Speed: 10.48 t/s | Latency: 98.13s
    [Req 008] Success | TTFT: 131.1 ms | Tokens: 1024 | Speed: 10.43 t/s | Latency: 98.34s
    [Req 011] Success | TTFT: 224.4 ms | Tokens: 1024 | Speed: 10.43 t/s | Latency: 98.38s
    [Req 001] Success | TTFT: 223.9 ms | Tokens: 1024 | Speed: 10.43 t/s | Latency: 98.39s
    [Req 006] Success | TTFT: 206.5 ms | Tokens: 1024 | Speed: 10.43 t/s | Latency: 98.39s
    [Req 009] Success | TTFT: 209.6 ms | Tokens: 1024 | Speed: 10.43 t/s | Latency: 98.39s
    [Req 017] Success | TTFT: 220.7 ms | Tokens: 1024 | Speed: 10.43 t/s | Latency: 98.39s
    [Req 003] Success | TTFT: 215.4 ms | Tokens: 1024 | Speed: 10.43 t/s | Latency: 98.40s
    [Req 007] Success | TTFT: 202.4 ms | Tokens: 1024 | Speed: 10.43 t/s | Latency: 98.40s
    [Req 002] Success | TTFT: 219.6 ms | Tokens: 1024 | Speed: 10.43 t/s | Latency: 98.40s
    [Req 022] Success | TTFT: 841.1 ms | Tokens: 1024 | Speed: 10.49 t/s | Latency: 98.42s
    [Req 005] Success | TTFT: 843.9 ms | Tokens: 1024 | Speed: 10.49 t/s | Latency: 98.43s
    [Req 013] Success | TTFT: 845.7 ms | Tokens: 1024 | Speed: 10.49 t/s | Latency: 98.43s
    [Req 029] Success | TTFT: 838.3 ms | Tokens: 1024 | Speed: 10.49 t/s | Latency: 98.42s
    [Req 010] Success | TTFT: 861.9 ms | Tokens: 1024 | Speed: 10.49 t/s | Latency: 98.43s
    [Req 024] Success | TTFT: 834.8 ms | Tokens: 1024 | Speed: 10.49 t/s | Latency: 98.43s
    [Req 044] Success | TTFT: 852.3 ms | Tokens: 1024 | Speed: 10.5 t/s | Latency: 98.42s
    [Req 036] Success | TTFT: 845.9 ms | Tokens: 1024 | Speed: 10.49 t/s | Latency: 98.42s
    [Req 031] Success | TTFT: 822.2 ms | Tokens: 1024 | Speed: 10.49 t/s | Latency: 98.43s
    [Req 042] Success | TTFT: 847.8 ms | Tokens: 1024 | Speed: 10.49 t/s | Latency: 98.42s    [Req 018] Success | TTFT: 862.4 ms | Tokens: 1024 | Speed: 10.49 t/s | Latency: 98.44s

    [Req 039] Success | TTFT: 818.0 ms | Tokens: 1024 | Speed: 10.49 t/s | Latency: 98.43s
    [Req 035] Success | TTFT: 840.5 ms | Tokens: 1024 | Speed: 10.49 t/s | Latency: 98.43s
    [Req 050] Success | TTFT: 819.3 ms | Tokens: 1024 | Speed: 10.49 t/s | Latency: 98.43s
    [Req 016] Success | TTFT: 838.1 ms | Tokens: 1024 | Speed: 10.49 t/s | Latency: 98.44s
    [Req 021] Success | TTFT: 851.4 ms | Tokens: 1024 | Speed: 10.49 t/s | Latency: 98.44s
    [Req 004] Success | TTFT: 869.6 ms | Tokens: 1024 | Speed: 10.49 t/s | Latency: 98.45s
    [Req 019] Success | TTFT: 857.1 ms | Tokens: 1024 | Speed: 10.49 t/s | Latency: 98.44s
    [Req 015] Success | TTFT: 827.8 ms | Tokens: 1024 | Speed: 10.49 t/s | Latency: 98.45s
    [Req 046] Success | TTFT: 841.3 ms | Tokens: 1024 | Speed: 10.49 t/s | Latency: 98.44s
    [Req 041] Success | TTFT: 822.2 ms | Tokens: 1024 | Speed: 10.49 t/s | Latency: 98.44s
    [Req 033] Success | TTFT: 851.5 ms | Tokens: 1024 | Speed: 10.49 t/s | Latency: 98.44s
    [Req 030] Success | TTFT: 848.2 ms | Tokens: 1024 | Speed: 10.49 t/s | Latency: 98.44s
    [Req 037] Success | TTFT: 854.6 ms | Tokens: 1024 | Speed: 10.49 t/s | Latency: 98.44s
    [Req 034] Success | TTFT: 825.6 ms | Tokens: 1024 | Speed: 10.49 t/s | Latency: 98.44s
    [Req 043] Success | TTFT: 837.6 ms | Tokens: 1024 | Speed: 10.49 t/s | Latency: 98.44s
    [Req 025] Success | TTFT: 829.3 ms | Tokens: 1024 | Speed: 10.49 t/s | Latency: 98.45s
    [Req 020] Success | TTFT: 847.0 ms | Tokens: 1024 | Speed: 10.49 t/s | Latency: 98.45s
    [Req 026] Success | TTFT: 844.7 ms | Tokens: 1024 | Speed: 10.49 t/s | Latency: 98.45s
    [Req 027] Success | TTFT: 854.2 ms | Tokens: 1024 | Speed: 10.49 t/s | Latency: 98.45s
    [Req 014] Success | TTFT: 854.8 ms | Tokens: 1024 | Speed: 10.49 t/s | Latency: 98.46s
    [Req 076] Success | TTFT: 867.2 ms | Tokens: 1024 | Speed: 10.49 t/s | Latency: 98.45s
    [Req 060] Success | TTFT: 874.1 ms | Tokens: 1024 | Speed: 10.49 t/s | Latency: 98.46s    [Req 085] Success | TTFT: 846.0 ms | Tokens: 1024 | Speed: 10.49 t/s | Latency: 98.45s
    [Req 067] Success | TTFT: 853.1 ms | Tokens: 1024 | Speed: 10.49 t/s | Latency: 98.46s
    [Req 093] Success | TTFT: 861.1 ms | Tokens: 1024 | Speed: 10.49 t/s | Latency: 98.45s

    [Req 081] Success | TTFT: 843.1 ms | Tokens: 1024 | Speed: 10.49 t/s | Latency: 98.46s
    [Req 049] Success | TTFT: 860.7 ms | Tokens: 1024 | Speed: 10.49 t/s | Latency: 98.47s
    [Req 071] Success | TTFT: 879.8 ms | Tokens: 1024 | Speed: 10.49 t/s | Latency: 98.46s    [Req 063] Success | TTFT: 883.5 ms | Tokens: 1024 | Speed: 10.49 t/s | Latency: 98.47s
    [Req 057] Success | TTFT: 851.9 ms | Tokens: 1024 | Speed: 10.49 t/s | Latency: 98.47s
    [Req 069] Success | TTFT: 864.8 ms | Tokens: 1024 | Speed: 10.49 t/s | Latency: 98.47s
    [Req 047] Success | TTFT: 889.4 ms | Tokens: 1024 | Speed: 10.49 t/s | Latency: 98.48s
    [Req 095] Success | TTFT: 870.2 ms | Tokens: 1024 | Speed: 10.49 t/s | Latency: 98.46s
    [Req 074] Success | TTFT: 857.0 ms | Tokens: 1024 | Speed: 10.49 t/s | Latency: 98.47s
    [Req 094] Success | TTFT: 855.4 ms | Tokens: 1024 | Speed: 10.49 t/s | Latency: 98.46s
    [Req 048] Success | TTFT: 894.5 ms | Tokens: 1024 | Speed: 10.49 t/s | Latency: 98.48s

    [Req 089] Success | TTFT: 839.2 ms | Tokens: 1024 | Speed: 10.49 t/s | Latency: 98.47s
    [Req 092] Success | TTFT: 843.0 ms | Tokens: 1024 | Speed: 10.49 t/s | Latency: 98.47s
    [Req 078] Success | TTFT: 861.8 ms | Tokens: 1024 | Speed: 10.49 t/s | Latency: 98.47s
    [Req 065] Success | TTFT: 849.6 ms | Tokens: 1024 | Speed: 10.49 t/s | Latency: 98.48s
    [Req 073] Success | TTFT: 845.2 ms | Tokens: 1024 | Speed: 10.49 t/s | Latency: 98.48s
    [Req 061] Success | TTFT: 878.2 ms | Tokens: 1024 | Speed: 10.49 t/s | Latency: 98.49s
    [Req 032] Success | TTFT: 900.5 ms | Tokens: 1024 | Speed: 10.49 t/s | Latency: 98.50s
    [Req 088] Success | TTFT: 878.4 ms | Tokens: 1024 | Speed: 10.49 t/s | Latency: 98.48s
    [Req 087] Success | TTFT: 873.7 ms | Tokens: 1024 | Speed: 10.49 t/s | Latency: 98.48s
    [Req 082] Success | TTFT: 864.7 ms | Tokens: 1024 | Speed: 10.49 t/s | Latency: 98.48s
    [Req 086] Success | TTFT: 858.6 ms | Tokens: 1024 | Speed: 10.49 t/s | Latency: 98.48s
    [Req 056] Success | TTFT: 891.0 ms | Tokens: 1024 | Speed: 10.49 t/s | Latency: 98.49s
    [Req 079] Success | TTFT: 881.4 ms | Tokens: 1024 | Speed: 10.49 t/s | Latency: 98.49s
    [Req 059] Success | TTFT: 862.8 ms | Tokens: 1024 | Speed: 10.49 t/s | Latency: 98.49s
    [Req 066] Success | TTFT: 861.0 ms | Tokens: 1024 | Speed: 10.49 t/s | Latency: 98.49s
    [Req 053] Success | TTFT: 870.9 ms | Tokens: 1024 | Speed: 10.49 t/s | Latency: 98.50s
    [Req 064] Success | TTFT: 888.2 ms | Tokens: 1024 | Speed: 10.49 t/s | Latency: 98.50s
    [Req 083] Success | TTFT: 854.5 ms | Tokens: 1024 | Speed: 10.49 t/s | Latency: 98.49s
    [Req 054] Success | TTFT: 881.4 ms | Tokens: 1024 | Speed: 10.49 t/s | Latency: 98.50s
    [Req 090] Success | TTFT: 851.2 ms | Tokens: 1024 | Speed: 10.49 t/s | Latency: 98.49s
    [Req 075] Success | TTFT: 850.2 ms | Tokens: 1024 | Speed: 10.49 t/s | Latency: 98.50s    [Req 097] Success | TTFT: 836.4 ms | Tokens: 1024 | Speed: 10.49 t/s | Latency: 98.49s
    [Req 045] Success | TTFT: 885.5 ms | Tokens: 1024 | Speed: 10.49 t/s | Latency: 98.51s    [Req 051] Success | TTFT: 866.8 ms | Tokens: 1024 | Speed: 10.49 t/s | Latency: 98.51s
    [Req 077] Success | TTFT: 872.4 ms | Tokens: 1024 | Speed: 10.49 t/s | Latency: 98.50s

    [Req 138] Success | TTFT: 862.9 ms | Tokens: 1024 | Speed: 10.49 t/s | Latency: 98.48s
    [Req 080] Success | TTFT: 875.7 ms | Tokens: 1024 | Speed: 10.49 t/s | Latency: 98.50s
    [Req 040] Success | TTFT: 897.9 ms | Tokens: 1024 | Speed: 10.49 t/s | Latency: 98.52s
    [Req 145] Success | TTFT: 859.9 ms | Tokens: 1024 | Speed: 10.49 t/s | Latency: 98.48s
    [Req 105] Success | TTFT: 877.5 ms | Tokens: 1024 | Speed: 10.49 t/s | Latency: 98.49s

    [Req 132] Success | TTFT: 898.6 ms | Tokens: 1024 | Speed: 10.49 t/s | Latency: 98.48s
    [Req 141] Success | TTFT: 889.9 ms | Tokens: 1024 | Speed: 10.49 t/s | Latency: 98.48s
    [Req 153] Success | TTFT: 857.7 ms | Tokens: 1024 | Speed: 10.49 t/s | Latency: 98.48s
    [Req 139] Success | TTFT: 868.5 ms | Tokens: 1024 | Speed: 10.49 t/s | Latency: 98.49s
    [Req 135] Success | TTFT: 887.0 ms | Tokens: 1024 | Speed: 10.49 t/s | Latency: 98.49s
    [Req 116] Success | TTFT: 904.5 ms | Tokens: 1024 | Speed: 10.49 t/s | Latency: 98.50s
    [Req 072] Success | TTFT: 885.5 ms | Tokens: 1024 | Speed: 10.49 t/s | Latency: 98.52s
    [Req 115] Success | TTFT: 878.9 ms | Tokens: 1024 | Speed: 10.49 t/s | Latency: 98.50s
    [Req 130] Success | TTFT: 872.1 ms | Tokens: 1024 | Speed: 10.49 t/s | Latency: 98.49s
    [Req 126] Success | TTFT: 890.8 ms | Tokens: 1024 | Speed: 10.49 t/s | Latency: 98.50s
    [Req 084] Success | TTFT: 869.0 ms | Tokens: 1024 | Speed: 10.49 t/s | Latency: 98.51s    [Req 055] Success | TTFT: 886.4 ms | Tokens: 1024 | Speed: 10.49 t/s | Latency: 98.53s
    [Req 131] Success | TTFT: 876.9 ms | Tokens: 1024 | Speed: 10.49 t/s | Latency: 98.50s
    [Req 150] Success | TTFT: 880.1 ms | Tokens: 1024 | Speed: 10.49 t/s | Latency: 98.49s
    [Req 108] Success | TTFT: 908.2 ms | Tokens: 1024 | Speed: 10.49 t/s | Latency: 98.51s

    [Req 133] Success | TTFT: 892.3 ms | Tokens: 1024 | Speed: 10.49 t/s | Latency: 98.50s
    [Req 123] Success | TTFT: 874.7 ms | Tokens: 1024 | Speed: 10.49 t/s | Latency: 98.51s
    [Req 102] Success | TTFT: 900.3 ms | Tokens: 1024 | Speed: 10.49 t/s | Latency: 98.51s
    [Req 119] Success | TTFT: 893.2 ms | Tokens: 1024 | Speed: 10.49 t/s | Latency: 98.51s
    [Req 100] Success | TTFT: 912.1 ms | Tokens: 1024 | Speed: 10.49 t/s | Latency: 98.52s    [Req 140] Success | TTFT: 894.8 ms | Tokens: 1024 | Speed: 10.49 t/s | Latency: 98.50s
    [Req 112] Success | TTFT: 885.3 ms | Tokens: 1024 | Speed: 10.49 t/s | Latency: 98.51s
    [Req 142] Success | TTFT: 884.1 ms | Tokens: 1024 | Speed: 10.49 t/s | Latency: 98.50s

    [Req 101] Success | TTFT: 905.9 ms | Tokens: 1024 | Speed: 10.49 t/s | Latency: 98.52s
    [Req 134] Success | TTFT: 881.4 ms | Tokens: 1024 | Speed: 10.49 t/s | Latency: 98.51s
    [Req 114] Success | TTFT: 873.5 ms | Tokens: 1024 | Speed: 10.49 t/s | Latency: 98.52s
    [Req 122] Success | TTFT: 880.9 ms | Tokens: 1024 | Speed: 10.49 t/s | Latency: 98.52s
    [Req 096] Success | TTFT: 911.3 ms | Tokens: 1024 | Speed: 10.49 t/s | Latency: 98.53s
    [Req 125] Success | TTFT: 896.4 ms | Tokens: 1024 | Speed: 10.49 t/s | Latency: 98.52s
    [Req 113] Success | TTFT: 890.5 ms | Tokens: 1024 | Speed: 10.49 t/s | Latency: 98.52s
    [Req 143] Success | TTFT: 876.8 ms | Tokens: 1024 | Speed: 10.49 t/s | Latency: 98.51s
    [Req 146] Success | TTFT: 870.0 ms | Tokens: 1024 | Speed: 10.49 t/s | Latency: 98.51s
    [Req 104] Success | TTFT: 908.5 ms | Tokens: 1024 | Speed: 10.49 t/s | Latency: 98.53s
    [Req 110] Success | TTFT: 898.0 ms | Tokens: 1024 | Speed: 10.49 t/s | Latency: 98.53s
    [Req 109] Success | TTFT: 903.6 ms | Tokens: 1024 | Speed: 10.49 t/s | Latency: 98.53s
    [Req 106] Success | TTFT: 887.5 ms | Tokens: 1024 | Speed: 10.49 t/s | Latency: 98.53s
    [Req 099] Success | TTFT: 885.1 ms | Tokens: 1024 | Speed: 10.49 t/s | Latency: 98.53s
    [Req 144] Success | TTFT: 892.2 ms | Tokens: 1024 | Speed: 10.49 t/s | Latency: 98.52s
    [Req 070] Success | TTFT: 874.7 ms | Tokens: 1024 | Speed: 10.48 t/s | Latency: 98.55s
    [Req 103] Success | TTFT: 893.2 ms | Tokens: 1024 | Speed: 10.49 t/s | Latency: 98.53s
    [Req 147] Success | TTFT: 864.1 ms | Tokens: 1024 | Speed: 10.49 t/s | Latency: 98.52s
    [Req 098] Success | TTFT: 891.0 ms | Tokens: 1024 | Speed: 10.49 t/s | Latency: 98.54s
    [Req 152] Success | TTFT: 873.4 ms | Tokens: 1024 | Speed: 10.49 t/s | Latency: 98.52s
    [Req 170] Success | TTFT: 987.3 ms | Tokens: 1024 | Speed: 10.5 t/s | Latency: 98.51s
    [Req 137] Success | TTFT: 874.1 ms | Tokens: 1024 | Speed: 10.49 t/s | Latency: 98.53s
    [Req 180] Success | TTFT: 984.7 ms | Tokens: 1024 | Speed: 10.5 t/s | Latency: 98.51s
    [Req 185] Success | TTFT: 972.5 ms | Tokens: 1024 | Speed: 10.5 t/s | Latency: 98.51s    [Req 154] Success | TTFT: 992.4 ms | Tokens: 1024 | Speed: 10.5 t/s | Latency: 98.52s
    [Req 178] Success | TTFT: 978.2 ms | Tokens: 1024 | Speed: 10.5 t/s | Latency: 98.51s    [Req 202] Success | TTFT: 969.5 ms | Tokens: 1024 | Speed: 10.5 t/s | Latency: 98.50s
    [Req 136] Success | TTFT: 896.1 ms | Tokens: 1024 | Speed: 10.49 t/s | Latency: 98.53s
    [Req 169] Success | TTFT: 979.8 ms | Tokens: 1024 | Speed: 10.5 t/s | Latency: 98.52s
    [Req 187] Success | TTFT: 972.7 ms | Tokens: 1024 | Speed: 10.5 t/s | Latency: 98.51s
    [Req 156] Success | TTFT: 999.1 ms | Tokens: 1024 | Speed: 10.5 t/s | Latency: 98.53s
    [Req 201] Success | TTFT: 964.7 ms | Tokens: 1024 | Speed: 10.5 t/s | Latency: 98.51s

    [Req 191] Success | TTFT: 982.5 ms | Tokens: 1024 | Speed: 10.5 t/s | Latency: 98.52s    [Req 163] Success | TTFT: 986.8 ms | Tokens: 1024 | Speed: 10.5 t/s | Latency: 98.53s
    [Req 158] Success | TTFT: 991.8 ms | Tokens: 1024 | Speed: 10.5 t/s | Latency: 98.53s
    [Req 107] Success | TTFT: 882.3 ms | Tokens: 1024 | Speed: 10.48 t/s | Latency: 98.55s
    [Req 173] Success | TTFT: 986.7 ms | Tokens: 1024 | Speed: 10.5 t/s | Latency: 98.53s
    [Req 166] Success | TTFT: 992.9 ms | Tokens: 1024 | Speed: 10.5 t/s | Latency: 98.53s

    [Req 118] Success | TTFT: 887.9 ms | Tokens: 1024 | Speed: 10.48 t/s | Latency: 98.55s
    [Req 182] Success | TTFT: 981.4 ms | Tokens: 1024 | Speed: 10.5 t/s | Latency: 98.53s
    [Req 151] Success | TTFT: 992.6 ms | Tokens: 1024 | Speed: 10.5 t/s | Latency: 98.54s
    [Req 128] Success | TTFT: 898.1 ms | Tokens: 1024 | Speed: 10.49 t/s | Latency: 98.55s
    [Req 199] Success | TTFT: 980.5 ms | Tokens: 1024 | Speed: 10.5 t/s | Latency: 98.52s
    [Req 175] Success | TTFT: 984.1 ms | Tokens: 1024 | Speed: 10.5 t/s | Latency: 98.54s
    [Req 195] Success | TTFT: 980.8 ms | Tokens: 1024 | Speed: 10.5 t/s | Latency: 98.53s
    [Req 189] Success | TTFT: 980.7 ms | Tokens: 1024 | Speed: 10.5 t/s | Latency: 98.53s
    [Req 184] Success | TTFT: 981.9 ms | Tokens: 1024 | Speed: 10.5 t/s | Latency: 98.53s

    [Req 203] Success | TTFT: 966.2 ms | Tokens: 1024 | Speed: 10.5 t/s | Latency: 98.53s
    [Req 198] Success | TTFT: 973.9 ms | Tokens: 1024 | Speed: 10.5 t/s | Latency: 98.53s
    [Req 120] Success | TTFT: 901.8 ms | Tokens: 1024 | Speed: 10.49 t/s | Latency: 98.56s
    [Req 091] Success | TTFT: 867.2 ms | Tokens: 1024 | Speed: 10.48 t/s | Latency: 98.58s
    [Req 159] Success | TTFT: 997.7 ms | Tokens: 1024 | Speed: 10.5 t/s | Latency: 98.55s
    [Req 183] Success | TTFT: 985.0 ms | Tokens: 1024 | Speed: 10.5 t/s | Latency: 98.54s
    [Req 127] Success | TTFT: 883.8 ms | Tokens: 1024 | Speed: 10.48 t/s | Latency: 98.56s
    [Req 181] Success | TTFT: 982.7 ms | Tokens: 1024 | Speed: 10.5 t/s | Latency: 98.54s
    [Req 164] Success | TTFT: 992.9 ms | Tokens: 1024 | Speed: 10.5 t/s | Latency: 98.55s
    [Req 192] Success | TTFT: 974.1 ms | Tokens: 1024 | Speed: 10.5 t/s | Latency: 98.54s
    [Req 171] Success | TTFT: 981.1 ms | Tokens: 1024 | Speed: 10.5 t/s | Latency: 98.55s
    [Req 155] Success | TTFT: 987.3 ms | Tokens: 1024 | Speed: 10.49 t/s | Latency: 98.56s
    [Req 165] Success | TTFT: 993.3 ms | Tokens: 1024 | Speed: 10.5 t/s | Latency: 98.56s
    [Req 111] Success | TTFT: 905.9 ms | Tokens: 1024 | Speed: 10.48 t/s | Latency: 98.58s
    [Req 200] Success | TTFT: 972.6 ms | Tokens: 1024 | Speed: 10.5 t/s | Latency: 98.54s
    [Req 207] Success | TTFT: 976.6 ms | Tokens: 1024 | Speed: 10.5 t/s | Latency: 98.54s
    [Req 179] Success | TTFT: 976.4 ms | Tokens: 1024 | Speed: 10.49 t/s | Latency: 98.55s    [Req 172] Success | TTFT: 990.8 ms | Tokens: 1024 | Speed: 10.5 t/s | Latency: 98.56s
    [Req 205] Success | TTFT: 972.9 ms | Tokens: 1024 | Speed: 10.5 t/s | Latency: 98.54s
    [Req 160] Success | TTFT: 990.3 ms | Tokens: 1024 | Speed: 10.49 t/s | Latency: 98.56s
    [Req 174] Success | TTFT: 989.5 ms | Tokens: 1024 | Speed: 10.5 t/s | Latency: 98.56s
    [Req 196] Success | TTFT: 968.6 ms | Tokens: 1024 | Speed: 10.49 t/s | Latency: 98.55s
    [Req 177] Success | TTFT: 975.9 ms | Tokens: 1024 | Speed: 10.49 t/s | Latency: 98.56s
    [Req 186] Success | TTFT: 974.3 ms | Tokens: 1024 | Speed: 10.49 t/s | Latency: 98.56s
    [Req 208] Success | TTFT: 1041.3 ms | Tokens: 1024 | Speed: 10.5 t/s | Latency: 98.55s
    [Req 212] Success | TTFT: 1035.2 ms | Tokens: 1024 | Speed: 10.5 t/s | Latency: 98.55s
    [Req 167] Success | TTFT: 990.5 ms | Tokens: 1024 | Speed: 10.49 t/s | Latency: 98.57s
    [Req 157] Success | TTFT: 993.4 ms | Tokens: 1024 | Speed: 10.49 t/s | Latency: 98.57s
    [Req 210] Success | TTFT: 1038.2 ms | Tokens: 1024 | Speed: 10.5 t/s | Latency: 98.55s
    [Req 206] Success | TTFT: 977.6 ms | Tokens: 1024 | Speed: 10.49 t/s | Latency: 98.55s
    [Req 204] Success | TTFT: 975.0 ms | Tokens: 1024 | Speed: 10.49 t/s | Latency: 98.55s
    [Req 161] Success | TTFT: 986.4 ms | Tokens: 1024 | Speed: 10.49 t/s | Latency: 98.57s
    [Req 209] Success | TTFT: 1042.6 ms | Tokens: 1024 | Speed: 10.5 t/s | Latency: 98.55s
    [Req 176] Success | TTFT: 981.9 ms | Tokens: 1024 | Speed: 10.49 t/s | Latency: 98.57s
    [Req 162] Success | TTFT: 988.9 ms | Tokens: 1024 | Speed: 10.49 t/s | Latency: 98.58s

    [Req 214] Success | TTFT: 1036.0 ms | Tokens: 1024 | Speed: 10.5 t/s | Latency: 98.56s
    [Req 190] Success | TTFT: 978.4 ms | Tokens: 1024 | Speed: 10.49 t/s | Latency: 98.57s
    [Req 197] Success | TTFT: 974.7 ms | Tokens: 1024 | Speed: 10.49 t/s | Latency: 98.56s
    [Req 235] Success | TTFT: 1273.7 ms | Tokens: 1024 | Speed: 10.53 t/s | Latency: 98.57s
    [Req 226] Success | TTFT: 1273.3 ms | Tokens: 1024 | Speed: 10.52 t/s | Latency: 98.57s
    [Req 218] Success | TTFT: 1281.5 ms | Tokens: 1024 | Speed: 10.52 t/s | Latency: 98.57s
    [Req 253] Success | TTFT: 1271.9 ms | Tokens: 1024 | Speed: 10.53 t/s | Latency: 98.56s
    [Req 239] Success | TTFT: 1279.8 ms | Tokens: 1024 | Speed: 10.53 t/s | Latency: 98.57s
    [Req 250] Success | TTFT: 1267.4 ms | Tokens: 1024 | Speed: 10.52 t/s | Latency: 98.57s
    [Req 241] Success | TTFT: 1267.6 ms | Tokens: 1024 | Speed: 10.52 t/s | Latency: 98.57s
    [Req 217] Success | TTFT: 1277.3 ms | Tokens: 1024 | Speed: 10.52 t/s | Latency: 98.58s
    [Req 256] Success | TTFT: 1276.9 ms | Tokens: 1024 | Speed: 10.53 t/s | Latency: 98.57s
    [Req 243] Success | TTFT: 1274.7 ms | Tokens: 1024 | Speed: 10.52 t/s | Latency: 98.57s
    [Req 242] Success | TTFT: 1271.1 ms | Tokens: 1024 | Speed: 10.52 t/s | Latency: 98.58s
    [Req 245] Success | TTFT: 1273.7 ms | Tokens: 1024 | Speed: 10.52 t/s | Latency: 98.58s    [Req 238] Success | TTFT: 1279.7 ms | Tokens: 1024 | Speed: 10.52 t/s | Latency: 98.58s
    [Req 252] Success | TTFT: 1270.1 ms | Tokens: 1024 | Speed: 10.52 t/s | Latency: 98.57s
    [Req 251] Success | TTFT: 1268.5 ms | Tokens: 1024 | Speed: 10.52 t/s | Latency: 98.58s

    [Req 247] Success | TTFT: 1279.1 ms | Tokens: 1024 | Speed: 10.52 t/s | Latency: 98.58s
    [Req 230] Success | TTFT: 1286.5 ms | Tokens: 1024 | Speed: 10.52 t/s | Latency: 98.59s
    [Req 219] Success | TTFT: 1278.6 ms | Tokens: 1024 | Speed: 10.52 t/s | Latency: 98.59s
    [Req 254] Success | TTFT: 1274.8 ms | Tokens: 1024 | Speed: 10.52 t/s | Latency: 98.58s
    [Req 231] Success | TTFT: 1284.5 ms | Tokens: 1024 | Speed: 10.52 t/s | Latency: 98.59s
    [Req 248] Success | TTFT: 1277.7 ms | Tokens: 1024 | Speed: 10.52 t/s | Latency: 98.58s
    [Req 220] Success | TTFT: 1285.6 ms | Tokens: 1024 | Speed: 10.52 t/s | Latency: 98.60s
    [Req 249] Success | TTFT: 1265.6 ms | Tokens: 1024 | Speed: 10.52 t/s | Latency: 98.59s
    [Req 233] Success | TTFT: 1277.7 ms | Tokens: 1024 | Speed: 10.52 t/s | Latency: 98.59s
    [Req 216] Success | TTFT: 1290.7 ms | Tokens: 1024 | Speed: 10.52 t/s | Latency: 98.60s
    [Req 234] Success | TTFT: 1270.4 ms | Tokens: 1024 | Speed: 10.52 t/s | Latency: 98.59s
    [Req 228] Success | TTFT: 1278.6 ms | Tokens: 1024 | Speed: 10.52 t/s | Latency: 98.60s
    [Req 221] Success | TTFT: 1283.1 ms | Tokens: 1024 | Speed: 10.52 t/s | Latency: 98.60s
    [Req 232] Success | TTFT: 1284.0 ms | Tokens: 1024 | Speed: 10.52 t/s | Latency: 98.60s
    [Req 223] Success | TTFT: 1290.4 ms | Tokens: 1024 | Speed: 10.52 t/s | Latency: 98.60s
    [Req 227] Success | TTFT: 1275.2 ms | Tokens: 1024 | Speed: 10.52 t/s | Latency: 98.60s
    [Req 224] Success | TTFT: 1289.0 ms | Tokens: 1024 | Speed: 10.52 t/s | Latency: 98.60s
    [Req 237] Success | TTFT: 1281.6 ms | Tokens: 1024 | Speed: 10.52 t/s | Latency: 98.60s
    [Req 222] Success | TTFT: 1286.2 ms | Tokens: 1024 | Speed: 10.52 t/s | Latency: 98.61s
    [Req 240] Success | TTFT: 1281.7 ms | Tokens: 1024 | Speed: 10.52 t/s | Latency: 98.60s
    [Req 255] Success | TTFT: 1277.0 ms | Tokens: 1024 | Speed: 10.52 t/s | Latency: 98.60s
    [Req 229] Success | TTFT: 1279.6 ms | Tokens: 1024 | Speed: 10.52 t/s | Latency: 98.61s
    [Req 236] Success | TTFT: 1273.0 ms | Tokens: 1024 | Speed: 10.52 t/s | Latency: 98.60s
    [Req 225] Success | TTFT: 1282.9 ms | Tokens: 1024 | Speed: 10.52 t/s | Latency: 98.61s
    [Req 246] Success | TTFT: 1275.1 ms | Tokens: 1024 | Speed: 10.52 t/s | Latency: 98.60s
    [Req 244] Success | TTFT: 1268.4 ms | Tokens: 1024 | Speed: 10.52 t/s | Latency: 98.60s
  ✨ Done C=256 | Tok/s: 2622.99 | Req/s:  2.59 | TTFT:  940.8ms | Stream: 10.49 t/s | Latency: 97.32s

▶️  [Concurrency 512] Running 512 requests...
    [Req 512] Success | TTFT: 2016.8 ms | Tokens: 274 | Speed: 9.55 t/s | Latency: 30.70s
    [Req 404] Success | TTFT: 1743.4 ms | Tokens: 765 | Speed: 9.43 t/s | Latency: 82.90s
    [Req 160] Success | TTFT: 1008.3 ms | Tokens: 863 | Speed: 9.36 t/s | Latency: 93.24s
    [Req 438] Success | TTFT: 1943.1 ms | Tokens: 878 | Speed: 9.44 t/s | Latency: 94.99s
    [Req 403] Success | TTFT: 1732.0 ms | Tokens: 910 | Speed: 9.42 t/s | Latency: 98.36s
    [Req 006] Success | TTFT: 217.0 ms | Tokens: 917 | Speed: 9.3 t/s | Latency: 98.85s
    [Req 073] Success | TTFT: 650.3 ms | Tokens: 918 | Speed: 9.33 t/s | Latency: 99.04s
    [Req 049] Success | TTFT: 441.0 ms | Tokens: 920 | Speed: 9.31 t/s | Latency: 99.21s
    [Req 444] Success | TTFT: 1942.5 ms | Tokens: 936 | Speed: 9.43 t/s | Latency: 101.18s
    [Req 395] Success | TTFT: 1736.0 ms | Tokens: 938 | Speed: 9.42 t/s | Latency: 101.36s
    [Req 023] Success | TTFT: 447.0 ms | Tokens: 948 | Speed: 9.32 t/s | Latency: 102.21s
    [Req 462] Success | TTFT: 1936.0 ms | Tokens: 951 | Speed: 9.43 t/s | Latency: 102.77s
    [Req 055] Success | TTFT: 645.4 ms | Tokens: 964 | Speed: 9.33 t/s | Latency: 103.94s
    [Req 072] Success | TTFT: 627.2 ms | Tokens: 965 | Speed: 9.33 t/s | Latency: 104.04s
    [Req 118] Success | TTFT: 837.7 ms | Tokens: 969 | Speed: 9.35 t/s | Latency: 104.50s
    [Req 093] Success | TTFT: 654.0 ms | Tokens: 971 | Speed: 9.33 t/s | Latency: 104.67s
    [Req 137] Success | TTFT: 818.0 ms | Tokens: 976 | Speed: 9.35 t/s | Latency: 105.24s
    [Req 263] Success | TTFT: 1171.4 ms | Tokens: 980 | Speed: 9.37 t/s | Latency: 105.72s
    [Req 223] Success | TTFT: 1195.3 ms | Tokens: 985 | Speed: 9.38 t/s | Latency: 106.26s
    [Req 141] Success | TTFT: 811.1 ms | Tokens: 988 | Speed: 9.35 t/s | Latency: 106.51s
    [Req 194] Success | TTFT: 983.6 ms | Tokens: 991 | Speed: 9.36 t/s | Latency: 106.86s
    [Req 034] Success | TTFT: 452.7 ms | Tokens: 993 | Speed: 9.32 t/s | Latency: 106.98s
    [Req 466] Success | TTFT: 1924.3 ms | Tokens: 989 | Speed: 9.43 t/s | Latency: 106.80s
    [Req 102] Success | TTFT: 843.9 ms | Tokens: 995 | Speed: 9.35 t/s | Latency: 107.27s
    [Req 419] Success | TTFT: 1725.3 ms | Tokens: 993 | Speed: 9.42 t/s | Latency: 107.18s
    [Req 098] Success | TTFT: 611.4 ms | Tokens: 996 | Speed: 9.33 t/s | Latency: 107.32s
    [Req 298] Success | TTFT: 1369.6 ms | Tokens: 995 | Speed: 9.39 t/s | Latency: 107.34s
    [Req 250] Success | TTFT: 1170.9 ms | Tokens: 1001 | Speed: 9.37 t/s | Latency: 107.95s
    [Req 069] Success | TTFT: 668.3 ms | Tokens: 1006 | Speed: 9.34 t/s | Latency: 108.40s
    [Req 236] Success | TTFT: 1173.8 ms | Tokens: 1009 | Speed: 9.37 t/s | Latency: 108.80s
    [Req 022] Success | TTFT: 442.2 ms | Tokens: 1022 | Speed: 9.32 t/s | Latency: 110.06s
    [Req 003] Success | TTFT: 142.0 ms | Tokens: 1024 | Speed: 9.32 t/s | Latency: 110.07s
    [Req 010] Success | TTFT: 223.9 ms | Tokens: 1024 | Speed: 9.32 t/s | Latency: 110.10s    [Req 007] Success | TTFT: 229.0 ms | Tokens: 1024 | Speed: 9.32 t/s | Latency: 110.11s    [Req 002] Success | TTFT: 214.3 ms | Tokens: 1024 | Speed: 9.32 t/s | Latency: 110.11s


    [Req 001] Success | TTFT: 209.2 ms | Tokens: 1024 | Speed: 9.32 t/s | Latency: 110.12s    [Req 009] Success | TTFT: 221.4 ms | Tokens: 1024 | Speed: 9.32 t/s | Latency: 110.12s
    [Req 008] Success | TTFT: 233.0 ms | Tokens: 1024 | Speed: 9.32 t/s | Latency: 110.12s

    [Req 004] Success | TTFT: 238.5 ms | Tokens: 1024 | Speed: 9.32 t/s | Latency: 110.12s
    [Req 017] Success | TTFT: 232.9 ms | Tokens: 1024 | Speed: 9.32 t/s | Latency: 110.12s
    [Req 042] Success | TTFT: 444.2 ms | Tokens: 1024 | Speed: 9.33 t/s | Latency: 110.14s
    [Req 025] Success | TTFT: 451.3 ms | Tokens: 1024 | Speed: 9.33 t/s | Latency: 110.15s
    [Req 046] Success | TTFT: 432.9 ms | Tokens: 1024 | Speed: 9.33 t/s | Latency: 110.15s
    [Req 030] Success | TTFT: 438.2 ms | Tokens: 1024 | Speed: 9.33 t/s | Latency: 110.15s    [Req 016] Success | TTFT: 450.3 ms | Tokens: 1024 | Speed: 9.33 t/s | Latency: 110.16s
    [Req 026] Success | TTFT: 455.5 ms | Tokens: 1024 | Speed: 9.33 t/s | Latency: 110.16s

    [Req 048] Success | TTFT: 467.8 ms | Tokens: 1024 | Speed: 9.34 t/s | Latency: 110.15s
    [Req 050] Success | TTFT: 446.5 ms | Tokens: 1024 | Speed: 9.33 t/s | Latency: 110.15s
    [Req 014] Success | TTFT: 446.2 ms | Tokens: 1024 | Speed: 9.33 t/s | Latency: 110.17s
    [Req 028] Success | TTFT: 466.2 ms | Tokens: 1024 | Speed: 9.33 t/s | Latency: 110.17s
    [Req 043] Success | TTFT: 465.1 ms | Tokens: 1024 | Speed: 9.33 t/s | Latency: 110.16s
    [Req 033] Success | TTFT: 447.1 ms | Tokens: 1024 | Speed: 9.33 t/s | Latency: 110.17s    [Req 031] Success | TTFT: 443.3 ms | Tokens: 1024 | Speed: 9.33 t/s | Latency: 110.17s
    [Req 039] Success | TTFT: 439.8 ms | Tokens: 1024 | Speed: 9.33 t/s | Latency: 110.17s

    [Req 032] Success | TTFT: 473.8 ms | Tokens: 1024 | Speed: 9.33 t/s | Latency: 110.17s
    [Req 029] Success | TTFT: 470.1 ms | Tokens: 1024 | Speed: 9.33 t/s | Latency: 110.18s
    [Req 005] Success | TTFT: 481.0 ms | Tokens: 1024 | Speed: 9.33 t/s | Latency: 110.19s
    [Req 041] Success | TTFT: 449.7 ms | Tokens: 1024 | Speed: 9.33 t/s | Latency: 110.17s
    [Req 047] Success | TTFT: 437.5 ms | Tokens: 1024 | Speed: 9.33 t/s | Latency: 110.17s
    [Req 045] Success | TTFT: 459.6 ms | Tokens: 1024 | Speed: 9.33 t/s | Latency: 110.17s
    [Req 019] Success | TTFT: 463.9 ms | Tokens: 1024 | Speed: 9.33 t/s | Latency: 110.18s
    [Req 021] Success | TTFT: 474.3 ms | Tokens: 1024 | Speed: 9.33 t/s | Latency: 110.18s
    [Req 051] Success | TTFT: 450.7 ms | Tokens: 1024 | Speed: 9.33 t/s | Latency: 110.17s
    [Req 012] Success | TTFT: 467.1 ms | Tokens: 1024 | Speed: 9.33 t/s | Latency: 110.19s
    [Req 044] Success | TTFT: 453.5 ms | Tokens: 1024 | Speed: 9.33 t/s | Latency: 110.18s
    [Req 011] Success | TTFT: 462.3 ms | Tokens: 1024 | Speed: 9.33 t/s | Latency: 110.19s
    [Req 020] Success | TTFT: 469.0 ms | Tokens: 1024 | Speed: 9.33 t/s | Latency: 110.19s
    [Req 024] Success | TTFT: 477.4 ms | Tokens: 1024 | Speed: 9.33 t/s | Latency: 110.19s
    [Req 027] Success | TTFT: 461.0 ms | Tokens: 1024 | Speed: 9.33 t/s | Latency: 110.19s
    [Req 037] Success | TTFT: 467.5 ms | Tokens: 1024 | Speed: 9.33 t/s | Latency: 110.19s
    [Req 036] Success | TTFT: 463.3 ms | Tokens: 1024 | Speed: 9.33 t/s | Latency: 110.19s
    [Req 018] Success | TTFT: 458.5 ms | Tokens: 1024 | Speed: 9.33 t/s | Latency: 110.20s
    [Req 013] Success | TTFT: 472.6 ms | Tokens: 1024 | Speed: 9.33 t/s | Latency: 110.20s
    [Req 038] Success | TTFT: 435.5 ms | Tokens: 1024 | Speed: 9.33 t/s | Latency: 110.19s
    [Req 040] Success | TTFT: 471.4 ms | Tokens: 1024 | Speed: 9.33 t/s | Latency: 110.19s
    [Req 015] Success | TTFT: 481.5 ms | Tokens: 1024 | Speed: 9.33 t/s | Latency: 110.20s
    [Req 035] Success | TTFT: 457.3 ms | Tokens: 1024 | Speed: 9.33 t/s | Latency: 110.20s
    [Req 081] Success | TTFT: 619.1 ms | Tokens: 1024 | Speed: 9.35 t/s | Latency: 110.18s
    [Req 058] Success | TTFT: 632.7 ms | Tokens: 1024 | Speed: 9.35 t/s | Latency: 110.19s
    [Req 090] Success | TTFT: 614.5 ms | Tokens: 1024 | Speed: 9.35 t/s | Latency: 110.18s
    [Req 097] Success | TTFT: 616.9 ms | Tokens: 1024 | Speed: 9.35 t/s | Latency: 110.17s    [Req 057] Success | TTFT: 638.5 ms | Tokens: 1024 | Speed: 9.35 t/s | Latency: 110.20s
    [Req 085] Success | TTFT: 622.5 ms | Tokens: 1024 | Speed: 9.35 t/s | Latency: 110.18s
    [Req 082] Success | TTFT: 623.1 ms | Tokens: 1024 | Speed: 9.35 t/s | Latency: 110.18s
    [Req 077] Success | TTFT: 661.2 ms | Tokens: 1024 | Speed: 9.35 t/s | Latency: 110.19s
    [Req 074] Success | TTFT: 622.3 ms | Tokens: 1024 | Speed: 9.35 t/s | Latency: 110.19s
    [Req 066] Success | TTFT: 634.6 ms | Tokens: 1024 | Speed: 9.35 t/s | Latency: 110.20s
    [Req 086] Success | TTFT: 657.8 ms | Tokens: 1024 | Speed: 9.35 t/s | Latency: 110.19s
    [Req 065] Success | TTFT: 629.6 ms | Tokens: 1024 | Speed: 9.35 t/s | Latency: 110.20s
    [Req 056] Success | TTFT: 662.0 ms | Tokens: 1024 | Speed: 9.35 t/s | Latency: 110.21s    [Req 101] Success | TTFT: 652.0 ms | Tokens: 1024 | Speed: 9.35 t/s | Latency: 110.19s    [Req 084] Success | TTFT: 640.5 ms | Tokens: 1024 | Speed: 9.35 t/s | Latency: 110.20s
    [Req 068] Success | TTFT: 663.5 ms | Tokens: 1024 | Speed: 9.35 t/s | Latency: 110.21s

    [Req 064] Success | TTFT: 658.8 ms | Tokens: 1024 | Speed: 9.35 t/s | Latency: 110.21s
    [Req 054] Success | TTFT: 651.6 ms | Tokens: 1024 | Speed: 9.35 t/s | Latency: 110.22s
    [Req 053] Success | TTFT: 669.5 ms | Tokens: 1024 | Speed: 9.35 t/s | Latency: 110.22s


    [Req 059] Success | TTFT: 654.7 ms | Tokens: 1024 | Speed: 9.35 t/s | Latency: 110.22s
    [Req 061] Success | TTFT: 672.0 ms | Tokens: 1024 | Speed: 9.35 t/s | Latency: 110.22s
    [Req 052] Success | TTFT: 675.5 ms | Tokens: 1024 | Speed: 9.35 t/s | Latency: 110.22s
    [Req 071] Success | TTFT: 639.2 ms | Tokens: 1024 | Speed: 9.34 t/s | Latency: 110.22s
    [Req 076] Success | TTFT: 656.7 ms | Tokens: 1024 | Speed: 9.35 t/s | Latency: 110.21s
    [Req 087] Success | TTFT: 633.3 ms | Tokens: 1024 | Speed: 9.35 t/s | Latency: 110.21s
    [Req 079] Success | TTFT: 630.7 ms | Tokens: 1024 | Speed: 9.34 t/s | Latency: 110.21s
    [Req 089] Success | TTFT: 643.9 ms | Tokens: 1024 | Speed: 9.35 t/s | Latency: 110.21s
    [Req 062] Success | TTFT: 648.3 ms | Tokens: 1024 | Speed: 9.34 t/s | Latency: 110.23s
    [Req 091] Success | TTFT: 636.6 ms | Tokens: 1024 | Speed: 9.35 t/s | Latency: 110.21s
    [Req 096] Success | TTFT: 624.6 ms | Tokens: 1024 | Speed: 9.34 t/s | Latency: 110.21s
    [Req 080] Success | TTFT: 648.0 ms | Tokens: 1024 | Speed: 9.35 t/s | Latency: 110.22s
    [Req 070] Success | TTFT: 644.7 ms | Tokens: 1024 | Speed: 9.34 t/s | Latency: 110.23s
    [Req 099] Success | TTFT: 634.2 ms | Tokens: 1024 | Speed: 9.35 t/s | Latency: 110.21s
    [Req 088] Success | TTFT: 627.8 ms | Tokens: 1024 | Speed: 9.34 t/s | Latency: 110.22s
    [Req 100] Success | TTFT: 646.2 ms | Tokens: 1024 | Speed: 9.35 t/s | Latency: 110.21s
    [Req 078] Success | TTFT: 637.3 ms | Tokens: 1024 | Speed: 9.34 t/s | Latency: 110.22s
    [Req 075] Success | TTFT: 643.7 ms | Tokens: 1024 | Speed: 9.34 t/s | Latency: 110.22s
    [Req 063] Success | TTFT: 642.6 ms | Tokens: 1024 | Speed: 9.34 t/s | Latency: 110.23s
    [Req 067] Success | TTFT: 652.0 ms | Tokens: 1024 | Speed: 9.34 t/s | Latency: 110.23s
    [Req 095] Success | TTFT: 642.1 ms | Tokens: 1024 | Speed: 9.35 t/s | Latency: 110.22s
    [Req 083] Success | TTFT: 653.1 ms | Tokens: 1024 | Speed: 9.35 t/s | Latency: 110.22s
    [Req 094] Success | TTFT: 629.9 ms | Tokens: 1024 | Speed: 9.34 t/s | Latency: 110.22s
    [Req 150] Success | TTFT: 824.8 ms | Tokens: 1024 | Speed: 9.36 t/s | Latency: 110.20s
    [Req 092] Success | TTFT: 649.5 ms | Tokens: 1024 | Speed: 9.35 t/s | Latency: 110.22s
    [Req 110] Success | TTFT: 840.5 ms | Tokens: 1024 | Speed: 9.36 t/s | Latency: 110.22s
    [Req 142] Success | TTFT: 827.2 ms | Tokens: 1024 | Speed: 9.36 t/s | Latency: 110.21s
    [Req 125] Success | TTFT: 817.8 ms | Tokens: 1024 | Speed: 9.36 t/s | Latency: 110.22s    [Req 119] Success | TTFT: 819.9 ms | Tokens: 1024 | Speed: 9.36 t/s | Latency: 110.22s
    [Req 113] Success | TTFT: 828.6 ms | Tokens: 1024 | Speed: 9.36 t/s | Latency: 110.22s    [Req 132] Success | TTFT: 825.9 ms | Tokens: 1024 | Speed: 9.36 t/s | Latency: 110.22s
    [Req 148] Success | TTFT: 807.8 ms | Tokens: 1024 | Speed: 9.36 t/s | Latency: 110.21s
    [Req 127] Success | TTFT: 834.1 ms | Tokens: 1024 | Speed: 9.36 t/s | Latency: 110.22s
    [Req 122] Success | TTFT: 813.0 ms | Tokens: 1024 | Speed: 9.36 t/s | Latency: 110.23s
    [Req 135] Success | TTFT: 830.5 ms | Tokens: 1024 | Speed: 9.36 t/s | Latency: 110.22s
    [Req 133] Success | TTFT: 814.7 ms | Tokens: 1024 | Speed: 9.36 t/s | Latency: 110.22s
    [Req 156] Success | TTFT: 804.4 ms | Tokens: 1024 | Speed: 9.36 t/s | Latency: 110.21s
    [Req 120] Success | TTFT: 825.8 ms | Tokens: 1024 | Speed: 9.36 t/s | Latency: 110.23s
    [Req 147] Success | TTFT: 820.2 ms | Tokens: 1024 | Speed: 9.36 t/s | Latency: 110.22s    [Req 109] Success | TTFT: 847.6 ms | Tokens: 1024 | Speed: 9.36 t/s | Latency: 110.24s
    [Req 153] Success | TTFT: 810.9 ms | Tokens: 1024 | Speed: 9.36 t/s | Latency: 110.22s
    [Req 143] Success | TTFT: 837.8 ms | Tokens: 1024 | Speed: 9.36 t/s | Latency: 110.23s
    [Req 155] Success | TTFT: 816.6 ms | Tokens: 1024 | Speed: 9.36 t/s | Latency: 110.22s
    [Req 060] Success | TTFT: 667.6 ms | Tokens: 1024 | Speed: 9.34 t/s | Latency: 110.27s
    [Req 154] Success | TTFT: 799.9 ms | Tokens: 1024 | Speed: 9.36 t/s | Latency: 110.23s
    [Req 126] Success | TTFT: 845.9 ms | Tokens: 1024 | Speed: 9.36 t/s | Latency: 110.24s

    [Req 107] Success | TTFT: 825.7 ms | Tokens: 1024 | Speed: 9.36 t/s | Latency: 110.25s
    [Req 116] Success | TTFT: 844.3 ms | Tokens: 1024 | Speed: 9.36 t/s | Latency: 110.25s
    [Req 145] Success | TTFT: 814.7 ms | Tokens: 1024 | Speed: 9.36 t/s | Latency: 110.24s
    [Req 134] Success | TTFT: 841.8 ms | Tokens: 1024 | Speed: 9.36 t/s | Latency: 110.24s
    [Req 124] Success | TTFT: 840.2 ms | Tokens: 1024 | Speed: 9.36 t/s | Latency: 110.25s
    [Req 131] Success | TTFT: 837.6 ms | Tokens: 1024 | Speed: 9.36 t/s | Latency: 110.25s
    [Req 106] Success | TTFT: 831.8 ms | Tokens: 1024 | Speed: 9.36 t/s | Latency: 110.26s
    [Req 103] Success | TTFT: 854.5 ms | Tokens: 1024 | Speed: 9.36 t/s | Latency: 110.26s

    [Req 149] Success | TTFT: 830.8 ms | Tokens: 1024 | Speed: 9.36 t/s | Latency: 110.24s
    [Req 144] Success | TTFT: 844.1 ms | Tokens: 1024 | Speed: 9.36 t/s | Latency: 110.24s
    [Req 128] Success | TTFT: 822.7 ms | Tokens: 1024 | Speed: 9.36 t/s | Latency: 110.25s
    [Req 130] Success | TTFT: 809.6 ms | Tokens: 1024 | Speed: 9.36 t/s | Latency: 110.25s

    [Req 111] Success | TTFT: 852.1 ms | Tokens: 1024 | Speed: 9.36 t/s | Latency: 110.26s
    [Req 157] Success | TTFT: 826.7 ms | Tokens: 1024 | Speed: 9.36 t/s | Latency: 110.24s
    [Req 129] Success | TTFT: 850.9 ms | Tokens: 1024 | Speed: 9.36 t/s | Latency: 110.26s
    [Req 138] Success | TTFT: 806.8 ms | Tokens: 1024 | Speed: 9.36 t/s | Latency: 110.25s
    [Req 105] Success | TTFT: 821.1 ms | Tokens: 1024 | Speed: 9.36 t/s | Latency: 110.27s
    [Req 114] Success | TTFT: 816.5 ms | Tokens: 1024 | Speed: 9.36 t/s | Latency: 110.26s
    [Req 140] Success | TTFT: 822.3 ms | Tokens: 1024 | Speed: 9.36 t/s | Latency: 110.25s
    [Req 121] Success | TTFT: 854.7 ms | Tokens: 1024 | Speed: 9.36 t/s | Latency: 110.26s
    [Req 136] Success | TTFT: 847.1 ms | Tokens: 1024 | Speed: 9.36 t/s | Latency: 110.26s
    [Req 169] Success | TTFT: 996.7 ms | Tokens: 1024 | Speed: 9.37 t/s | Latency: 110.25s
    [Req 139] Success | TTFT: 834.0 ms | Tokens: 1024 | Speed: 9.36 t/s | Latency: 110.26s
    [Req 112] Success | TTFT: 857.1 ms | Tokens: 1024 | Speed: 9.36 t/s | Latency: 110.27s
    [Req 146] Success | TTFT: 803.6 ms | Tokens: 1024 | Speed: 9.36 t/s | Latency: 110.26s    [Req 151] Success | TTFT: 834.3 ms | Tokens: 1024 | Speed: 9.36 t/s | Latency: 110.26s
    [Req 173] Success | TTFT: 993.3 ms | Tokens: 1024 | Speed: 9.37 t/s | Latency: 110.25s    [Req 196] Success | TTFT: 988.0 ms | Tokens: 1024 | Speed: 9.37 t/s | Latency: 110.24s
    [Req 203] Success | TTFT: 980.9 ms | Tokens: 1024 | Speed: 9.37 t/s | Latency: 110.24s

    [Req 210] Success | TTFT: 978.7 ms | Tokens: 1024 | Speed: 9.37 t/s | Latency: 110.24s
    [Req 162] Success | TTFT: 1005.5 ms | Tokens: 1024 | Speed: 9.37 t/s | Latency: 110.26s

    [Req 212] Success | TTFT: 980.0 ms | Tokens: 1024 | Speed: 9.37 t/s | Latency: 110.24s
    [Req 176] Success | TTFT: 1001.3 ms | Tokens: 1024 | Speed: 9.37 t/s | Latency: 110.26s
    [Req 193] Success | TTFT: 986.8 ms | Tokens: 1024 | Speed: 9.37 t/s | Latency: 110.25s
    [Req 178] Success | TTFT: 998.0 ms | Tokens: 1024 | Speed: 9.37 t/s | Latency: 110.26s
    [Req 163] Success | TTFT: 996.3 ms | Tokens: 1024 | Speed: 9.37 t/s | Latency: 110.27s    [Req 172] Success | TTFT: 991.5 ms | Tokens: 1024 | Speed: 9.37 t/s | Latency: 110.27s    [Req 117] Success | TTFT: 849.3 ms | Tokens: 1024 | Speed: 9.36 t/s | Latency: 110.29s
    [Req 170] Success | TTFT: 1000.0 ms | Tokens: 1024 | Speed: 9.37 t/s | Latency: 110.27s
    [Req 180] Success | TTFT: 996.7 ms | Tokens: 1024 | Speed: 9.37 t/s | Latency: 110.26s
    [Req 159] Success | TTFT: 1006.8 ms | Tokens: 1024 | Speed: 9.37 t/s | Latency: 110.27s
    [Req 161] Success | TTFT: 999.1 ms | Tokens: 1024 | Speed: 9.37 t/s | Latency: 110.27s
    [Req 199] Success | TTFT: 990.6 ms | Tokens: 1024 | Speed: 9.37 t/s | Latency: 110.26s
    [Req 209] Success | TTFT: 982.4 ms | Tokens: 1024 | Speed: 9.37 t/s | Latency: 110.26s
    [Req 104] Success | TTFT: 861.2 ms | Tokens: 1024 | Speed: 9.36 t/s | Latency: 110.30s
    [Req 181] Success | TTFT: 988.4 ms | Tokens: 1024 | Speed: 9.37 t/s | Latency: 110.27s    [Req 183] Success | TTFT: 999.3 ms | Tokens: 1024 | Speed: 9.37 t/s | Latency: 110.27s
    [Req 186] Success | TTFT: 994.2 ms | Tokens: 1024 | Speed: 9.37 t/s | Latency: 110.27s
    [Req 179] Success | TTFT: 990.6 ms | Tokens: 1024 | Speed: 9.37 t/s | Latency: 110.28s
    [Req 188] Success | TTFT: 987.6 ms | Tokens: 1024 | Speed: 9.37 t/s | Latency: 110.27s
    [Req 165] Success | TTFT: 996.0 ms | Tokens: 1024 | Speed: 9.37 t/s | Latency: 110.28s

    [Req 168] Success | TTFT: 1005.5 ms | Tokens: 1024 | Speed: 9.37 t/s | Latency: 110.28s
    [Req 204] Success | TTFT: 982.9 ms | Tokens: 1024 | Speed: 9.37 t/s | Latency: 110.27s
    [Req 174] Success | TTFT: 1003.6 ms | Tokens: 1024 | Speed: 9.37 t/s | Latency: 110.28s
    [Req 207] Success | TTFT: 985.8 ms | Tokens: 1024 | Speed: 9.37 t/s | Latency: 110.27s

    [Req 177] Success | TTFT: 994.6 ms | Tokens: 1024 | Speed: 9.37 t/s | Latency: 110.28s
    [Req 206] Success | TTFT: 990.7 ms | Tokens: 1024 | Speed: 9.37 t/s | Latency: 110.27s
    [Req 187] Success | TTFT: 992.5 ms | Tokens: 1024 | Speed: 9.37 t/s | Latency: 110.28s
    [Req 182] Success | TTFT: 999.8 ms | Tokens: 1024 | Speed: 9.37 t/s | Latency: 110.28s    [Req 200] Success | TTFT: 989.7 ms | Tokens: 1024 | Speed: 9.37 t/s | Latency: 110.28s
    [Req 201] Success | TTFT: 983.2 ms | Tokens: 1024 | Speed: 9.37 t/s | Latency: 110.28s
    [Req 115] Success | TTFT: 833.3 ms | Tokens: 1024 | Speed: 9.35 t/s | Latency: 110.32s
    [Req 171] Success | TTFT: 997.9 ms | Tokens: 1024 | Speed: 9.37 t/s | Latency: 110.29s
    [Req 152] Success | TTFT: 840.2 ms | Tokens: 1024 | Speed: 9.35 t/s | Latency: 110.30s
    [Req 185] Success | TTFT: 993.3 ms | Tokens: 1024 | Speed: 9.37 t/s | Latency: 110.29s
    [Req 164] Success | TTFT: 1000.4 ms | Tokens: 1024 | Speed: 9.37 t/s | Latency: 110.30s    [Req 198] Success | TTFT: 993.7 ms | Tokens: 1024 | Speed: 9.37 t/s | Latency: 110.29s

    [Req 190] Success | TTFT: 997.7 ms | Tokens: 1024 | Speed: 9.37 t/s | Latency: 110.29s    [Req 226] Success | TTFT: 1180.4 ms | Tokens: 1024 | Speed: 9.39 t/s | Latency: 110.28s
    [Req 123] Success | TTFT: 829.7 ms | Tokens: 1024 | Speed: 9.35 t/s | Latency: 110.32s
    [Req 108] Success | TTFT: 836.8 ms | Tokens: 1024 | Speed: 9.35 t/s | Latency: 110.33s
    [Req 208] Success | TTFT: 990.3 ms | Tokens: 1024 | Speed: 9.37 t/s | Latency: 110.29s    [Req 167] Success | TTFT: 1005.4 ms | Tokens: 1024 | Speed: 9.37 t/s | Latency: 110.31s
    [Req 257] Success | TTFT: 1182.1 ms | Tokens: 1024 | Speed: 9.39 t/s | Latency: 110.27s
    [Req 202] Success | TTFT: 987.0 ms | Tokens: 1024 | Speed: 9.37 t/s | Latency: 110.29s
    [Req 222] Success | TTFT: 1183.9 ms | Tokens: 1024 | Speed: 9.39 t/s | Latency: 110.29s
    [Req 184] Success | TTFT: 995.9 ms | Tokens: 1024 | Speed: 9.37 t/s | Latency: 110.30s

    [Req 245] Success | TTFT: 1186.6 ms | Tokens: 1024 | Speed: 9.39 t/s | Latency: 110.28s

    [Req 191] Success | TTFT: 997.5 ms | Tokens: 1024 | Speed: 9.37 t/s | Latency: 110.31s
    [Req 221] Success | TTFT: 1179.0 ms | Tokens: 1024 | Speed: 9.38 t/s | Latency: 110.29s
    [Req 218] Success | TTFT: 1183.9 ms | Tokens: 1024 | Speed: 9.38 t/s | Latency: 110.30s    [Req 175] Success | TTFT: 1001.6 ms | Tokens: 1024 | Speed: 9.37 t/s | Latency: 110.32s
    [Req 166] Success | TTFT: 1008.2 ms | Tokens: 1024 | Speed: 9.37 t/s | Latency: 110.32s
    [Req 211] Success | TTFT: 980.9 ms | Tokens: 1024 | Speed: 9.37 t/s | Latency: 110.30s
    [Req 228] Success | TTFT: 1190.2 ms | Tokens: 1024 | Speed: 9.39 t/s | Latency: 110.30s
    [Req 265] Success | TTFT: 1178.0 ms | Tokens: 1024 | Speed: 9.39 t/s | Latency: 110.28s
    [Req 248] Success | TTFT: 1179.7 ms | Tokens: 1024 | Speed: 9.38 t/s | Latency: 110.29s
    [Req 215] Success | TTFT: 1192.4 ms | Tokens: 1024 | Speed: 9.38 t/s | Latency: 110.31s
    [Req 255] Success | TTFT: 1174.8 ms | Tokens: 1024 | Speed: 9.38 t/s | Latency: 110.29s
    [Req 252] Success | TTFT: 1180.1 ms | Tokens: 1024 | Speed: 9.38 t/s | Latency: 110.29s
    [Req 195] Success | TTFT: 989.4 ms | Tokens: 1024 | Speed: 9.37 t/s | Latency: 110.32s
    [Req 232] Success | TTFT: 1186.7 ms | Tokens: 1024 | Speed: 9.38 t/s | Latency: 110.30s
    [Req 254] Success | TTFT: 1172.1 ms | Tokens: 1024 | Speed: 9.38 t/s | Latency: 110.29s
    [Req 197] Success | TTFT: 980.9 ms | Tokens: 1024 | Speed: 9.37 t/s | Latency: 110.32s

    [Req 225] Success | TTFT: 1193.6 ms | Tokens: 1024 | Speed: 9.38 t/s | Latency: 110.31s
    [Req 251] Success | TTFT: 1174.7 ms | Tokens: 1024 | Speed: 9.38 t/s | Latency: 110.30s

    [Req 244] Success | TTFT: 1176.2 ms | Tokens: 1024 | Speed: 9.38 t/s | Latency: 110.30s
    [Req 213] Success | TTFT: 973.5 ms | Tokens: 1024 | Speed: 9.36 t/s | Latency: 110.32s
    [Req 266] Success | TTFT: 1164.5 ms | Tokens: 1024 | Speed: 9.38 t/s | Latency: 110.30s
    [Req 233] Success | TTFT: 1190.3 ms | Tokens: 1024 | Speed: 9.38 t/s | Latency: 110.31s
    [Req 240] Success | TTFT: 1184.0 ms | Tokens: 1024 | Speed: 9.38 t/s | Latency: 110.31s

    [Req 158] Success | TTFT: 1010.0 ms | Tokens: 1024 | Speed: 9.37 t/s | Latency: 110.34s
    [Req 261] Success | TTFT: 1164.1 ms | Tokens: 1024 | Speed: 9.38 t/s | Latency: 110.30s    [Req 260] Success | TTFT: 1178.1 ms | Tokens: 1024 | Speed: 9.38 t/s | Latency: 110.30s
    [Req 216] Success | TTFT: 1197.7 ms | Tokens: 1024 | Speed: 9.38 t/s | Latency: 110.32s
    [Req 264] Success | TTFT: 1174.8 ms | Tokens: 1024 | Speed: 9.38 t/s | Latency: 110.30s
    [Req 238] Success | TTFT: 1177.6 ms | Tokens: 1024 | Speed: 9.38 t/s | Latency: 110.32s    [Req 246] Success | TTFT: 1170.2 ms | Tokens: 1024 | Speed: 9.38 t/s | Latency: 110.31s
    [Req 258] Success | TTFT: 1166.7 ms | Tokens: 1024 | Speed: 9.38 t/s | Latency: 110.31s
    [Req 243] Success | TTFT: 1177.2 ms | Tokens: 1024 | Speed: 9.38 t/s | Latency: 110.32s
    [Req 214] Success | TTFT: 1188.1 ms | Tokens: 1024 | Speed: 9.38 t/s | Latency: 110.33s    [Req 269] Success | TTFT: 1160.1 ms | Tokens: 1024 | Speed: 9.38 t/s | Latency: 110.31s

    [Req 192] Success | TTFT: 994.5 ms | Tokens: 1024 | Speed: 9.36 t/s | Latency: 110.34s
    [Req 315] Success | TTFT: 1351.0 ms | Tokens: 1024 | Speed: 9.4 t/s | Latency: 110.29s

    [Req 288] Success | TTFT: 1379.0 ms | Tokens: 1024 | Speed: 9.4 t/s | Latency: 110.31s
    [Req 220] Success | TTFT: 1192.9 ms | Tokens: 1024 | Speed: 9.38 t/s | Latency: 110.34s
    [Req 277] Success | TTFT: 1369.0 ms | Tokens: 1024 | Speed: 9.4 t/s | Latency: 110.31s
    [Req 267] Success | TTFT: 1168.7 ms | Tokens: 1024 | Speed: 9.38 t/s | Latency: 110.32s
    [Req 262] Success | TTFT: 1169.7 ms | Tokens: 1024 | Speed: 9.38 t/s | Latency: 110.32s
    [Req 253] Success | TTFT: 1166.8 ms | Tokens: 1024 | Speed: 9.38 t/s | Latency: 110.33s
    [Req 306] Success | TTFT: 1369.7 ms | Tokens: 1024 | Speed: 9.4 t/s | Latency: 110.30s
    [Req 284] Success | TTFT: 1363.5 ms | Tokens: 1024 | Speed: 9.4 t/s | Latency: 110.31s
    [Req 308] Success | TTFT: 1353.6 ms | Tokens: 1024 | Speed: 9.4 t/s | Latency: 110.31s
    [Req 273] Success | TTFT: 1378.9 ms | Tokens: 1024 | Speed: 9.4 t/s | Latency: 110.32s

    [Req 205] Success | TTFT: 977.8 ms | Tokens: 1024 | Speed: 9.36 t/s | Latency: 110.35s
    [Req 291] Success | TTFT: 1378.2 ms | Tokens: 1024 | Speed: 9.4 t/s | Latency: 110.32s
    [Req 324] Success | TTFT: 1345.8 ms | Tokens: 1024 | Speed: 9.4 t/s | Latency: 110.30s
    [Req 235] Success | TTFT: 1183.4 ms | Tokens: 1024 | Speed: 9.38 t/s | Latency: 110.34s    [Req 281] Success | TTFT: 1379.0 ms | Tokens: 1024 | Speed: 9.4 t/s | Latency: 110.32s    [Req 285] Success | TTFT: 1371.2 ms | Tokens: 1024 | Speed: 9.4 t/s | Latency: 110.32s
    [Req 189] Success | TTFT: 985.1 ms | Tokens: 1024 | Speed: 9.36 t/s | Latency: 110.36s
    [Req 268] Success | TTFT: 1173.5 ms | Tokens: 1024 | Speed: 9.38 t/s | Latency: 110.33s
    [Req 272] Success | TTFT: 1379.0 ms | Tokens: 1024 | Speed: 9.4 t/s | Latency: 110.33s
    [Req 230] Success | TTFT: 1181.4 ms | Tokens: 1024 | Speed: 9.38 t/s | Latency: 110.35s

    [Req 242] Success | TTFT: 1172.7 ms | Tokens: 1024 | Speed: 9.38 t/s | Latency: 110.35s
    [Req 219] Success | TTFT: 1187.8 ms | Tokens: 1024 | Speed: 9.38 t/s | Latency: 110.36s    [Req 256] Success | TTFT: 1177.0 ms | Tokens: 1024 | Speed: 9.38 t/s | Latency: 110.34s
    [Req 317] Success | TTFT: 1352.5 ms | Tokens: 1024 | Speed: 9.4 t/s | Latency: 110.32s    [Req 247] Success | TTFT: 1178.5 ms | Tokens: 1024 | Speed: 9.38 t/s | Latency: 110.35s    [Req 290] Success | TTFT: 1365.1 ms | Tokens: 1024 | Speed: 9.4 t/s | Latency: 110.33s
    [Req 300] Success | TTFT: 1356.0 ms | Tokens: 1024 | Speed: 9.4 t/s | Latency: 110.33s

    [Req 224] Success | TTFT: 1189.9 ms | Tokens: 1024 | Speed: 9.38 t/s | Latency: 110.36s
    [Req 276] Success | TTFT: 1369.1 ms | Tokens: 1024 | Speed: 9.4 t/s | Latency: 110.34s
    [Req 301] Success | TTFT: 1367.2 ms | Tokens: 1024 | Speed: 9.4 t/s | Latency: 110.33s
    [Req 282] Success | TTFT: 1370.6 ms | Tokens: 1024 | Speed: 9.4 t/s | Latency: 110.34s
    [Req 217] Success | TTFT: 1195.4 ms | Tokens: 1024 | Speed: 9.38 t/s | Latency: 110.37s    [Req 280] Success | TTFT: 1379.1 ms | Tokens: 1024 | Speed: 9.4 t/s | Latency: 110.34s
    [Req 289] Success | TTFT: 1370.4 ms | Tokens: 1024 | Speed: 9.4 t/s | Latency: 110.34s
    [Req 304] Success | TTFT: 1373.0 ms | Tokens: 1024 | Speed: 9.4 t/s | Latency: 110.33s
    [Req 234] Success | TTFT: 1175.7 ms | Tokens: 1024 | Speed: 9.38 t/s | Latency: 110.36s
    [Req 319] Success | TTFT: 1357.4 ms | Tokens: 1024 | Speed: 9.4 t/s | Latency: 110.33s    [Req 312] Success | TTFT: 1368.3 ms | Tokens: 1024 | Speed: 9.4 t/s | Latency: 110.33s    [Req 259] Success | TTFT: 1172.3 ms | Tokens: 1024 | Speed: 9.38 t/s | Latency: 110.36s
    [Req 302] Success | TTFT: 1357.8 ms | Tokens: 1024 | Speed: 9.4 t/s | Latency: 110.34s
    [Req 275] Success | TTFT: 1380.3 ms | Tokens: 1024 | Speed: 9.4 t/s | Latency: 110.35s    [Req 274] Success | TTFT: 1375.7 ms | Tokens: 1024 | Speed: 9.4 t/s | Latency: 110.35s
    [Req 296] Success | TTFT: 1372.9 ms | Tokens: 1024 | Speed: 9.4 t/s | Latency: 110.35s
    [Req 325] Success | TTFT: 1348.5 ms | Tokens: 1024 | Speed: 9.4 t/s | Latency: 110.33s
    [Req 287] Success | TTFT: 1371.3 ms | Tokens: 1024 | Speed: 9.4 t/s | Latency: 110.35s
    [Req 358] Success | TTFT: 1559.6 ms | Tokens: 1024 | Speed: 9.41 t/s | Latency: 110.32s
    [Req 342] Success | TTFT: 1560.3 ms | Tokens: 1024 | Speed: 9.41 t/s | Latency: 110.33s
    [Req 321] Success | TTFT: 1366.0 ms | Tokens: 1024 | Speed: 9.4 t/s | Latency: 110.34s
    [Req 239] Success | TTFT: 1181.4 ms | Tokens: 1024 | Speed: 9.38 t/s | Latency: 110.38s
    [Req 297] Success | TTFT: 1364.0 ms | Tokens: 1024 | Speed: 9.4 t/s | Latency: 110.35s
    [Req 305] Success | TTFT: 1368.7 ms | Tokens: 1024 | Speed: 9.4 t/s | Latency: 110.35s

    [Req 380] Success | TTFT: 1534.2 ms | Tokens: 1024 | Speed: 9.41 t/s | Latency: 110.32s
    [Req 311] Success | TTFT: 1363.7 ms | Tokens: 1024 | Speed: 9.4 t/s | Latency: 110.35s

    [Req 307] Success | TTFT: 1359.2 ms | Tokens: 1024 | Speed: 9.39 t/s | Latency: 110.35s
    [Req 294] Success | TTFT: 1359.5 ms | Tokens: 1024 | Speed: 9.39 t/s | Latency: 110.36s

    [Req 356] Success | TTFT: 1544.1 ms | Tokens: 1024 | Speed: 9.41 t/s | Latency: 110.34s
    [Req 364] Success | TTFT: 1541.4 ms | Tokens: 1024 | Speed: 9.41 t/s | Latency: 110.33s

    [Req 279] Success | TTFT: 1379.0 ms | Tokens: 1024 | Speed: 9.4 t/s | Latency: 110.37s
    [Req 365] Success | TTFT: 1539.8 ms | Tokens: 1024 | Speed: 9.41 t/s | Latency: 110.34s    [Req 227] Success | TTFT: 1185.1 ms | Tokens: 1024 | Speed: 9.38 t/s | Latency: 110.39s
    [Req 340] Success | TTFT: 1551.2 ms | Tokens: 1024 | Speed: 9.41 t/s | Latency: 110.35s
    [Req 377] Success | TTFT: 1544.5 ms | Tokens: 1024 | Speed: 9.41 t/s | Latency: 110.33s
    [Req 237] Success | TTFT: 1187.7 ms | Tokens: 1024 | Speed: 9.38 t/s | Latency: 110.39s
    [Req 322] Success | TTFT: 1357.6 ms | Tokens: 1024 | Speed: 9.39 t/s | Latency: 110.36s
    [Req 326] Success | TTFT: 1566.7 ms | Tokens: 1024 | Speed: 9.41 t/s | Latency: 110.36s
    [Req 337] Success | TTFT: 1561.2 ms | Tokens: 1024 | Speed: 9.41 t/s | Latency: 110.35s
    [Req 292] Success | TTFT: 1369.4 ms | Tokens: 1024 | Speed: 9.39 t/s | Latency: 110.38s
    [Req 316] Success | TTFT: 1365.5 ms | Tokens: 1024 | Speed: 9.39 t/s | Latency: 110.37s
    [Req 286] Success | TTFT: 1369.6 ms | Tokens: 1024 | Speed: 9.39 t/s | Latency: 110.38s
    [Req 369] Success | TTFT: 1546.2 ms | Tokens: 1024 | Speed: 9.41 t/s | Latency: 110.35s
    [Req 293] Success | TTFT: 1369.5 ms | Tokens: 1024 | Speed: 9.39 t/s | Latency: 110.38s
    [Req 357] Success | TTFT: 1542.0 ms | Tokens: 1024 | Speed: 9.41 t/s | Latency: 110.35s
    [Req 323] Success | TTFT: 1362.9 ms | Tokens: 1024 | Speed: 9.39 t/s | Latency: 110.37s
    [Req 338] Success | TTFT: 1554.3 ms | Tokens: 1024 | Speed: 9.41 t/s | Latency: 110.36s
    [Req 361] Success | TTFT: 1549.8 ms | Tokens: 1024 | Speed: 9.41 t/s | Latency: 110.35s
    [Req 320] Success | TTFT: 1365.7 ms | Tokens: 1024 | Speed: 9.39 t/s | Latency: 110.37s
    [Req 367] Success | TTFT: 1554.3 ms | Tokens: 1024 | Speed: 9.41 t/s | Latency: 110.35s    [Req 303] Success | TTFT: 1367.6 ms | Tokens: 1024 | Speed: 9.39 t/s | Latency: 110.38s
    [Req 348] Success | TTFT: 1547.5 ms | Tokens: 1024 | Speed: 9.41 t/s | Latency: 110.36s
    [Req 376] Success | TTFT: 1550.8 ms | Tokens: 1024 | Speed: 9.41 t/s | Latency: 110.35s
    [Req 229] Success | TTFT: 1176.1 ms | Tokens: 1024 | Speed: 9.37 t/s | Latency: 110.42s    [Req 375] Success | TTFT: 1554.2 ms | Tokens: 1024 | Speed: 9.41 t/s | Latency: 110.36s
    [Req 295] Success | TTFT: 1365.6 ms | Tokens: 1024 | Speed: 9.39 t/s | Latency: 110.39s    [Req 339] Success | TTFT: 1559.8 ms | Tokens: 1024 | Speed: 9.41 t/s | Latency: 110.37s
    [Req 344] Success | TTFT: 1566.6 ms | Tokens: 1024 | Speed: 9.41 t/s | Latency: 110.37s
    [Req 318] Success | TTFT: 1362.4 ms | Tokens: 1024 | Speed: 9.39 t/s | Latency: 110.38s
    [Req 299] Success | TTFT: 1373.8 ms | Tokens: 1024 | Speed: 9.39 t/s | Latency: 110.39s
    [Req 334] Success | TTFT: 1563.5 ms | Tokens: 1024 | Speed: 9.41 t/s | Latency: 110.38s
    [Req 368] Success | TTFT: 1556.1 ms | Tokens: 1024 | Speed: 9.41 t/s | Latency: 110.37s
    [Req 401] Success | TTFT: 1742.1 ms | Tokens: 1024 | Speed: 9.43 t/s | Latency: 110.35s
    [Req 327] Success | TTFT: 1568.5 ms | Tokens: 1024 | Speed: 9.41 t/s | Latency: 110.39s
    [Req 389] Success | TTFT: 1747.2 ms | Tokens: 1024 | Speed: 9.43 t/s | Latency: 110.36s
    [Req 427] Success | TTFT: 1721.7 ms | Tokens: 1024 | Speed: 9.43 t/s | Latency: 110.35s
    [Req 420] Success | TTFT: 1739.3 ms | Tokens: 1024 | Speed: 9.43 t/s | Latency: 110.35s    [Req 417] Success | TTFT: 1734.7 ms | Tokens: 1024 | Speed: 9.43 t/s | Latency: 110.35s
    [Req 343] Success | TTFT: 1562.3 ms | Tokens: 1024 | Speed: 9.41 t/s | Latency: 110.38s
    [Req 406] Success | TTFT: 1741.2 ms | Tokens: 1024 | Speed: 9.43 t/s | Latency: 110.36s

    [Req 422] Success | TTFT: 1741.3 ms | Tokens: 1024 | Speed: 9.43 t/s | Latency: 110.35s
    [Req 336] Success | TTFT: 1567.8 ms | Tokens: 1024 | Speed: 9.41 t/s | Latency: 110.39s
    [Req 425] Success | TTFT: 1730.7 ms | Tokens: 1024 | Speed: 9.43 t/s | Latency: 110.35s
    [Req 283] Success | TTFT: 1380.1 ms | Tokens: 1024 | Speed: 9.39 t/s | Latency: 110.41s
    [Req 341] Success | TTFT: 1547.6 ms | Tokens: 1024 | Speed: 9.41 t/s | Latency: 110.39s
    [Req 386] Success | TTFT: 1743.9 ms | Tokens: 1024 | Speed: 9.43 t/s | Latency: 110.37s
    [Req 353] Success | TTFT: 1550.9 ms | Tokens: 1024 | Speed: 9.41 t/s | Latency: 110.39s

    [Req 309] Success | TTFT: 1357.1 ms | Tokens: 1024 | Speed: 9.39 t/s | Latency: 110.41s

    [Req 335] Success | TTFT: 1565.5 ms | Tokens: 1024 | Speed: 9.41 t/s | Latency: 110.40s
    [Req 328] Success | TTFT: 1562.8 ms | Tokens: 1024 | Speed: 9.41 t/s | Latency: 110.40s
    [Req 347] Success | TTFT: 1552.5 ms | Tokens: 1024 | Speed: 9.41 t/s | Latency: 110.39s
    [Req 360] Success | TTFT: 1559.4 ms | Tokens: 1024 | Speed: 9.41 t/s | Latency: 110.39s
    [Req 410] Success | TTFT: 1731.6 ms | Tokens: 1024 | Speed: 9.43 t/s | Latency: 110.37s
    [Req 409] Success | TTFT: 1741.1 ms | Tokens: 1024 | Speed: 9.43 t/s | Latency: 110.37s
    [Req 333] Success | TTFT: 1555.6 ms | Tokens: 1024 | Speed: 9.41 t/s | Latency: 110.40s
    [Req 400] Success | TTFT: 1749.5 ms | Tokens: 1024 | Speed: 9.43 t/s | Latency: 110.38s
    [Req 354] Success | TTFT: 1550.0 ms | Tokens: 1024 | Speed: 9.41 t/s | Latency: 110.40s
    [Req 388] Success | TTFT: 1758.3 ms | Tokens: 1024 | Speed: 9.43 t/s | Latency: 110.38s
    [Req 270] Success | TTFT: 1383.7 ms | Tokens: 1024 | Speed: 9.39 t/s | Latency: 110.43s

    [Req 349] Success | TTFT: 1545.1 ms | Tokens: 1024 | Speed: 9.41 t/s | Latency: 110.40s
    [Req 278] Success | TTFT: 1373.2 ms | Tokens: 1024 | Speed: 9.39 t/s | Latency: 110.43s
    [Req 378] Success | TTFT: 1540.8 ms | Tokens: 1024 | Speed: 9.41 t/s | Latency: 110.39s    [Req 345] Success | TTFT: 1560.8 ms | Tokens: 1024 | Speed: 9.41 t/s | Latency: 110.41s
    [Req 231] Success | TTFT: 1186.2 ms | Tokens: 1024 | Speed: 9.37 t/s | Latency: 110.45s
    [Req 411] Success | TTFT: 1727.6 ms | Tokens: 1024 | Speed: 9.42 t/s | Latency: 110.38s
    [Req 314] Success | TTFT: 1355.3 ms | Tokens: 1024 | Speed: 9.39 t/s | Latency: 110.42s
    [Req 359] Success | TTFT: 1552.7 ms | Tokens: 1024 | Speed: 9.41 t/s | Latency: 110.40s    [Req 362] Success | TTFT: 1542.9 ms | Tokens: 1024 | Speed: 9.41 t/s | Latency: 110.40s
    [Req 426] Success | TTFT: 1739.5 ms | Tokens: 1024 | Speed: 9.43 t/s | Latency: 110.38s
    [Req 397] Success | TTFT: 1748.3 ms | Tokens: 1024 | Speed: 9.43 t/s | Latency: 110.39s
    [Req 398] Success | TTFT: 1754.8 ms | Tokens: 1024 | Speed: 9.43 t/s | Latency: 110.39s

    [Req 241] Success | TTFT: 1188.0 ms | Tokens: 1024 | Speed: 9.37 t/s | Latency: 110.46s
    [Req 332] Success | TTFT: 1555.7 ms | Tokens: 1024 | Speed: 9.41 t/s | Latency: 110.42s    [Req 352] Success | TTFT: 1563.6 ms | Tokens: 1024 | Speed: 9.41 t/s | Latency: 110.41s
    [Req 423] Success | TTFT: 1740.4 ms | Tokens: 1024 | Speed: 9.43 t/s | Latency: 110.39s
    [Req 271] Success | TTFT: 1375.1 ms | Tokens: 1024 | Speed: 9.39 t/s | Latency: 110.45s
    [Req 465] Success | TTFT: 1938.8 ms | Tokens: 1024 | Speed: 9.44 t/s | Latency: 110.37s

    [Req 477] Success | TTFT: 1922.8 ms | Tokens: 1024 | Speed: 9.44 t/s | Latency: 110.37s
    [Req 385] Success | TTFT: 1752.2 ms | Tokens: 1024 | Speed: 9.42 t/s | Latency: 110.41s    [Req 445] Success | TTFT: 1934.5 ms | Tokens: 1024 | Speed: 9.44 t/s | Latency: 110.38s
    [Req 463] Success | TTFT: 1941.3 ms | Tokens: 1024 | Speed: 9.44 t/s | Latency: 110.37s    [Req 350] Success | TTFT: 1560.3 ms | Tokens: 1024 | Speed: 9.41 t/s | Latency: 110.42s

    [Req 450] Success | TTFT: 1928.2 ms | Tokens: 1024 | Speed: 9.44 t/s | Latency: 110.38s    [Req 394] Success | TTFT: 1741.1 ms | Tokens: 1024 | Speed: 9.42 t/s | Latency: 110.41s
    [Req 456] Success | TTFT: 1941.0 ms | Tokens: 1024 | Speed: 9.44 t/s | Latency: 110.38s
    [Req 451] Success | TTFT: 1924.9 ms | Tokens: 1024 | Speed: 9.44 t/s | Latency: 110.38s
    [Req 366] Success | TTFT: 1556.6 ms | Tokens: 1024 | Speed: 9.41 t/s | Latency: 110.42s

    [Req 484] Success | TTFT: 1931.3 ms | Tokens: 1024 | Speed: 9.44 t/s | Latency: 110.37s
    [Req 448] Success | TTFT: 1945.8 ms | Tokens: 1024 | Speed: 9.44 t/s | Latency: 110.39s
    [Req 373] Success | TTFT: 1534.7 ms | Tokens: 1024 | Speed: 9.4 t/s | Latency: 110.42s    [Req 491] Success | TTFT: 1905.6 ms | Tokens: 1024 | Speed: 9.44 t/s | Latency: 110.37s
    [Req 399] Success | TTFT: 1756.1 ms | Tokens: 1024 | Speed: 9.42 t/s | Latency: 110.41s
    [Req 396] Success | TTFT: 1746.2 ms | Tokens: 1024 | Speed: 9.42 t/s | Latency: 110.42s
    [Req 421] Success | TTFT: 1730.0 ms | Tokens: 1024 | Speed: 9.42 t/s | Latency: 110.41s
    [Req 473] Success | TTFT: 1934.2 ms | Tokens: 1024 | Speed: 9.44 t/s | Latency: 110.38s
    [Req 429] Success | TTFT: 1729.5 ms | Tokens: 1024 | Speed: 9.42 t/s | Latency: 110.40s

    [Req 374] Success | TTFT: 1549.8 ms | Tokens: 1024 | Speed: 9.41 t/s | Latency: 110.43s

    [Req 370] Success | TTFT: 1542.2 ms | Tokens: 1024 | Speed: 9.4 t/s | Latency: 110.43s    [Req 412] Success | TTFT: 1746.3 ms | Tokens: 1024 | Speed: 9.42 t/s | Latency: 110.41s
    [Req 393] Success | TTFT: 1747.1 ms | Tokens: 1024 | Speed: 9.42 t/s | Latency: 110.42s

    [Req 415] Success | TTFT: 1750.5 ms | Tokens: 1024 | Speed: 9.42 t/s | Latency: 110.41s    [Req 437] Success | TTFT: 1725.2 ms | Tokens: 1024 | Speed: 9.42 t/s | Latency: 110.41s

    [Req 424] Success | TTFT: 1746.6 ms | Tokens: 1024 | Speed: 9.42 t/s | Latency: 110.41s
    [Req 428] Success | TTFT: 1736.3 ms | Tokens: 1024 | Speed: 9.42 t/s | Latency: 110.41s
    [Req 313] Success | TTFT: 1362.2 ms | Tokens: 1024 | Speed: 9.39 t/s | Latency: 110.46s
    [Req 351] Success | TTFT: 1560.6 ms | Tokens: 1024 | Speed: 9.4 t/s | Latency: 110.45s
    [Req 447] Success | TTFT: 1942.6 ms | Tokens: 1024 | Speed: 9.44 t/s | Latency: 110.41s
    [Req 392] Success | TTFT: 1756.0 ms | Tokens: 1024 | Speed: 9.42 t/s | Latency: 110.43s
    [Req 363] Success | TTFT: 1550.2 ms | Tokens: 1024 | Speed: 9.4 t/s | Latency: 110.44s
    [Req 387] Success | TTFT: 1742.0 ms | Tokens: 1024 | Speed: 9.42 t/s | Latency: 110.44s
    [Req 500] Success | TTFT: 2017.4 ms | Tokens: 1024 | Speed: 9.45 t/s | Latency: 110.39s
    [Req 468] Success | TTFT: 1921.0 ms | Tokens: 1024 | Speed: 9.44 t/s | Latency: 110.40s
    [Req 310] Success | TTFT: 1360.8 ms | Tokens: 1024 | Speed: 9.39 t/s | Latency: 110.47s


    [Req 469] Success | TTFT: 1935.0 ms | Tokens: 1024 | Speed: 9.44 t/s | Latency: 110.40s
    [Req 490] Success | TTFT: 1908.5 ms | Tokens: 1024 | Speed: 9.44 t/s | Latency: 110.40s    [Req 431] Success | TTFT: 1741.2 ms | Tokens: 1024 | Speed: 9.42 t/s | Latency: 110.42s    [Req 498] Success | TTFT: 2011.8 ms | Tokens: 1024 | Speed: 9.45 t/s | Latency: 110.39s    [Req 383] Success | TTFT: 1763.2 ms | Tokens: 1024 | Speed: 9.42 t/s | Latency: 110.44s
    [Req 371] Success | TTFT: 1549.8 ms | Tokens: 1024 | Speed: 9.4 t/s | Latency: 110.45s
    [Req 476] Success | TTFT: 1927.2 ms | Tokens: 1024 | Speed: 9.44 t/s | Latency: 110.41s
    [Req 487] Success | TTFT: 1928.0 ms | Tokens: 1024 | Speed: 9.44 t/s | Latency: 110.40s

    [Req 474] Success | TTFT: 1914.3 ms | Tokens: 1024 | Speed: 9.44 t/s | Latency: 110.41s

    [Req 435] Success | TTFT: 1718.8 ms | Tokens: 1024 | Speed: 9.42 t/s | Latency: 110.43s
    [Req 346] Success | TTFT: 1552.5 ms | Tokens: 1024 | Speed: 9.4 t/s | Latency: 110.47s
    [Req 402] Success | TTFT: 1739.1 ms | Tokens: 1024 | Speed: 9.42 t/s | Latency: 110.44s
    [Req 440] Success | TTFT: 1951.8 ms | Tokens: 1024 | Speed: 9.44 t/s | Latency: 110.43s

    [Req 413] Success | TTFT: 1733.8 ms | Tokens: 1024 | Speed: 9.42 t/s | Latency: 110.44s
    [Req 439] Success | TTFT: 1953.1 ms | Tokens: 1024 | Speed: 9.44 t/s | Latency: 110.43s
    [Req 495] Success | TTFT: 2028.9 ms | Tokens: 1024 | Speed: 9.45 t/s | Latency: 110.41s
    [Req 501] Success | TTFT: 2026.8 ms | Tokens: 1024 | Speed: 9.45 t/s | Latency: 110.40s
    [Req 467] Success | TTFT: 1927.3 ms | Tokens: 1024 | Speed: 9.44 t/s | Latency: 110.42s
    [Req 464] Success | TTFT: 1940.4 ms | Tokens: 1024 | Speed: 9.44 t/s | Latency: 110.42s
    [Req 381] Success | TTFT: 1534.5 ms | Tokens: 1024 | Speed: 9.4 t/s | Latency: 110.46s
    [Req 499] Success | TTFT: 2017.0 ms | Tokens: 1024 | Speed: 9.45 t/s | Latency: 110.41s
    [Req 470] Success | TTFT: 1932.3 ms | Tokens: 1024 | Speed: 9.44 t/s | Latency: 110.42s
    [Req 458] Success | TTFT: 1931.0 ms | Tokens: 1024 | Speed: 9.44 t/s | Latency: 110.43s

    [Req 507] Success | TTFT: 2005.9 ms | Tokens: 1024 | Speed: 9.45 t/s | Latency: 110.41s
    [Req 488] Success | TTFT: 1928.2 ms | Tokens: 1024 | Speed: 9.44 t/s | Latency: 110.42s
    [Req 436] Success | TTFT: 1729.6 ms | Tokens: 1024 | Speed: 9.42 t/s | Latency: 110.44s
    [Req 379] Success | TTFT: 1541.4 ms | Tokens: 1024 | Speed: 9.4 t/s | Latency: 110.47s
    [Req 461] Success | TTFT: 1935.3 ms | Tokens: 1024 | Speed: 9.44 t/s | Latency: 110.43s
    [Req 497] Success | TTFT: 2028.4 ms | Tokens: 1024 | Speed: 9.45 t/s | Latency: 110.42s
    [Req 472] Success | TTFT: 1934.2 ms | Tokens: 1024 | Speed: 9.44 t/s | Latency: 110.43s
    [Req 505] Success | TTFT: 2022.0 ms | Tokens: 1024 | Speed: 9.45 t/s | Latency: 110.41s
    [Req 416] Success | TTFT: 1745.2 ms | Tokens: 1024 | Speed: 9.42 t/s | Latency: 110.46s
    [Req 460] Success | TTFT: 1925.1 ms | Tokens: 1024 | Speed: 9.44 t/s | Latency: 110.44s
    [Req 329] Success | TTFT: 1572.8 ms | Tokens: 1024 | Speed: 9.4 t/s | Latency: 110.49s
    [Req 418] Success | TTFT: 1727.7 ms | Tokens: 1024 | Speed: 9.42 t/s | Latency: 110.46s
    [Req 249] Success | TTFT: 1184.0 ms | Tokens: 1024 | Speed: 9.36 t/s | Latency: 110.53s
    [Req 496] Success | TTFT: 2029.8 ms | Tokens: 1024 | Speed: 9.45 t/s | Latency: 110.42s
    [Req 408] Success | TTFT: 1751.6 ms | Tokens: 1024 | Speed: 9.42 t/s | Latency: 110.46s
    [Req 446] Success | TTFT: 1941.0 ms | Tokens: 1024 | Speed: 9.44 t/s | Latency: 110.45s
    [Req 485] Success | TTFT: 1917.6 ms | Tokens: 1024 | Speed: 9.44 t/s | Latency: 110.43s
    [Req 506] Success | TTFT: 2011.5 ms | Tokens: 1024 | Speed: 9.45 t/s | Latency: 110.42s
    [Req 407] Success | TTFT: 1746.6 ms | Tokens: 1024 | Speed: 9.42 t/s | Latency: 110.47s
    [Req 511] Success | TTFT: 2011.2 ms | Tokens: 1024 | Speed: 9.45 t/s | Latency: 110.42s
    [Req 481] Success | TTFT: 1916.7 ms | Tokens: 1024 | Speed: 9.44 t/s | Latency: 110.44s
    [Req 478] Success | TTFT: 1926.1 ms | Tokens: 1024 | Speed: 9.44 t/s | Latency: 110.44s    [Req 493] Success | TTFT: 1917.3 ms | Tokens: 1024 | Speed: 9.44 t/s | Latency: 110.43s
    [Req 434] Success | TTFT: 1737.0 ms | Tokens: 1024 | Speed: 9.42 t/s | Latency: 110.46s
    [Req 384] Success | TTFT: 1761.4 ms | Tokens: 1024 | Speed: 9.42 t/s | Latency: 110.48s
    [Req 489] Success | TTFT: 1912.9 ms | Tokens: 1024 | Speed: 9.44 t/s | Latency: 110.44s
    [Req 457] Success | TTFT: 1926.5 ms | Tokens: 1024 | Speed: 9.44 t/s | Latency: 110.45s
    [Req 382] Success | TTFT: 1762.4 ms | Tokens: 1024 | Speed: 9.42 t/s | Latency: 110.49s
    [Req 492] Success | TTFT: 1917.0 ms | Tokens: 1024 | Speed: 9.44 t/s | Latency: 110.44s    [Req 433] Success | TTFT: 1726.4 ms | Tokens: 1024 | Speed: 9.42 t/s | Latency: 110.47s
    [Req 432] Success | TTFT: 1738.3 ms | Tokens: 1024 | Speed: 9.42 t/s | Latency: 110.47s
    [Req 504] Success | TTFT: 2020.3 ms | Tokens: 1024 | Speed: 9.45 t/s | Latency: 110.44s
    [Req 454] Success | TTFT: 1936.4 ms | Tokens: 1024 | Speed: 9.44 t/s | Latency: 110.46s
    [Req 355] Success | TTFT: 1549.3 ms | Tokens: 1024 | Speed: 9.4 t/s | Latency: 110.50s
    [Req 372] Success | TTFT: 1539.6 ms | Tokens: 1024 | Speed: 9.4 t/s | Latency: 110.50s
    [Req 502] Success | TTFT: 2012.7 ms | Tokens: 1024 | Speed: 9.44 t/s | Latency: 110.44s
    [Req 449] Success | TTFT: 1929.2 ms | Tokens: 1024 | Speed: 9.43 t/s | Latency: 110.47s
    [Req 486] Success | TTFT: 1923.1 ms | Tokens: 1024 | Speed: 9.44 t/s | Latency: 110.45s
    [Req 430] Success | TTFT: 1734.2 ms | Tokens: 1024 | Speed: 9.42 t/s | Latency: 110.48s
    [Req 443] Success | TTFT: 1928.2 ms | Tokens: 1024 | Speed: 9.43 t/s | Latency: 110.47s


    [Req 510] Success | TTFT: 2006.9 ms | Tokens: 1024 | Speed: 9.44 t/s | Latency: 110.44s
    [Req 479] Success | TTFT: 1926.4 ms | Tokens: 1024 | Speed: 9.44 t/s | Latency: 110.46s
    [Req 475] Success | TTFT: 1920.4 ms | Tokens: 1024 | Speed: 9.43 t/s | Latency: 110.46s
    [Req 330] Success | TTFT: 1563.1 ms | Tokens: 1024 | Speed: 9.4 t/s | Latency: 110.52s
    [Req 390] Success | TTFT: 1751.6 ms | Tokens: 1024 | Speed: 9.42 t/s | Latency: 110.50s

    [Req 414] Success | TTFT: 1745.0 ms | Tokens: 1024 | Speed: 9.42 t/s | Latency: 110.49s
    [Req 494] Success | TTFT: 2025.8 ms | Tokens: 1024 | Speed: 9.44 t/s | Latency: 110.45s
    [Req 455] Success | TTFT: 1943.4 ms | Tokens: 1024 | Speed: 9.44 t/s | Latency: 110.47s
    [Req 471] Success | TTFT: 1917.6 ms | Tokens: 1024 | Speed: 9.43 t/s | Latency: 110.47s
    [Req 483] Success | TTFT: 1911.4 ms | Tokens: 1024 | Speed: 9.43 t/s | Latency: 110.46s
    [Req 331] Success | TTFT: 1561.0 ms | Tokens: 1024 | Speed: 9.4 t/s | Latency: 110.53s
    [Req 509] Success | TTFT: 2023.2 ms | Tokens: 1024 | Speed: 9.44 t/s | Latency: 110.45s
    [Req 503] Success | TTFT: 2025.8 ms | Tokens: 1024 | Speed: 9.44 t/s | Latency: 110.45s
    [Req 391] Success | TTFT: 1761.2 ms | Tokens: 1024 | Speed: 9.42 t/s | Latency: 110.51s
    [Req 459] Success | TTFT: 1919.5 ms | Tokens: 1024 | Speed: 9.43 t/s | Latency: 110.48s

    [Req 453] Success | TTFT: 1934.6 ms | Tokens: 1024 | Speed: 9.43 t/s | Latency: 110.48s
    [Req 482] Success | TTFT: 1914.2 ms | Tokens: 1024 | Speed: 9.43 t/s | Latency: 110.47s
    [Req 480] Success | TTFT: 1931.7 ms | Tokens: 1024 | Speed: 9.43 t/s | Latency: 110.47s
    [Req 441] Success | TTFT: 1933.8 ms | Tokens: 1024 | Speed: 9.43 t/s | Latency: 110.49s
    [Req 452] Success | TTFT: 1932.7 ms | Tokens: 1024 | Speed: 9.43 t/s | Latency: 110.48s
    [Req 508] Success | TTFT: 2014.7 ms | Tokens: 1024 | Speed: 9.44 t/s | Latency: 110.46s
    [Req 442] Success | TTFT: 1929.3 ms | Tokens: 1024 | Speed: 9.43 t/s | Latency: 110.49s
    [Req 405] Success | TTFT: 1744.4 ms | Tokens: 1024 | Speed: 9.42 t/s | Latency: 110.51s
  ✨ Done C=512 | Tok/s: 4710.94 | Req/s:  4.62 | TTFT: 1227.9ms | Stream:  9.39 t/s | Latency: 109.76s
📄 Markdown report generated: /results/benchmark_sweep_report.md

================================================================================
🏆 ALL BENCHMARK SWEEPS COMPLETED SUCCESSFULLY!
📁 Reports saved to /results
================================================================================
